order_id,customer_id,order_date,category,quantity,unit_price,revenue,margin,discount,returned,region,channel,segment
O006945,C1388,2024-05-21,Sports,1,108.38,108.38,41.18,0.0,False,East,Online,Regular
O006552,C1308,2024-06-16,Beauty,2,15.22,30.43,18.87,4.56,True,West,App,Premium
O000060,C0011,2024-05-24,Beauty,1,6.58,6.58,4.08,0.0,False,East,App,Regular
O000851,C0154,2023-02-03,Home & Kitchen,1,55.69,47.33,19.88,2.37,False,North,Online,Regular
O006252,C1236,2023-05-26,Clothing,1,11.04,11.04,6.07,0.0,False,South,App,Regular
O004939,C0985,2023-12-03,Home & Kitchen,2,141.46,367.8,154.48,36.78,False,South,App,Regular
O003429,C0685,2024-05-31,Clothing,1,140.07,140.07,77.04,0.0,False,Central,Retail,Regular
O007744,C1537,2023-06-20,Sports,1,146.91,146.91,55.83,14.69,False,East,Online,Premium
O007043,C1406,2024-06-11,Electronics,1,329.25,329.25,72.44,65.85,False,East,App,Regular
O005825,C1147,2023-09-09,Sports,1,279.85,279.85,106.34,13.99,False,South,Online,Premium
O006819,C1362,2023-02-26,Beauty,1,56.82,48.3,29.95,0.0,False,South,Partner,Premium
O001515,C0288,2023-06-22,Electronics,2,474.51,949.01,208.78,94.9,False,Central,Online,Regular
O006186,C1223,2024-01-26,Sports,2,137.68,234.06,88.94,0.0,False,West,Online,Regular
O004302,C0866,2023-07-16,Electronics,1,272.67,272.67,59.99,13.63,False,Central,App,Premium
O008246,C1645,2023-12-19,Beauty,1,86.85,112.9,70.0,0.0,False,North,App,Regular
O007388,C1464,2024-10-10,Sports,1,121.73,121.73,46.26,24.35,False,East,App,Premium
O002582,C0516,2024-11-20,Beauty,1,32.13,41.77,25.9,6.27,False,South,Partner,Occasional
O006246,C1235,2023-03-26,Clothing,1,104.39,104.39,57.41,0.0,False,North,Partner,Regular
O000656,C0122,2023-05-16,Beauty,1,36.32,36.32,22.52,0.0,False,South,Retail,Premium
O004342,C0874,2024-06-11,Sports,1,106.81,106.81,40.59,10.68,False,North,Partner,Regular
O002714,C0540,2024-09-18,Electronics,1,350.48,350.48,77.11,35.05,False,North,Online,Regular
O001714,C0329,2024-05-31,Beauty,2,60.71,121.42,75.28,0.0,False,West,Online,Regular
O003343,C0663,2023-05-10,Home & Kitchen,1,5.0,5.0,2.1,0.0,False,South,Online,Premium
O008051,C1599,2024-07-24,Beauty,1,29.86,29.86,18.51,2.99,False,West,App,Regular
O001402,C0264,2023-07-25,Beauty,1,27.39,27.39,16.98,5.48,False,Central,Partner,Premium
O006472,C1292,2023-04-28,Home & Kitchen,1,101.23,101.23,42.52,0.0,False,South,App,Premium
O009112,C1834,2024-08-02,Beauty,1,75.16,75.16,46.6,15.03,False,East,Online,Regular
O006218,C1229,2023-06-12,Clothing,1,84.83,84.83,46.66,4.24,False,South,Partner,Premium
O000585,C0109,2024-06-23,Sports,1,136.5,136.5,51.87,0.0,False,North,Online,Premium
O007369,C1460,2023-05-27,Electronics,1,5.0,5.0,1.1,0.0,False,North,App,Regular
O005028,C1002,2023-10-29,Home & Kitchen,1,86.16,86.16,36.19,0.0,False,East,App,Premium
O000196,C0039,2023-09-11,Sports,1,153.58,153.58,58.36,0.0,False,West,App,Regular
O009504,C1910,2024-04-25,Electronics,1,140.13,140.13,30.83,0.0,True,North,Partner,Occasional
O009003,C1813,2024-02-06,Electronics,1,457.07,388.51,85.47,0.0,False,North,App,Occasional
O007450,C1475,2024-11-14,Beauty,1,22.58,29.35,18.2,4.4,False,South,Partner,Premium
O002009,C0384,2023-08-24,Sports,1,164.26,164.26,62.42,8.21,False,North,App,Occasional
O001398,C0264,2023-05-19,Clothing,1,64.82,64.82,35.65,12.96,False,Central,Partner,Premium
O002545,C0503,2023-06-08,Beauty,1,85.72,85.72,53.15,0.0,False,Central,Retail,Regular
O009524,C1918,2024-09-19,Sports,2,5.54,11.09,4.21,2.22,False,Central,Online,Regular
O002161,C0415,2024-08-11,Home & Kitchen,2,38.34,76.69,32.21,0.0,False,East,App,Premium
O007278,C1448,2023-08-27,Beauty,1,79.03,79.03,49.0,0.0,False,North,App,Premium
O008462,C1705,2024-08-04,Home & Kitchen,1,156.5,156.5,65.73,0.0,False,South,Online,Regular
O004479,C0903,2024-08-08,Home & Kitchen,1,159.19,159.19,66.86,0.0,True,East,Online,Regular
O007421,C1468,2024-08-08,Home & Kitchen,1,70.49,70.49,29.61,14.1,False,North,Retail,Regular
O000786,C0144,2023-03-06,Clothing,1,128.55,128.55,70.7,12.86,False,South,App,Regular
O006893,C1379,2024-11-06,Home & Kitchen,1,18.72,24.33,10.22,1.22,False,West,Online,Occasional
O003096,C0611,2024-07-19,Clothing,1,37.6,37.6,20.68,7.52,False,North,App,Regular
O000541,C0103,2024-03-03,Sports,1,44.07,44.07,16.75,0.0,False,West,App,Premium
O003694,C0742,2023-01-30,Clothing,1,64.82,55.09,30.3,8.26,False,North,App,Regular
O000710,C0130,2023-08-03,Home & Kitchen,1,85.85,85.85,36.06,4.29,False,Central,Online,Regular
O008584,C1729,2024-07-15,Electronics,1,507.31,507.31,111.61,101.46,False,Central,App,Regular
O000392,C0078,2024-03-01,Electronics,1,432.75,432.75,95.2,64.91,False,West,Online,Occasional
O000207,C0041,2024-05-24,Home & Kitchen,1,146.93,146.93,61.71,0.0,True,East,App,Premium
O005875,C1165,2023-07-05,Sports,1,158.74,158.74,60.32,23.81,False,Central,App,Regular
O003007,C0593,2023-06-24,Electronics,1,5.0,5.0,1.1,0.0,False,South,Retail,Regular
O005743,C1137,2024-10-06,Home & Kitchen,2,82.8,165.59,69.55,24.84,True,North,Online,Regular
O008585,C1730,2024-02-03,Electronics,1,401.14,340.97,75.01,68.19,False,North,App,Regular
O000073,C0013,2023-12-26,Sports,2,27.77,72.2,27.44,3.61,False,North,Online,Premium
O002575,C0513,2023-02-25,Home & Kitchen,2,131.08,222.83,93.59,0.0,False,East,Online,Occasional
O001900,C0361,2023-12-19,Sports,1,185.89,241.65,91.83,0.0,False,North,Online,Regular
O006744,C1347,2024-07-23,Beauty,2,38.2,76.4,47.37,0.0,False,East,Retail,Occasional
O008242,C1644,2023-09-01,Sports,1,5.0,5.0,1.9,0.0,False,South,Online,Premium
O008376,C1686,2023-09-02,Home & Kitchen,1,70.63,70.63,29.66,0.0,False,South,Online,Regular
O004289,C0864,2024-05-14,Clothing,1,98.14,98.14,53.98,0.0,True,Central,Online,Regular
O002364,C0464,2023-03-12,Home & Kitchen,1,78.32,78.32,32.89,0.0,False,North,Retail,Premium
O003171,C0629,2024-06-29,Home & Kitchen,1,51.33,51.33,21.56,0.0,False,North,Online,Regular
O007883,C1558,2024-06-13,Home & Kitchen,2,55.88,111.76,46.94,5.59,False,West,App,Premium
O003016,C0594,2024-04-17,Electronics,1,5.0,5.0,1.1,0.25,False,North,Partner,Regular
O002482,C0487,2024-10-19,Sports,1,34.43,34.43,13.08,6.89,False,South,Retail,Regular
O005525,C1105,2023-08-20,Beauty,1,52.62,52.62,32.62,0.0,False,South,App,Regular
O005419,C1085,2023-02-04,Home & Kitchen,1,111.48,94.76,39.8,0.0,False,South,Retail,Premium
O001788,C0340,2024-12-22,Home & Kitchen,1,59.7,77.61,32.6,11.64,False,West,Online,Premium
O002112,C0405,2024-10-13,Electronics,1,177.39,177.39,39.03,0.0,True,Central,Online,Premium
O009691,C1941,2023-06-25,Electronics,1,364.4,364.4,80.17,72.88,False,West,Online,Regular
O007457,C1475,2024-09-15,Home & Kitchen,1,132.97,132.97,55.85,0.0,False,South,Partner,Premium
O005901,C1171,2024-10-13,Home & Kitchen,1,105.01,105.01,44.1,0.0,True,Central,Online,Premium
O008455,C1704,2024-03-26,Sports,1,165.54,165.54,62.91,24.83,False,South,Online,Regular
O006385,C1273,2023-06-24,Electronics,1,391.51,391.51,86.13,0.0,False,East,Partner,Regular
O009079,C1828,2024-01-21,Sports,2,99.62,169.35,64.35,8.47,False,South,Online,Regular
O008570,C1724,2023-06-02,Beauty,1,67.88,67.88,42.09,13.58,True,West,Partner,Regular
O005633,C1120,2024-03-14,Electronics,2,316.11,632.22,139.09,0.0,False,East,Online,Regular
O003145,C0621,2023-10-15,Sports,2,60.02,120.04,45.62,0.0,False,South,Partner,Premium
O005843,C1156,2023-07-27,Beauty,1,35.31,35.31,21.89,0.0,False,Central,Online,Regular
O004138,C0831,2023-01-05,Clothing,2,5.0,8.5,4.68,0.85,False,South,Retail,Premium
O002085,C0401,2023-06-08,Clothing,1,34.73,34.73,19.1,1.74,True,North,Partner,Premium
O007104,C1415,2023-01-27,Clothing,1,5.0,4.25,2.34,0.0,True,South,Retail,Regular
O003243,C0644,2023-03-14,Clothing,1,50.95,50.95,28.02,5.1,False,North,Online,Regular
O004596,C0925,2024-06-06,Clothing,1,76.58,76.58,42.12,0.0,False,West,Partner,Premium
O004462,C0900,2024-03-09,Beauty,1,38.4,38.4,23.81,1.92,False,North,App,Regular
O007138,C1419,2023-07-20,Clothing,1,5.0,5.0,2.75,0.0,False,East,Retail,Premium
O000342,C0066,2024-05-22,Beauty,2,83.26,166.53,103.25,0.0,False,Central,Partner,Occasional
O008862,C1780,2023-03-27,Electronics,2,657.78,1315.56,289.42,0.0,False,East,App,Premium
O002039,C0391,2023-09-28,Beauty,1,47.01,47.01,29.15,0.0,False,Central,App,Premium
O001315,C0246,2023-10-03,Sports,1,90.11,90.11,34.24,9.01,False,South,Online,Regular
O004699,C0938,2024-10-03,Electronics,1,62.7,62.7,13.79,0.0,False,West,Online,Regular
O006993,C1395,2024-08-01,Clothing,1,10.51,10.51,5.78,1.05,False,North,App,Regular
O006061,C1198,2024-01-11,Beauty,1,40.18,34.15,21.17,3.42,False,West,Partner,Premium
O002927,C0573,2024-01-19,Beauty,1,19.16,16.29,10.1,3.26,False,South,App,Regular
O002094,C0402,2024-07-24,Beauty,1,22.59,22.59,14.01,1.13,False,Central,Online,Regular
O001452,C0272,2023-04-21,Sports,2,5.0,10.0,3.8,0.5,False,West,App,Occasional
O005566,C1111,2024-02-21,Home & Kitchen,1,95.94,81.55,34.25,16.31,False,West,App,Regular
O007563,C1498,2023-03-24,Electronics,1,158.94,158.94,34.97,0.0,False,North,Online,Regular
O007704,C1530,2023-10-07,Sports,1,74.11,74.11,28.16,0.0,False,South,Online,Regular
O000165,C0033,2024-10-01,Home & Kitchen,2,61.06,122.12,51.29,18.32,False,West,Online,Regular
O009103,C1833,2023-05-26,Electronics,1,344.81,344.81,75.86,0.0,False,Central,Partner,Regular
O001102,C0210,2024-04-08,Beauty,1,14.33,14.33,8.88,0.0,False,West,Online,Regular
O009085,C1829,2024-10-29,Sports,1,73.37,73.37,27.88,11.01,False,North,Online,Regular
O002885,C0569,2023-01-07,Clothing,1,41.97,35.67,19.62,0.0,False,South,Online,Premium
O006758,C1349,2024-02-22,Home & Kitchen,1,44.11,37.49,15.75,3.75,False,West,Partner,Premium
O001921,C0371,2024-09-26,Home & Kitchen,1,82.14,82.14,34.5,0.0,False,North,Online,Regular
O003114,C0614,2024-06-13,Clothing,1,26.31,26.31,14.47,0.0,False,South,Online,Occasional
O005909,C1172,2023-08-24,Sports,1,185.05,185.05,70.32,9.25,True,West,App,Regular
O001349,C0256,2024-04-14,Electronics,2,319.32,638.64,140.5,127.73,False,Central,Online,Regular
O003116,C0615,2023-04-01,Beauty,1,13.66,13.66,8.47,0.0,False,South,Retail,Occasional
O007970,C1582,2024-06-05,Sports,1,200.72,200.72,76.27,10.04,False,Central,Online,Regular
O005391,C1078,2024-07-15,Electronics,1,220.53,220.53,48.52,11.03,False,Central,Online,Occasional
O006204,C1226,2024-06-15,Beauty,1,33.95,33.95,21.05,6.79,False,East,Retail,Premium
O008000,C1587,2023-11-07,Sports,1,151.25,196.63,74.72,0.0,False,North,Online,Regular
O003953,C0797,2024-08-17,Home & Kitchen,1,24.09,24.09,10.12,4.82,False,East,Online,Regular
O005622,C1119,2023-04-14,Home & Kitchen,1,60.76,60.76,25.52,3.04,False,North,App,Premium
O001392,C0263,2024-06-12,Home & Kitchen,1,77.0,77.0,32.34,15.4,False,Central,Online,Premium
O009036,C1821,2024-12-05,Sports,1,90.18,117.24,44.55,0.0,False,West,App,Premium
O001477,C0277,2023-11-04,Sports,1,184.92,240.39,91.35,48.08,False,South,App,Regular
O004628,C0928,2024-11-18,Beauty,1,51.94,67.52,41.86,3.38,False,North,App,Regular
O002170,C0415,2023-04-30,Beauty,3,53.82,161.45,100.1,0.0,False,East,App,Premium
O008619,C1735,2023-02-26,Beauty,1,82.13,69.81,43.28,6.98,False,North,Online,Regular
O000799,C0147,2024-04-13,Electronics,3,320.63,961.89,211.62,96.19,False,East,App,Premium
O009071,C1826,2023-07-24,Sports,1,214.02,214.02,81.33,42.8,False,East,Online,Regular
O009296,C1865,2023-03-25,Beauty,2,5.0,10.0,6.2,2.0,False,East,App,Premium
O004467,C0901,2024-05-11,Electronics,1,607.3,607.3,133.61,91.09,False,North,Online,Occasional
O005420,C1085,2023-09-04,Electronics,1,471.84,471.84,103.8,23.59,False,South,Retail,Premium
O004087,C0824,2024-11-17,Beauty,2,54.54,141.8,87.92,28.36,False,Central,Retail,Premium
O007379,C1461,2024-07-27,Home & Kitchen,1,136.39,136.39,57.28,6.82,False,Central,App,Regular
O003218,C0635,2024-12-13,Electronics,3,400.76,1562.95,343.85,0.0,False,South,Online,Premium
O006127,C1207,2024-09-03,Clothing,1,61.39,61.39,33.76,0.0,False,Central,App,Regular
O007568,C1499,2024-12-02,Beauty,1,18.3,23.79,14.75,2.38,False,West,Online,Regular
O006264,C1242,2023-11-18,Beauty,1,37.39,48.6,30.13,7.29,False,South,Online,Occasional
O009612,C1931,2024-01-29,Electronics,1,292.2,248.37,54.64,49.67,False,East,Online,Premium
O006777,C1353,2023-02-22,Clothing,1,9.99,8.49,4.67,0.85,False,Central,App,Regular
O003181,C0630,2023-02-12,Electronics,2,242.77,412.71,90.8,0.0,False,South,Retail,Regular
O006365,C1268,2023-03-13,Electronics,2,426.66,853.32,187.73,42.67,False,South,Retail,Regular
O003319,C0660,2024-12-01,Clothing,1,62.08,80.71,44.39,8.07,False,North,Online,Premium
O005538,C1108,2023-06-24,Electronics,1,619.4,619.4,136.27,0.0,False,Central,Retail,Premium
O005120,C1017,2023-10-23,Electronics,1,283.08,283.08,62.28,56.62,False,West,Retail,Occasional
O003484,C0696,2024-03-09,Home & Kitchen,1,5.0,5.0,2.1,0.0,False,South,Online,Regular
O007469,C1478,2023-04-03,Clothing,2,68.96,137.92,75.86,0.0,False,East,Retail,Regular
O004131,C0831,2023-07-28,Clothing,1,55.66,55.66,30.61,11.13,False,South,Retail,Premium
O006266,C1243,2023-06-14,Beauty,1,26.29,26.29,16.3,0.0,False,West,Online,Regular
O005130,C1019,2024-03-28,Electronics,3,453.89,1361.67,299.57,204.25,False,West,App,Regular
O002514,C0493,2024-04-14,Electronics,1,207.75,207.75,45.7,31.16,False,West,App,Regular
O003651,C0730,2023-10-07,Home & Kitchen,1,26.46,26.46,11.11,0.0,False,North,Retail,Premium
O006750,C1349,2024-06-25,Sports,1,149.35,149.35,56.75,29.87,False,West,Partner,Premium
O003608,C0719,2024-01-20,Sports,2,183.76,312.39,118.71,0.0,False,West,App,Regular
O001739,C0332,2023-08-11,Electronics,1,327.52,327.52,72.05,0.0,False,West,Retail,Regular
O004734,C0948,2024-06-13,Sports,1,5.0,5.0,1.9,0.0,False,West,App,Occasional
O006582,C1314,2023-07-21,Clothing,1,53.55,53.55,29.45,2.68,False,South,App,Regular
O004333,C0873,2024-09-24,Home & Kitchen,2,58.91,117.82,49.48,0.0,False,North,Online,Premium
O007925,C1571,2023-02-11,Clothing,1,88.94,75.6,41.58,7.56,False,North,Retail,Regular
O000279,C0054,2024-09-18,Home & Kitchen,1,28.04,28.04,11.78,1.4,False,South,Online,Regular
O010010,C1996,2023-03-23,Electronics,1,96.78,96.78,21.29,0.0,False,East,Retail,Premium
O007192,C1431,2024-10-13,Sports,2,88.15,176.3,66.99,35.26,False,West,Online,Regular
O004177,C0839,2024-10-31,Sports,1,64.9,64.9,24.66,0.0,False,East,App,Regular
O001511,C0287,2023-07-01,Sports,1,61.05,61.05,23.2,0.0,False,West,App,Premium
O000042,C0007,2024-04-13,Beauty,1,49.2,49.2,30.5,0.0,False,East,App,Regular
O009867,C1969,2023-07-01,Beauty,1,28.22,28.22,17.5,0.0,False,North,Retail,Premium
O003858,C0776,2023-11-30,Electronics,1,229.32,298.12,65.59,0.0,False,South,App,Premium
O004950,C0989,2023-08-27,Sports,1,58.35,58.35,22.17,0.0,False,North,App,Regular
O004424,C0891,2023-04-24,Electronics,1,451.43,451.43,99.31,67.71,False,North,App,Premium
O005422,C1085,2024-12-05,Clothing,1,120.35,156.46,86.05,15.65,False,South,Retail,Premium
O001238,C0232,2023-07-06,Beauty,2,20.38,40.76,25.27,4.08,False,West,Online,Regular
O003600,C0718,2024-03-10,Sports,1,5.0,5.0,1.9,0.75,False,North,Partner,Premium
O009739,C1947,2023-09-08,Electronics,1,345.92,345.92,76.1,0.0,False,West,Online,Premium
O008476,C1710,2024-07-05,Beauty,2,73.92,147.83,91.65,14.78,False,Central,Retail,Regular
O000292,C0056,2024-09-16,Electronics,1,281.89,281.89,62.02,14.09,False,East,App,Regular
O004517,C0910,2024-07-28,Beauty,1,20.86,20.86,12.93,3.13,False,Central,Partner,Regular
O003066,C0601,2024-01-03,Beauty,1,49.7,42.24,26.19,0.0,False,East,Retail,Premium
O008778,C1764,2024-06-26,Sports,1,81.8,81.8,31.08,0.0,False,North,Online,Occasional
O008110,C1619,2023-12-01,Sports,1,23.99,31.18,11.85,3.12,False,North,Online,Regular
O006331,C1255,2024-12-05,Home & Kitchen,2,88.81,230.92,96.99,0.0,False,South,Online,Premium
O009313,C1866,2024-02-22,Sports,1,133.75,113.69,43.2,17.05,False,South,Online,Premium
O006456,C1289,2024-03-17,Home & Kitchen,1,145.36,145.36,61.05,14.54,False,West,App,Regular
O001058,C0202,2024-02-15,Home & Kitchen,1,57.33,48.73,20.47,0.0,False,East,Online,Regular
O002048,C0396,2024-03-05,Sports,2,114.11,228.23,86.73,45.65,False,West,Online,Occasional
O006050,C1197,2024-12-28,Electronics,1,421.38,547.79,120.51,109.56,False,North,Online,Regular
O007722,C1533,2024-05-02,Beauty,1,14.42,14.42,8.94,1.44,False,North,Online,Occasional
O000603,C0110,2023-12-06,Beauty,1,48.25,62.72,38.89,6.27,False,West,App,Regular
O006551,C1308,2023-02-12,Clothing,1,63.53,54.0,29.7,5.4,False,West,App,Premium
O007305,C1451,2023-06-24,Sports,1,163.3,163.3,62.05,24.5,False,North,App,Premium
O002608,C0521,2023-04-02,Home & Kitchen,1,112.96,112.96,47.44,0.0,False,Central,App,Premium
O009019,C1815,2024-05-17,Sports,1,145.05,145.05,55.12,0.0,False,East,Online,Regular
O001395,C0263,2023-06-12,Beauty,2,62.97,125.95,78.09,0.0,False,Central,Online,Premium
O003326,C0661,2023-10-08,Home & Kitchen,2,96.85,193.7,81.35,0.0,False,West,App,Regular
O008205,C1637,2023-05-18,Clothing,1,51.57,51.57,28.36,10.31,False,East,App,Premium
O000452,C0088,2023-08-24,Beauty,2,58.19,116.37,72.15,0.0,False,Central,Partner,Regular
O001991,C0379,2024-10-31,Beauty,1,63.31,63.31,39.25,3.17,False,West,Online,Premium
O003817,C0772,2024-04-05,Electronics,1,405.54,405.54,89.22,0.0,False,North,Retail,Regular
O006772,C1352,2023-03-14,Beauty,1,18.39,18.39,11.4,1.84,True,Central,App,Regular
O002098,C0402,2023-11-11,Beauty,1,62.02,80.62,49.98,8.06,True,Central,Online,Regular
O003895,C0785,2024-11-10,Sports,1,113.02,146.93,55.83,14.69,False,West,Online,Regular
O002341,C0461,2024-12-05,Beauty,1,57.42,74.65,46.28,3.73,False,West,Online,Regular
O009120,C1835,2024-12-31,Sports,1,184.26,239.54,91.03,0.0,False,Central,Online,Regular
O000792,C0145,2024-11-17,Sports,1,38.71,50.33,19.13,10.07,False,West,Online,Regular
O001623,C0311,2024-05-09,Home & Kitchen,2,158.55,317.1,133.18,63.42,False,West,Online,Regular
O009708,C1945,2024-01-22,Clothing,1,95.85,81.47,44.81,0.0,False,West,Online,Premium
O004054,C0821,2024-11-20,Home & Kitchen,2,156.13,405.94,170.49,20.3,False,West,Partner,Regular
O006686,C1333,2024-04-13,Electronics,1,437.39,437.39,96.23,0.0,False,East,Partner,Regular
O010002,C1994,2024-07-19,Beauty,1,69.0,69.0,42.78,0.0,False,East,Retail,Occasional
O000831,C0151,2024-03-30,Beauty,1,49.58,49.58,30.74,2.48,False,West,Online,Regular
O002539,C0502,2023-08-08,Clothing,1,72.18,72.18,39.7,14.44,False,West,Retail,Regular
O001260,C0237,2024-01-23,Clothing,1,42.48,36.11,19.86,0.0,False,East,Online,Regular
O002704,C0539,2023-05-30,Home & Kitchen,1,36.75,36.75,15.43,5.51,False,South,Online,Regular
O002951,C0577,2024-08-14,Sports,1,92.86,92.86,35.29,18.57,False,North,Online,Regular
O006060,C1198,2023-05-13,Home & Kitchen,2,57.9,115.79,48.63,5.79,False,West,Partner,Premium
O003463,C0691,2024-12-02,Electronics,1,441.22,573.59,126.19,0.0,False,West,App,Occasional
O007566,C1498,2023-04-03,Sports,2,149.27,298.55,113.45,44.78,False,North,Online,Regular
O005036,C1004,2023-02-05,Sports,1,77.55,65.91,25.05,9.89,False,East,Partner,Premium
O008882,C1788,2024-10-01,Clothing,2,73.86,147.72,81.25,0.0,False,North,App,Regular
O009206,C1847,2023-09-12,Home & Kitchen,1,101.05,101.05,42.44,0.0,False,West,Online,Premium
O006559,C1310,2024-05-25,Electronics,1,809.8,809.8,178.16,121.47,False,North,Online,Regular
O002391,C0468,2023-07-05,Clothing,1,93.96,93.96,51.68,0.0,False,West,App,Premium
O007588,C1505,2024-08-23,Sports,3,78.63,235.88,89.63,0.0,False,South,Retail,Premium
O004493,C0905,2023-12-24,Sports,1,5.0,6.5,2.47,0.0,False,South,Online,Premium
O007740,C1537,2023-11-19,Beauty,2,44.21,114.94,71.26,5.75,True,East,Online,Premium
O004435,C0892,2024-08-18,Electronics,2,146.9,293.79,64.63,29.38,False,South,App,Regular
O008536,C1718,2023-12-18,Clothing,1,75.25,97.82,53.8,0.0,False,East,App,Regular
O004960,C0992,2023-03-12,Beauty,1,55.33,55.33,34.3,2.77,False,East,Partner,Regular
O001704,C0328,2024-02-07,Sports,1,54.07,45.96,17.46,0.0,False,South,Online,Regular
O008039,C1596,2023-04-24,Sports,3,104.02,312.05,118.58,15.6,False,West,Online,Regular
O004914,C0981,2024-04-05,Clothing,1,55.31,55.31,30.42,11.06,False,North,Online,Regular
O006937,C1387,2024-07-23,Sports,1,59.88,59.88,22.75,0.0,False,Central,App,Regular
O008940,C1801,2023-06-30,Beauty,1,32.72,32.72,20.29,0.0,False,East,Online,Regular
O004756,C0952,2024-09-09,Sports,2,172.57,345.14,131.15,0.0,False,West,App,Regular
O009271,C1860,2024-02-21,Clothing,1,50.66,43.06,23.68,0.0,False,Central,Online,Regular
O006389,C1274,2024-12-05,Clothing,1,119.24,155.02,85.26,31.0,False,West,App,Regular
O005591,C1115,2024-09-13,Home & Kitchen,1,121.84,121.84,51.17,6.09,False,Central,Retail,Regular
O009200,C1846,2023-12-02,Sports,1,74.67,97.07,36.89,4.85,False,North,App,Premium
O008730,C1756,2023-01-18,Beauty,2,38.35,65.19,40.42,6.52,False,Central,Online,Premium
O001187,C0226,2023-02-27,Home & Kitchen,1,124.18,105.55,44.33,21.11,True,South,Online,Regular
O009135,C1837,2023-09-03,Electronics,1,497.75,497.75,109.5,0.0,False,East,Online,Regular
O002531,C0498,2023-09-18,Sports,1,122.09,122.09,46.39,0.0,False,East,App,Regular
O008732,C1756,2023-11-26,Electronics,1,451.93,587.51,129.25,0.0,False,Central,Online,Premium
O001428,C0267,2024-10-29,Home & Kitchen,1,56.0,56.0,23.52,2.8,False,South,App,Premium
O002194,C0423,2023-09-13,Beauty,1,25.77,25.77,15.98,5.15,False,West,Online,Regular
O004848,C0965,2023-10-02,Electronics,3,344.02,1032.07,227.06,103.21,False,North,Online,Regular
O009825,C1962,2023-11-04,Electronics,2,403.43,1048.91,230.76,52.45,False,Central,Online,Regular
O008077,C1607,2023-12-01,Clothing,1,51.2,66.56,36.61,13.31,False,North,Online,Regular
O006401,C1278,2023-06-01,Beauty,1,34.9,34.9,21.64,6.98,False,South,App,Regular
O000066,C0012,2023-10-28,Home & Kitchen,1,202.51,202.51,85.05,0.0,False,Central,Retail,Regular
O008546,C1719,2023-12-14,Clothing,1,110.49,143.64,79.0,7.18,False,East,Online,Regular
O000065,C0012,2023-07-04,Electronics,1,286.33,286.33,62.99,28.63,False,Central,Retail,Regular
O000857,C0155,2023-12-26,Clothing,1,77.98,101.37,55.75,20.27,True,South,Online,Regular
O007700,C1528,2024-05-28,Electronics,1,443.88,443.88,97.65,66.58,True,West,Retail,Occasional
O006255,C1237,2024-05-21,Sports,1,95.66,95.66,36.35,19.13,False,North,Online,Regular
O004497,C0905,2024-04-08,Home & Kitchen,1,187.3,187.3,78.67,0.0,False,South,Online,Premium
O005616,C1119,2024-09-22,Clothing,1,49.45,49.45,27.2,2.47,False,North,App,Premium
O001233,C0232,2024-12-06,Electronics,2,95.15,247.39,54.43,0.0,False,West,Online,Regular
O008374,C1686,2024-08-12,Sports,2,207.13,414.26,157.42,0.0,False,South,Online,Regular
O008316,C1667,2023-09-12,Sports,1,68.37,68.37,25.98,13.67,True,North,Online,Regular
O007404,C1466,2023-07-15,Clothing,2,113.15,226.31,124.47,11.32,False,East,Online,Premium
O006429,C1285,2023-11-16,Sports,1,190.6,247.78,94.16,37.17,False,East,Online,Premium
O008527,C1717,2024-10-26,Electronics,1,456.64,456.64,100.46,22.83,False,Central,Online,Regular
O006707,C1336,2023-05-24,Home & Kitchen,1,10.54,10.54,4.43,0.0,False,West,App,Regular
O006708,C1336,2024-11-05,Sports,2,169.99,441.96,167.94,0.0,False,West,App,Regular
O002488,C0490,2023-08-15,Electronics,1,223.84,223.84,49.24,22.38,False,East,Partner,Premium
O000054,C0008,2023-10-07,Sports,1,131.25,131.25,49.88,0.0,True,West,Online,Premium
O005870,C1165,2024-01-05,Electronics,1,143.68,122.13,26.87,0.0,False,Central,App,Regular
O008019,C1591,2024-07-25,Clothing,2,39.21,78.41,43.13,7.84,False,Central,App,Premium
O000923,C0174,2023-02-23,Beauty,1,69.45,59.04,36.6,2.95,False,South,Retail,Regular
O007037,C1404,2024-04-26,Electronics,1,303.51,303.51,66.77,45.53,False,North,Online,Premium
O008226,C1641,2024-11-06,Sports,1,195.99,254.78,96.82,0.0,False,East,App,Occasional
O007665,C1522,2024-07-01,Beauty,1,36.32,36.32,22.52,0.0,False,North,App,Premium
O003816,C0771,2023-05-02,Electronics,2,599.55,1199.1,263.8,59.96,False,West,Partner,Regular
O002384,C0468,2024-04-19,Beauty,2,26.93,53.85,33.39,8.08,False,West,App,Premium
O003485,C0697,2023-02-25,Clothing,1,33.34,28.34,15.59,0.0,False,North,Retail,Regular
O004584,C0924,2024-04-07,Beauty,2,32.88,65.75,40.76,0.0,False,West,App,Premium
O007600,C1508,2023-08-05,Beauty,1,38.72,38.72,24.01,0.0,False,North,Online,Regular
O001387,C0263,2024-10-23,Electronics,1,419.17,419.17,92.22,0.0,False,Central,Online,Premium
O009488,C1905,2024-12-22,Electronics,1,313.83,407.98,89.76,81.6,False,West,Partner,Occasional
O006567,C1311,2023-10-29,Home & Kitchen,1,22.27,22.27,9.35,0.0,False,North,Online,Regular
O008047,C1598,2023-04-01,Clothing,2,22.18,44.35,24.39,2.22,False,North,App,Regular
O007431,C1470,2024-09-19,Clothing,2,50.09,100.18,55.1,15.03,False,South,Partner,Regular
O000686,C0127,2023-04-20,Electronics,1,283.07,283.07,62.28,0.0,False,West,App,Regular
O007269,C1447,2024-10-07,Clothing,1,104.78,104.78,57.63,0.0,False,Central,Online,Regular
O008260,C1650,2024-11-15,Electronics,1,147.81,192.16,42.28,38.43,False,East,Retail,Regular
O005661,C1123,2024-12-01,Home & Kitchen,1,5.0,6.5,2.73,0.0,False,West,Online,Premium
O009630,C1934,2023-08-12,Electronics,1,260.79,260.79,57.37,0.0,False,North,Online,Occasional
O004032,C0816,2024-08-30,Sports,1,46.52,46.52,17.68,9.3,False,East,Online,Regular
O009692,C1941,2023-10-06,Beauty,2,39.2,78.4,48.61,7.84,False,West,Online,Regular
O003439,C0687,2023-10-30,Home & Kitchen,1,5.0,5.0,2.1,0.0,False,East,App,Premium
O005273,C1045,2024-04-12,Home & Kitchen,1,11.61,11.61,4.88,2.32,False,North,Partner,Premium
O004430,C0891,2024-10-28,Sports,1,186.27,186.27,70.78,0.0,False,North,App,Premium
O008254,C1647,2024-06-10,Clothing,2,66.66,133.33,73.33,0.0,False,West,Partner,Regular
O007297,C1449,2023-03-21,Home & Kitchen,1,208.15,208.15,87.42,10.41,False,North,Online,Regular
O007176,C1430,2024-05-10,Clothing,1,75.12,75.12,41.32,15.02,False,East,Retail,Premium
O009710,C1945,2024-04-16,Electronics,1,571.85,571.85,125.81,57.18,False,West,Online,Premium
O001550,C0296,2024-12-29,Electronics,1,590.94,768.23,169.01,115.23,False,West,Online,Premium
O002879,C0568,2023-01-12,Electronics,1,259.28,220.39,48.49,33.06,False,East,Partner,Premium
O001761,C0336,2023-10-01,Beauty,1,33.23,33.23,20.6,6.65,False,Central,Partner,Premium
O001696,C0326,2024-06-18,Electronics,1,740.16,740.16,162.84,0.0,False,North,Online,Regular
O000153,C0031,2023-08-19,Clothing,1,29.73,29.73,16.35,0.0,False,East,Online,Premium
O003159,C0624,2024-05-22,Electronics,1,465.25,465.25,102.36,93.05,False,West,Retail,Regular
O001104,C0211,2023-07-27,Home & Kitchen,1,113.42,113.42,47.64,0.0,False,North,Online,Premium
O005147,C1023,2024-08-13,Beauty,1,70.15,70.15,43.49,3.51,False,South,App,Premium
O007448,C1475,2023-01-15,Electronics,1,477.43,405.82,89.28,60.87,False,South,Partner,Premium
O005016,C1002,2024-12-27,Clothing,1,50.55,65.71,36.14,0.0,False,East,App,Premium
O008413,C1693,2024-07-05,Sports,2,149.62,299.25,113.72,44.89,False,North,Online,Regular
O009843,C1967,2024-03-22,Sports,1,20.37,20.37,7.74,1.02,False,South,App,Premium
O004016,C0812,2024-10-18,Home & Kitchen,1,181.05,181.05,76.04,0.0,False,West,App,Regular
O003321,C0660,2023-11-26,Home & Kitchen,1,109.43,142.26,59.75,28.45,False,North,Online,Premium
O004454,C0898,2024-04-01,Clothing,1,56.17,56.17,30.89,0.0,False,Central,Online,Regular
O005051,C1004,2023-07-24,Beauty,1,28.4,28.4,17.61,0.0,False,East,Partner,Premium
O006882,C1377,2023-02-04,Clothing,2,85.84,145.93,80.26,0.0,False,East,Online,Occasional
O005546,C1109,2023-09-23,Home & Kitchen,1,116.42,116.42,48.9,0.0,False,North,App,Premium
O005241,C1037,2023-07-16,Beauty,1,25.39,25.39,15.74,0.0,False,South,Online,Premium
O002450,C0479,2024-09-05,Home & Kitchen,1,52.31,52.31,21.97,10.46,False,South,Online,Regular
O008859,C1780,2024-11-15,Clothing,1,48.38,62.9,34.6,0.0,False,East,App,Premium
O002652,C0529,2023-04-21,Sports,1,206.45,206.45,78.45,0.0,False,Central,App,Premium
O004058,C0821,2023-09-30,Sports,1,84.43,84.43,32.08,0.0,False,West,Partner,Regular
O004973,C0994,2024-02-13,Clothing,1,89.95,76.45,42.05,7.64,False,South,App,Premium
O002723,C0543,2024-05-29,Electronics,1,364.2,364.2,80.12,72.84,False,South,App,Premium
O003059,C0601,2024-09-18,Electronics,1,376.45,376.45,82.82,37.65,False,East,Retail,Premium
O009851,C1967,2023-08-08,Beauty,1,35.7,35.7,22.13,1.78,False,South,App,Premium
O003425,C0684,2024-08-28,Sports,1,156.2,156.2,59.36,0.0,True,South,App,Regular
O001688,C0324,2024-11-03,Electronics,2,450.61,1171.58,257.75,0.0,False,Central,App,Regular
O008480,C1710,2023-11-18,Electronics,1,559.67,727.57,160.07,0.0,False,Central,Retail,Regular
O004366,C0881,2024-04-30,Clothing,1,49.1,49.1,27.01,0.0,False,South,App,Regular
O008071,C1606,2023-02-19,Home & Kitchen,1,84.61,71.92,30.21,14.38,False,North,Partner,Regular
O006027,C1194,2024-06-19,Electronics,1,388.38,388.38,85.44,77.68,False,East,Online,Premium
O003822,C0772,2023-11-07,Beauty,1,14.0,18.2,11.28,2.73,False,North,Retail,Regular
O009654,C1937,2024-06-27,Home & Kitchen,1,140.85,140.85,59.16,28.17,True,East,Online,Regular
O007131,C1418,2024-07-25,Sports,1,5.0,5.0,1.9,0.75,False,East,Online,Premium
O003403,C0675,2024-12-09,Clothing,1,25.26,32.84,18.06,3.28,False,North,Online,Regular
O000348,C0069,2024-10-18,Sports,1,169.23,169.23,64.31,16.92,False,North,App,Regular
O009377,C1881,2024-03-31,Sports,1,65.32,65.32,24.82,0.0,False,South,App,Occasional
O002748,C0547,2023-02-09,Home & Kitchen,2,112.35,191.0,80.22,19.1,False,North,App,Regular
O006118,C1206,2023-07-23,Home & Kitchen,1,155.12,155.12,65.15,0.0,False,East,Retail,Premium
O008677,C1746,2024-05-15,Home & Kitchen,1,152.93,152.93,64.23,0.0,False,South,Online,Regular
O002612,C0521,2023-11-25,Electronics,1,481.75,626.28,137.78,0.0,False,Central,App,Premium
O009446,C1894,2023-11-07,Electronics,1,461.24,599.61,131.91,119.92,False,North,Online,Premium
O008668,C1745,2024-09-06,Electronics,1,582.03,582.03,128.05,0.0,False,Central,Online,Premium
O005885,C1167,2023-01-03,Clothing,1,90.57,76.98,42.34,15.4,False,North,Partner,Premium
O005047,C1004,2023-01-05,Sports,2,113.93,193.69,73.6,0.0,False,East,Partner,Premium
O007678,C1525,2023-04-14,Sports,1,151.68,151.68,57.64,7.58,False,West,Online,Regular
O004785,C0957,2024-05-07,Sports,1,95.7,95.7,36.37,14.36,False,North,Online,Premium
O006830,C1364,2024-07-16,Home & Kitchen,2,105.1,210.19,88.28,0.0,False,North,Online,Regular
O000765,C0141,2023-01-24,Sports,1,179.14,152.27,57.86,30.45,False,West,App,Premium
O002151,C0414,2024-04-10,Clothing,1,96.98,96.98,53.34,4.85,False,Central,Retail,Regular
O008132,C1625,2023-05-07,Beauty,1,56.95,56.95,35.31,11.39,False,North,Online,Regular
O004052,C0819,2024-06-22,Electronics,1,580.37,580.37,127.68,29.02,False,West,Retail,Premium
O007181,C1430,2024-06-03,Clothing,1,72.34,72.34,39.79,0.0,False,East,Retail,Premium
O008768,C1762,2023-05-09,Electronics,1,256.46,256.46,56.42,51.29,False,East,Partner,Premium
O005183,C1029,2024-01-30,Beauty,2,34.37,58.42,36.22,5.84,False,East,Online,Premium
O000454,C0088,2023-06-08,Clothing,1,115.62,115.62,63.59,0.0,False,Central,Partner,Regular
O006887,C1378,2024-09-16,Electronics,2,71.41,142.82,31.42,7.14,True,West,Retail,Regular
O005608,C1117,2024-10-08,Clothing,1,68.51,68.51,37.68,6.85,False,East,Online,Premium
O005474,C1096,2024-03-09,Beauty,1,27.35,27.35,16.96,4.1,False,East,Retail,Premium
O001481,C0278,2023-04-10,Home & Kitchen,1,182.08,182.08,76.47,9.1,False,West,Online,Regular
O007160,C1425,2024-11-15,Electronics,1,399.08,518.81,114.14,25.94,True,South,Online,Occasional
O008128,C1624,2023-10-05,Home & Kitchen,1,107.53,107.53,45.16,0.0,False,Central,Online,Regular
O000595,C0109,2023-02-02,Clothing,2,68.73,116.84,64.26,0.0,False,North,Online,Premium
O005020,C1002,2023-03-26,Sports,1,124.92,124.92,47.47,12.49,False,East,App,Premium
O008408,C1692,2023-12-23,Home & Kitchen,3,125.22,488.35,205.11,97.67,False,South,Online,Regular
O000713,C0132,2024-02-23,Home & Kitchen,1,161.9,137.62,57.8,20.64,False,South,App,Premium
O005693,C1125,2024-10-10,Electronics,1,622.56,622.56,136.96,0.0,False,Central,Online,Premium
O008475,C1709,2024-12-20,Sports,3,150.31,586.19,222.75,0.0,False,East,App,Regular
O000226,C0042,2023-10-23,Sports,1,164.87,164.87,62.65,0.0,False,East,Online,Premium
O006103,C1204,2023-01-24,Clothing,2,93.18,158.41,87.13,31.68,False,Central,Online,Premium
O005023,C1002,2023-05-24,Clothing,1,47.68,47.68,26.22,2.38,False,East,App,Premium
O002400,C0470,2024-11-12,Home & Kitchen,2,159.72,415.28,174.42,0.0,False,West,App,Premium
O000489,C0095,2024-12-14,Sports,1,16.33,21.22,8.06,1.06,False,West,Online,Occasional
O002982,C0585,2024-12-07,Home & Kitchen,1,111.75,145.27,61.01,21.79,False,North,Retail,Regular
O000568,C0105,2023-03-03,Clothing,2,69.44,138.88,76.38,13.89,False,Central,Online,Premium
O008935,C1799,2024-04-25,Sports,2,238.6,477.2,181.34,0.0,True,East,App,Occasional
O001653,C0315,2024-06-01,Home & Kitchen,1,26.93,26.93,11.31,5.39,False,Central,Partner,Regular
O000996,C0191,2023-03-26,Beauty,1,21.28,21.28,13.19,3.19,False,South,Online,Regular
O001536,C0292,2023-02-16,Sports,1,37.57,31.94,12.14,0.0,False,Central,App,Regular
O000494,C0097,2023-09-04,Sports,1,225.35,225.35,85.63,45.07,False,North,Partner,Regular
O006307,C1249,2023-10-06,Sports,1,201.38,201.38,76.52,40.28,False,South,Online,Regular
O007755,C1537,2023-08-05,Clothing,1,45.93,45.93,25.26,0.0,False,East,Online,Premium
O000106,C0020,2024-04-01,Sports,1,51.1,51.1,19.42,0.0,False,South,Online,Premium
O003839,C0774,2023-10-19,Beauty,1,67.77,67.77,42.02,0.0,False,South,Retail,Premium
O007968,C1582,2023-07-06,Sports,1,81.23,81.23,30.87,4.06,False,Central,Online,Regular
O000290,C0056,2024-11-28,Beauty,1,38.47,50.01,31.01,7.5,False,East,App,Regular
O007362,C1457,2023-10-11,Sports,1,81.81,81.81,31.09,16.36,False,South,Retail,Regular
O005928,C1174,2023-05-22,Electronics,1,241.94,241.94,53.23,0.0,False,West,Retail,Premium
O007054,C1407,2023-02-16,Sports,1,45.43,38.61,14.67,0.0,False,West,App,Regular
O005686,C1125,2023-07-16,Beauty,1,32.43,32.43,20.11,0.0,False,Central,Online,Premium
O002087,C0401,2023-09-17,Clothing,1,113.87,113.87,62.63,0.0,False,North,Partner,Premium
O000502,C0098,2023-09-19,Clothing,2,54.13,108.26,59.54,0.0,False,South,Partner,Premium
O009410,C1888,2024-12-16,Home & Kitchen,1,36.77,47.79,20.07,2.39,False,East,App,Regular
O009238,C1853,2024-12-09,Electronics,1,245.63,319.32,70.25,0.0,False,East,Retail,Regular
O008727,C1756,2023-04-25,Sports,2,201.57,403.14,153.19,60.47,False,Central,Online,Premium
O005915,C1173,2023-03-31,Beauty,2,45.76,91.51,56.74,0.0,False,South,Retail,Occasional
O007044,C1406,2024-06-26,Electronics,2,109.52,219.04,48.19,10.95,False,East,App,Regular
O000623,C0113,2024-07-07,Clothing,1,54.05,54.05,29.73,0.0,False,East,Partner,Premium
O000969,C0187,2023-07-30,Clothing,1,51.37,51.37,28.25,5.14,False,Central,App,Occasional
O001063,C0203,2024-04-12,Sports,1,78.09,78.09,29.67,0.0,True,North,Retail,Regular
O006864,C1372,2024-06-23,Home & Kitchen,1,141.45,141.45,59.41,0.0,False,North,App,Regular
O007174,C1430,2024-12-14,Clothing,1,44.17,57.41,31.58,2.87,False,East,Retail,Premium
O004112,C0825,2023-06-18,Beauty,1,58.44,58.44,36.23,0.0,False,North,Online,Premium
O000907,C0167,2023-12-18,Home & Kitchen,1,171.79,223.33,93.8,33.5,False,Central,Online,Occasional
O001378,C0262,2023-10-15,Sports,2,123.2,246.41,93.64,49.28,True,South,App,Regular
O009771,C1955,2024-09-19,Electronics,1,467.47,467.47,102.84,23.37,False,North,Retail,Premium
O005103,C1013,2023-05-08,Sports,1,168.44,168.44,64.01,0.0,True,West,Online,Regular
O005725,C1133,2023-03-31,Electronics,1,244.27,244.27,53.74,0.0,False,South,Partner,Premium
O002360,C0464,2024-10-26,Clothing,2,16.29,32.58,17.92,4.89,False,North,Retail,Premium
O001874,C0355,2024-12-18,Home & Kitchen,1,44.81,58.25,24.46,11.65,False,East,App,Regular
O006694,C1334,2024-04-24,Beauty,1,86.96,86.96,53.92,13.04,False,North,Retail,Regular
O000954,C0183,2024-09-22,Sports,1,5.0,5.0,1.9,0.75,False,South,Online,Regular
O000672,C0122,2023-06-23,Beauty,1,15.84,15.84,9.82,2.38,True,South,Retail,Premium
O000287,C0056,2024-06-29,Beauty,1,50.59,50.59,31.37,0.0,False,East,App,Regular
O007830,C1550,2024-05-07,Sports,2,86.57,173.13,65.79,34.63,False,East,App,Regular
O009770,C1955,2024-02-18,Clothing,1,73.89,62.81,34.55,0.0,False,North,Retail,Premium
O007036,C1404,2024-07-21,Clothing,1,110.66,110.66,60.86,16.6,False,North,Online,Premium
O006566,C1311,2023-10-23,Home & Kitchen,1,108.72,108.72,45.66,0.0,False,North,Online,Regular
O008538,C1718,2023-12-30,Clothing,2,88.65,230.48,126.76,0.0,False,East,App,Regular
O006733,C1342,2023-03-05,Beauty,1,68.04,68.04,42.18,6.8,False,North,Online,Regular
O003868,C0779,2023-04-11,Sports,1,136.33,136.33,51.81,27.27,False,North,Retail,Regular
O008276,C1655,2024-02-12,Clothing,1,17.26,14.67,8.07,2.93,False,North,Retail,Regular
O004559,C0920,2023-07-27,Beauty,1,46.09,46.09,28.58,0.0,False,West,Online,Occasional
O008914,C1794,2023-06-09,Sports,1,10.6,10.6,4.03,1.06,False,South,App,Regular
O003592,C0716,2023-12-20,Clothing,1,44.08,57.31,31.52,0.0,False,North,App,Regular
O000252,C0047,2024-05-16,Beauty,2,62.75,125.5,77.81,18.82,False,South,App,Regular
O005345,C1064,2024-07-02,Home & Kitchen,1,105.88,105.88,44.47,0.0,False,North,Online,Regular
O008082,C1611,2023-03-19,Electronics,1,216.48,216.48,47.63,21.65,False,North,App,Regular
O007253,C1445,2024-07-28,Electronics,2,243.24,486.47,107.02,0.0,False,West,Online,Premium
O001270,C0240,2023-09-25,Sports,2,98.81,197.62,75.1,0.0,False,West,Online,Premium
O004104,C0825,2023-11-17,Electronics,1,217.38,282.59,62.17,0.0,False,North,Online,Premium
O003696,C0742,2023-05-12,Sports,3,13.3,39.91,15.17,7.98,True,North,App,Regular
O005373,C1072,2023-12-08,Sports,1,162.26,210.94,80.16,0.0,False,Central,App,Regular
O005450,C1091,2024-02-20,Beauty,1,21.33,18.13,11.24,3.63,False,North,Retail,Regular
O008409,C1692,2023-06-26,Home & Kitchen,1,99.24,99.24,41.68,19.85,False,South,Online,Regular
O004122,C0828,2024-04-23,Clothing,1,15.66,15.66,8.61,0.78,False,South,Retail,Regular
O000171,C0035,2024-10-28,Home & Kitchen,1,193.78,193.78,81.39,0.0,True,North,App,Regular
O006477,C1294,2023-08-20,Electronics,2,427.91,855.82,188.28,85.58,True,North,Partner,Regular
O003789,C0765,2024-06-07,Home & Kitchen,1,70.22,70.22,29.49,0.0,False,East,Online,Regular
O002156,C0415,2023-03-16,Sports,1,5.0,5.0,1.9,0.5,False,East,App,Premium
O004666,C0935,2023-10-08,Sports,1,39.98,39.98,15.19,0.0,False,South,App,Regular
O007569,C1499,2024-01-19,Electronics,1,277.91,236.22,51.97,0.0,False,West,Online,Regular
O004409,C0888,2023-03-28,Home & Kitchen,1,204.06,204.06,85.71,0.0,False,East,App,Premium
O005372,C1072,2024-01-21,Clothing,1,99.42,84.51,46.48,0.0,False,Central,App,Regular
O002419,C0473,2023-02-13,Home & Kitchen,1,179.35,152.45,64.03,15.24,False,East,Online,Premium
O007682,C1525,2023-11-06,Beauty,1,49.55,64.42,39.94,3.22,False,West,Online,Regular
O009590,C1929,2024-01-28,Beauty,1,44.64,37.94,23.52,0.0,False,East,App,Premium
O008818,C1771,2023-04-03,Home & Kitchen,1,8.48,8.48,3.56,0.0,False,North,Retail,Regular
O002904,C0570,2024-11-25,Beauty,1,50.06,65.07,40.34,0.0,True,West,App,Premium
O002282,C0448,2024-08-08,Beauty,1,70.88,70.88,43.95,3.54,False,West,Online,Premium
O008235,C1644,2024-08-16,Clothing,2,116.82,233.63,128.5,35.04,False,South,Online,Premium
O001619,C0309,2023-05-16,Home & Kitchen,1,84.93,84.93,35.67,12.74,False,West,Online,Regular
O007872,C1558,2024-12-12,Clothing,2,60.54,157.41,86.58,0.0,False,West,App,Premium
O004429,C0891,2023-02-18,Electronics,1,444.31,377.66,83.09,75.53,False,North,App,Premium
O009564,C1925,2023-05-03,Electronics,1,417.94,417.94,91.95,0.0,True,West,Retail,Regular
O006516,C1301,2023-04-07,Home & Kitchen,1,124.52,124.52,52.3,0.0,False,West,Retail,Premium
O003995,C0806,2023-08-04,Electronics,1,193.69,193.69,42.61,38.74,False,West,Online,Regular
O007023,C1403,2024-08-21,Electronics,1,237.06,237.06,52.15,35.56,False,North,Partner,Regular
O004788,C0957,2024-02-14,Sports,1,39.71,33.75,12.82,0.0,False,North,Online,Premium
O000239,C0044,2023-02-11,Beauty,1,23.22,19.74,12.24,0.0,False,South,Online,Premium
O007777,C1543,2023-12-09,Home & Kitchen,1,108.01,140.42,58.98,28.08,False,Central,Online,Premium
O005823,C1147,2023-03-13,Clothing,2,81.97,163.93,90.16,0.0,False,South,Online,Premium
O007327,C1453,2023-11-22,Clothing,1,112.52,146.28,80.45,7.31,False,West,Online,Regular
O000152,C0031,2023-11-27,Home & Kitchen,1,99.03,128.73,54.07,19.31,False,East,Online,Premium
O009368,C1878,2023-11-14,Clothing,1,16.61,21.59,11.87,2.16,False,West,Retail,Regular
O007819,C1549,2024-04-18,Sports,3,89.0,267.0,101.46,40.05,False,South,Partner,Premium
O008319,C1668,2023-05-24,Electronics,2,362.8,725.59,159.63,36.28,False,Central,Online,Regular
O006481,C1294,2023-08-14,Beauty,1,48.05,48.05,29.79,7.21,False,North,Partner,Regular
O008013,C1589,2024-12-22,Sports,1,132.66,172.45,65.53,0.0,False,South,Retail,Regular
O001702,C0328,2023-07-20,Home & Kitchen,1,56.36,56.36,23.67,0.0,False,South,Online,Regular
O005217,C1031,2024-02-26,Clothing,1,110.83,94.21,51.82,18.84,False,North,App,Premium
O009822,C1960,2023-01-23,Electronics,1,308.62,262.32,57.71,13.12,False,East,Online,Regular
O008062,C1603,2024-01-06,Electronics,1,486.75,413.74,91.02,0.0,False,North,App,Regular
O003240,C0643,2023-04-19,Sports,2,183.0,366.0,139.08,18.3,False,North,Online,Occasional
O001123,C0212,2024-02-10,Clothing,2,109.49,186.13,102.37,18.61,False,North,App,Premium
O005589,C1114,2024-06-24,Home & Kitchen,1,134.62,134.62,56.54,20.19,False,Central,Retail,Regular
O003855,C0776,2023-11-09,Electronics,1,338.03,439.43,96.67,0.0,False,South,App,Premium
O001431,C0267,2024-04-30,Home & Kitchen,1,12.12,12.12,5.09,0.0,False,South,App,Premium
O007996,C1586,2024-09-01,Beauty,1,64.15,64.15,39.77,12.83,False,Central,Online,Premium
O009499,C1908,2024-12-05,Sports,2,50.94,132.45,50.33,13.24,False,West,Online,Occasional
O003320,C0660,2024-07-12,Clothing,2,6.17,12.34,6.79,0.0,False,North,Online,Premium
O008098,C1615,2024-04-09,Home & Kitchen,1,147.75,147.75,62.06,14.78,False,East,Partner,Regular
O004457,C0898,2024-08-25,Beauty,1,27.16,27.16,16.84,2.72,False,Central,Online,Regular
O009152,C1839,2024-07-17,Beauty,2,39.47,78.93,48.94,0.0,False,North,Online,Premium
O006407,C1279,2024-08-14,Home & Kitchen,1,110.82,110.82,46.54,5.54,False,South,Online,Regular
O002010,C0385,2023-12-05,Electronics,3,474.55,1850.74,407.16,277.61,False,South,App,Occasional
O003828,C0773,2024-11-22,Home & Kitchen,1,123.38,160.39,67.36,8.02,False,North,App,Occasional
O001537,C0293,2023-10-25,Electronics,1,407.53,407.53,89.66,20.38,False,West,Retail,Occasional
O007950,C1576,2024-10-20,Beauty,2,41.17,82.34,51.05,0.0,False,West,Partner,Regular
O009669,C1939,2024-02-24,Sports,1,189.64,161.2,61.26,0.0,False,West,Online,Regular
O003941,C0795,2024-05-12,Sports,1,154.95,154.95,58.88,30.99,False,West,Online,Premium
O003237,C0641,2023-05-28,Electronics,2,357.41,714.81,157.26,71.48,False,East,Online,Occasional
O000400,C0081,2024-04-02,Beauty,1,48.86,48.86,30.29,4.89,False,North,App,Regular
O002443,C0475,2024-07-26,Clothing,1,35.0,35.0,19.25,0.0,False,Central,Online,Regular
O004023,C0813,2024-12-31,Sports,2,9.98,25.95,9.86,5.19,False,West,Retail,Regular
O004314,C0867,2024-04-28,Beauty,1,69.03,69.03,42.8,13.81,True,West,Online,Regular
O004079,C0824,2024-01-28,Clothing,1,85.77,72.91,40.1,10.94,False,Central,Retail,Premium
O003660,C0731,2023-06-21,Home & Kitchen,1,6.16,6.16,2.59,0.62,False,South,Online,Regular
O001779,C0339,2023-02-18,Clothing,1,5.0,4.25,2.34,0.21,False,West,Partner,Regular
O002494,C0490,2024-01-05,Beauty,1,36.87,31.34,19.43,3.13,False,East,Partner,Premium
O006976,C1392,2023-10-29,Beauty,1,40.7,40.7,25.23,4.07,False,South,Partner,Regular
O001519,C0289,2024-10-10,Home & Kitchen,1,135.86,135.86,57.06,6.79,False,West,Online,Regular
O000251,C0047,2024-06-05,Home & Kitchen,1,32.77,32.77,13.76,3.28,False,South,App,Regular
O008692,C1749,2024-05-05,Electronics,1,573.92,573.92,126.26,0.0,False,East,Online,Regular
O007096,C1414,2023-05-25,Beauty,1,40.64,40.64,25.2,0.0,False,North,Online,Premium
O001793,C0343,2024-04-04,Sports,2,61.2,122.41,46.52,0.0,False,Central,App,Premium
O004635,C0929,2023-05-08,Clothing,1,90.9,90.9,50.0,4.55,False,South,Partner,Regular
O001239,C0233,2023-11-22,Home & Kitchen,1,75.56,98.23,41.26,19.65,False,West,Online,Occasional
O000491,C0095,2023-11-04,Clothing,1,49.52,64.38,35.41,3.22,False,West,Online,Occasional
O003388,C0670,2023-08-31,Clothing,1,116.61,116.61,64.14,17.49,False,Central,Online,Regular
O006785,C1355,2023-03-18,Beauty,1,26.0,26.0,16.12,2.6,False,North,Retail,Regular
O005078,C1009,2023-02-14,Beauty,1,82.76,70.35,43.62,0.0,False,Central,Partner,Premium
O006913,C1383,2023-06-16,Sports,1,90.31,90.31,34.32,4.52,False,South,Partner,Regular
O002430,C0474,2024-12-19,Sports,1,100.98,131.28,49.89,13.13,False,Central,Online,Premium
O008556,C1721,2023-11-10,Beauty,1,56.3,73.19,45.38,0.0,False,South,App,Premium
O008157,C1629,2023-04-13,Home & Kitchen,1,32.99,32.99,13.86,0.0,False,Central,App,Occasional
O005567,C1112,2023-11-17,Sports,1,43.03,55.94,21.26,11.19,False,North,Partner,Premium
O006001,C1186,2023-01-09,Sports,1,67.61,57.47,21.84,0.0,False,East,App,Premium
O005192,C1029,2023-09-10,Beauty,1,15.66,15.66,9.71,0.0,False,East,Online,Premium
O005393,C1079,2023-11-28,Clothing,1,81.8,106.34,58.49,21.27,False,North,Partner,Occasional
O005026,C1002,2023-01-19,Beauty,1,69.69,59.24,36.73,5.92,False,East,App,Premium
O005263,C1044,2023-12-12,Electronics,1,574.09,746.31,164.19,74.63,True,Central,Online,Regular
O001088,C0207,2024-12-18,Beauty,1,45.01,58.51,36.28,0.0,False,North,Retail,Premium
O001094,C0208,2024-08-29,Clothing,1,82.26,82.26,45.24,8.23,False,West,Online,Regular
O006568,C1312,2024-04-09,Clothing,1,59.27,59.27,32.6,0.0,False,Central,App,Regular
O006394,C1277,2023-12-04,Electronics,1,20.22,26.29,5.78,3.94,False,Central,Online,Premium
O009863,C1968,2024-05-19,Home & Kitchen,1,101.16,101.16,42.49,0.0,False,East,Partner,Regular
O008936,C1800,2024-11-23,Beauty,1,59.43,77.26,47.9,7.73,False,West,Partner,Regular
O007709,C1531,2023-10-01,Home & Kitchen,1,48.36,48.36,20.31,2.42,False,Central,Online,Premium
O001219,C0230,2024-08-23,Home & Kitchen,2,148.47,296.95,124.72,0.0,False,East,App,Premium
O007310,C1451,2023-10-31,Beauty,1,36.11,36.11,22.39,0.0,False,North,App,Premium
O009244,C1854,2024-04-21,Clothing,1,87.48,87.48,48.11,4.37,False,East,Online,Regular
O000817,C0149,2024-07-22,Clothing,1,25.7,25.7,14.14,0.0,False,Central,App,Premium
O002146,C0413,2023-10-19,Sports,1,33.65,33.65,12.79,5.05,False,North,Online,Regular
O002035,C0391,2023-05-27,Electronics,1,243.76,243.76,53.63,48.75,False,Central,App,Premium
O003213,C0635,2023-03-30,Electronics,1,184.47,184.47,40.58,36.89,True,South,Online,Premium
O004176,C0839,2024-10-24,Electronics,1,411.13,411.13,90.45,82.23,False,East,App,Regular
O009684,C1940,2023-05-08,Electronics,2,269.18,538.36,118.44,107.67,True,North,App,Premium
O007017,C1400,2024-04-04,Sports,2,134.99,269.97,102.59,53.99,False,Central,Online,Occasional
O004416,C0889,2023-11-16,Beauty,2,7.99,20.78,12.88,2.08,False,North,Online,Regular
O005311,C1059,2023-06-24,Sports,1,172.25,172.25,65.46,34.45,False,East,Retail,Occasional
O002821,C0558,2023-02-26,Sports,1,153.47,130.45,49.57,19.57,False,West,Online,Regular
O003155,C0623,2023-02-03,Beauty,1,5.0,4.25,2.64,0.0,True,North,Retail,Regular
O002427,C0474,2024-10-02,Sports,1,203.99,203.99,77.52,0.0,False,Central,Online,Premium
O002843,C0563,2024-07-17,Electronics,1,488.58,488.58,107.49,0.0,False,South,Online,Occasional
O001703,C0328,2023-05-04,Clothing,1,47.02,47.02,25.86,9.4,False,South,Online,Regular
O008159,C1630,2023-03-08,Home & Kitchen,3,158.57,475.72,199.8,23.79,False,East,Retail,Premium
O001163,C0219,2024-01-28,Electronics,1,374.53,318.35,70.04,0.0,False,West,Partner,Premium
O008135,C1626,2023-08-02,Home & Kitchen,1,106.42,106.42,44.7,5.32,False,West,App,Regular
O006746,C1348,2024-05-17,Clothing,1,42.41,42.41,23.33,2.12,False,North,App,Occasional
O009694,C1942,2024-05-31,Electronics,1,148.53,148.53,32.68,0.0,True,West,Online,Occasional
O001849,C0350,2024-11-17,Clothing,1,34.41,44.73,24.6,6.71,False,East,Online,Premium
O003202,C0633,2024-06-21,Home & Kitchen,1,5.0,5.0,2.1,0.0,False,South,Retail,Occasional
O004995,C0998,2024-10-05,Home & Kitchen,2,59.15,118.3,49.69,11.83,False,West,Partner,Premium
O000020,C0004,2024-01-05,Home & Kitchen,1,61.6,52.36,21.99,0.0,False,North,Online,Regular
O006994,C1396,2024-08-11,Electronics,1,127.82,127.82,28.12,19.17,False,North,Online,Occasional
O002710,C0539,2023-10-08,Home & Kitchen,1,122.44,122.44,51.42,0.0,False,South,Online,Regular
O007496,C1484,2024-04-05,Beauty,1,43.07,43.07,26.7,8.61,False,Central,Online,Regular
O000038,C0006,2024-12-02,Electronics,1,414.21,538.47,118.46,26.92,False,South,Online,Premium
O003387,C0670,2023-08-22,Clothing,1,112.38,112.38,61.81,0.0,False,Central,Online,Regular
O002907,C0570,2024-08-14,Beauty,1,63.16,63.16,39.16,9.47,False,West,App,Premium
O008446,C1703,2023-11-28,Home & Kitchen,3,74.77,291.59,122.47,0.0,False,North,App,Premium
O005331,C1062,2024-07-29,Sports,2,43.9,87.79,33.36,17.56,False,East,App,Regular
O004100,C0825,2023-04-02,Home & Kitchen,2,104.9,209.79,88.11,0.0,False,North,Online,Premium
O000492,C0095,2023-07-08,Home & Kitchen,2,141.42,282.84,118.79,56.57,False,West,Online,Occasional
O005925,C1174,2024-07-18,Home & Kitchen,1,189.86,189.86,79.74,9.49,False,West,Retail,Premium
O001661,C0318,2024-07-17,Beauty,1,54.61,54.61,33.86,8.19,False,South,Online,Regular
O000191,C0037,2024-01-15,Home & Kitchen,1,61.68,52.43,22.02,5.24,False,East,Partner,Premium
O006905,C1381,2023-02-28,Home & Kitchen,1,196.71,167.2,70.22,33.44,False,Central,Retail,Regular
O000661,C0122,2023-01-27,Clothing,1,132.94,113.0,62.15,0.0,False,South,Retail,Premium
O005403,C1083,2023-07-20,Sports,1,102.25,102.25,38.86,15.34,False,West,Partner,Premium
O002648,C0529,2023-01-09,Sports,2,100.73,171.24,65.07,0.0,False,Central,App,Premium
O008765,C1762,2024-02-25,Electronics,1,482.68,410.28,90.26,61.54,False,East,Partner,Premium
O009269,C1859,2023-05-30,Sports,1,51.32,51.32,19.5,0.0,False,East,Online,Regular
O008602,C1733,2024-06-18,Beauty,1,62.66,62.66,38.85,3.13,False,Central,Online,Premium
O005584,C1113,2023-01-08,Electronics,1,189.49,161.06,35.43,24.16,False,East,App,Regular
O007459,C1475,2024-02-24,Electronics,2,203.67,346.23,76.17,0.0,False,South,Partner,Premium
O001416,C0266,2024-07-18,Beauty,1,5.0,5.0,3.1,0.0,False,South,Online,Regular
O006413,C1280,2023-03-26,Sports,2,130.62,261.23,99.27,0.0,False,West,Online,Regular
O009246,C1854,2024-08-13,Home & Kitchen,1,34.32,34.32,14.41,0.0,False,East,Online,Regular
O009406,C1888,2023-05-23,Clothing,1,47.45,47.45,26.1,0.0,False,East,App,Regular
O007963,C1580,2023-12-16,Electronics,1,592.95,770.84,169.58,0.0,False,East,Online,Regular
O003876,C0780,2024-03-22,Home & Kitchen,1,58.7,58.7,24.65,0.0,False,West,Retail,Regular
O007025,C1404,2023-09-24,Electronics,2,531.02,1062.04,233.65,212.41,False,North,Online,Premium
O007245,C1442,2023-01-24,Electronics,1,465.58,395.75,87.06,0.0,False,North,Retail,Regular
O003337,C0662,2023-01-07,Home & Kitchen,2,160.64,273.09,114.7,0.0,False,East,Online,Premium
O008330,C1672,2024-04-27,Home & Kitchen,1,74.62,74.62,31.34,0.0,False,East,App,Occasional
O002448,C0479,2023-11-28,Home & Kitchen,2,37.4,97.25,40.84,14.59,False,South,Online,Regular
O003540,C0707,2023-09-01,Home & Kitchen,1,240.56,240.56,101.04,0.0,False,South,App,Regular
O006089,C1201,2024-12-20,Beauty,1,25.35,32.96,20.44,4.94,False,East,Partner,Premium
O006263,C1240,2024-03-05,Clothing,1,63.62,63.62,34.99,3.18,False,North,Retail,Regular
O006706,C1336,2024-04-15,Beauty,1,48.42,48.42,30.02,7.26,False,West,App,Regular
O006327,C1255,2024-01-16,Electronics,1,893.32,759.32,167.05,0.0,False,South,Online,Premium
O000619,C0113,2023-11-03,Clothing,1,48.3,62.79,34.53,0.0,False,East,Partner,Premium
O006774,C1352,2024-06-13,Electronics,2,5.0,10.0,2.2,0.0,False,Central,App,Regular
O003369,C0667,2023-02-25,Home & Kitchen,2,204.04,346.86,145.68,52.03,False,South,App,Regular
O006369,C1268,2023-11-21,Home & Kitchen,1,80.13,104.17,43.75,20.83,False,South,Retail,Regular
O006115,C1204,2023-02-25,Sports,1,168.96,143.61,54.57,0.0,False,Central,Online,Premium
O009058,C1824,2024-04-05,Home & Kitchen,2,145.92,291.83,122.57,14.59,False,Central,Online,Premium
O003167,C0625,2023-04-29,Beauty,1,15.28,15.28,9.47,0.0,False,Central,Online,Regular
O003302,C0653,2024-04-27,Home & Kitchen,1,9.73,9.73,4.09,0.97,False,West,Partner,Premium
O005385,C1076,2023-12-23,Clothing,1,31.88,41.45,22.8,8.29,False,East,App,Regular
O006934,C1386,2024-04-22,Clothing,2,7.51,15.02,8.26,0.0,False,East,Retail,Regular
O004944,C0987,2023-07-01,Home & Kitchen,1,103.71,103.71,43.56,0.0,False,West,Retail,Regular
O003630,C0725,2024-03-03,Electronics,2,394.35,788.7,173.51,0.0,False,Central,Online,Regular
O004642,C0930,2023-07-16,Sports,1,171.97,171.97,65.35,0.0,False,South,App,Regular
O001782,C0340,2024-07-19,Electronics,1,405.66,405.66,89.25,0.0,False,West,Online,Premium
O004672,C0936,2023-01-03,Home & Kitchen,1,5.0,4.25,1.78,0.21,False,East,Retail,Regular
O005151,C1023,2024-01-04,Home & Kitchen,1,245.6,208.76,87.68,10.44,False,South,App,Premium
O004599,C0925,2023-03-13,Electronics,1,260.27,260.27,57.26,0.0,False,West,Partner,Premium
O006107,C1204,2023-03-27,Beauty,1,43.05,43.05,26.69,0.0,False,Central,Online,Premium
O001954,C0376,2023-02-07,Clothing,1,42.73,36.32,19.98,3.63,False,West,App,Premium
O003916,C0788,2024-12-02,Home & Kitchen,1,7.07,9.19,3.86,1.84,False,West,Online,Premium
O007825,C1550,2024-03-03,Beauty,2,28.95,57.9,35.9,0.0,False,East,App,Regular
O000389,C0077,2024-05-04,Home & Kitchen,1,34.71,34.71,14.58,0.0,False,South,App,Regular
O006906,C1382,2023-04-22,Electronics,1,409.9,409.9,90.18,40.99,False,West,App,Regular
O004938,C0984,2024-05-01,Clothing,1,48.0,48.0,26.4,0.0,False,East,App,Regular
O000934,C0177,2023-01-10,Sports,1,111.8,95.03,36.11,0.0,False,East,Retail,Regular
O002108,C0404,2024-07-17,Electronics,3,448.99,1346.96,296.33,134.7,False,West,App,Regular
O009053,C1824,2023-06-01,Home & Kitchen,1,172.35,172.35,72.39,17.24,False,Central,Online,Premium
O005053,C1005,2023-01-29,Sports,1,5.0,4.25,1.62,0.0,False,North,Online,Premium
O000487,C0093,2024-01-26,Beauty,1,66.29,56.34,34.93,11.27,True,East,Online,Occasional
O009910,C1976,2024-08-24,Sports,1,101.5,101.5,38.57,0.0,True,West,Online,Regular
O005139,C1022,2024-06-03,Electronics,1,406.12,406.12,89.35,0.0,False,North,Online,Regular
O003384,C0670,2024-11-24,Beauty,1,33.16,43.1,26.72,0.0,False,Central,Online,Regular
O004915,C0981,2024-07-25,Sports,1,98.49,98.49,37.43,0.0,False,North,Online,Regular
O009881,C1970,2024-05-17,Home & Kitchen,2,84.99,169.99,71.4,0.0,False,West,Online,Regular
O006124,C1206,2024-12-10,Clothing,1,42.58,55.36,30.45,5.54,False,East,Retail,Premium
O002986,C0586,2023-07-22,Beauty,2,17.66,35.32,21.9,5.3,False,East,App,Regular
O002176,C0416,2023-12-28,Electronics,1,231.74,301.26,66.28,30.13,False,North,App,Occasional
O009781,C1956,2024-08-02,Sports,1,62.84,62.84,23.88,6.28,False,South,App,Premium
O004618,C0927,2023-01-05,Sports,1,62.36,53.01,20.14,0.0,False,North,App,Premium
O009374,C1879,2024-08-30,Clothing,1,93.59,93.59,51.47,18.72,False,Central,App,Regular
O008707,C1752,2023-11-22,Sports,1,57.32,74.51,28.31,0.0,False,Central,Online,Regular
O002772,C0550,2024-02-07,Beauty,2,39.34,66.88,41.47,3.34,False,North,Online,Premium
O006817,C1362,2023-11-07,Clothing,2,43.75,113.76,62.57,22.75,False,South,Partner,Premium
O001247,C0234,2023-04-01,Beauty,2,50.51,101.02,62.63,20.2,False,South,Online,Regular
O002655,C0529,2023-08-25,Home & Kitchen,1,71.8,71.8,30.16,3.59,False,Central,App,Premium
O002303,C0452,2024-07-15,Beauty,1,27.18,27.18,16.85,0.0,False,West,Online,Regular
O008917,C1794,2023-12-05,Electronics,2,83.18,216.28,47.58,43.26,False,South,App,Regular
O004273,C0861,2023-01-21,Home & Kitchen,2,136.99,232.89,97.81,46.58,False,South,Online,Regular
O002684,C0535,2023-08-21,Beauty,1,72.8,72.8,45.14,3.64,False,West,App,Occasional
O002394,C0468,2023-01-13,Sports,1,137.35,116.75,44.36,0.0,False,West,App,Premium
O006979,C1393,2023-10-25,Electronics,1,641.53,641.53,141.14,0.0,False,North,Online,Occasional
O008334,C1673,2024-09-16,Electronics,1,573.68,573.68,126.21,28.68,False,Central,Online,Regular
O001603,C0307,2023-04-29,Electronics,1,467.71,467.71,102.9,0.0,False,Central,Online,Premium
O009097,C1831,2023-06-16,Beauty,1,60.35,60.35,37.42,6.04,False,Central,Partner,Regular
O006988,C1395,2024-08-19,Sports,1,253.99,253.99,96.52,0.0,False,North,App,Regular
O004765,C0952,2023-12-19,Sports,1,126.85,164.9,62.66,0.0,True,West,App,Regular
O009588,C1929,2024-08-21,Beauty,1,30.17,30.17,18.71,0.0,False,East,App,Premium
O006241,C1235,2023-07-18,Beauty,1,26.64,26.64,16.52,2.66,False,North,Partner,Regular
O009701,C1943,2023-10-13,Electronics,1,470.13,470.13,103.43,23.51,True,North,Online,Premium
O000403,C0082,2023-04-25,Clothing,2,84.29,168.58,92.72,0.0,False,North,Online,Regular
O003099,C0611,2023-07-10,Beauty,1,36.87,36.87,22.86,1.84,False,North,App,Regular
O000890,C0162,2023-10-12,Sports,2,57.19,114.39,43.47,17.16,False,South,App,Regular
O006284,C1244,2023-08-11,Electronics,1,327.1,327.1,71.96,0.0,False,West,Online,Premium
O002798,C0554,2024-03-05,Home & Kitchen,1,169.34,169.34,71.12,0.0,False,East,Online,Premium
O009493,C1907,2024-04-20,Home & Kitchen,1,171.37,171.37,71.98,25.71,False,South,Online,Regular
O002865,C0565,2024-05-19,Home & Kitchen,1,175.92,175.92,73.89,35.18,False,South,App,Regular
O003582,C0714,2024-06-08,Sports,2,120.13,240.26,91.3,12.01,False,North,Online,Occasional
O002524,C0496,2024-01-16,Sports,1,149.41,127.0,48.26,6.35,False,Central,Partner,Regular
O002017,C0389,2023-09-07,Electronics,1,28.83,28.83,6.34,0.0,False,West,Retail,Premium
O007360,C1457,2024-08-12,Beauty,3,48.02,144.05,89.31,28.81,False,South,Retail,Regular
O008502,C1713,2024-09-04,Electronics,1,207.47,207.47,45.64,10.37,False,East,Online,Premium
O000230,C0042,2024-09-30,Clothing,1,95.32,95.32,52.43,14.3,False,East,Online,Premium
O002778,C0552,2023-09-14,Sports,2,60.23,120.45,45.77,0.0,True,West,Partner,Premium
O005008,C1000,2023-03-16,Clothing,1,61.65,61.65,33.91,9.25,False,East,Online,Regular
O006068,C1199,2024-10-21,Electronics,2,392.54,785.08,172.72,0.0,False,West,App,Regular
O002213,C0426,2024-05-29,Clothing,1,83.27,83.27,45.8,0.0,False,North,Online,Regular
O004564,C0921,2023-04-28,Clothing,1,75.82,75.82,41.7,0.0,False,East,Online,Regular
O000443,C0087,2023-07-02,Electronics,1,347.45,347.45,76.44,34.74,False,East,Partner,Regular
O002848,C0564,2024-06-23,Electronics,1,385.89,385.89,84.9,19.29,False,West,App,Premium
O006242,C1235,2023-09-09,Beauty,2,65.44,130.87,81.14,19.63,False,North,Partner,Regular
O000522,C0101,2024-12-21,Home & Kitchen,1,74.35,96.65,40.59,0.0,False,East,Online,Premium
O003173,C0629,2024-12-23,Sports,1,140.39,182.51,69.35,9.13,False,North,Online,Regular
O005436,C1088,2024-11-15,Electronics,1,209.64,272.54,59.96,27.25,False,Central,Online,Regular
O007148,C1422,2024-05-17,Home & Kitchen,2,50.08,100.15,42.06,10.02,False,West,Retail,Regular
O004980,C0995,2024-10-23,Sports,1,220.04,220.04,83.62,11.0,False,East,Online,Occasional
O007470,C1478,2023-03-30,Sports,2,135.71,271.42,103.14,0.0,False,East,Retail,Regular
O003701,C0744,2023-03-22,Electronics,1,270.63,270.63,59.54,13.53,False,North,Online,Regular
O001234,C0232,2023-05-11,Sports,1,85.53,85.53,32.5,0.0,False,West,Online,Regular
O007840,C1551,2023-09-26,Electronics,2,86.21,172.42,37.93,34.48,False,North,Online,Regular
O001414,C0266,2023-07-01,Sports,1,166.58,166.58,63.3,33.32,False,South,Online,Regular
O008080,C1611,2023-12-08,Electronics,1,353.29,459.27,101.04,68.89,False,North,App,Regular
O000759,C0141,2024-05-02,Sports,1,18.14,18.14,6.89,0.0,False,West,App,Premium
O001153,C0218,2023-08-08,Beauty,1,70.76,70.76,43.87,0.0,False,South,App,Premium
O006770,C1352,2024-03-13,Beauty,1,50.64,50.64,31.4,7.6,False,Central,App,Regular
O002734,C0544,2024-11-18,Beauty,1,44.05,57.26,35.5,0.0,False,East,App,Occasional
O001952,C0376,2024-02-19,Home & Kitchen,1,100.64,85.54,35.93,17.11,False,West,App,Premium
O005201,C1030,2023-09-18,Home & Kitchen,1,132.02,132.02,55.45,0.0,False,Central,App,Regular
O001937,C0373,2023-12-06,Sports,1,69.8,90.74,34.48,4.54,False,East,Partner,Regular
O001854,C0350,2024-12-20,Clothing,3,31.35,122.27,67.25,18.34,False,East,Online,Premium
O006943,C1388,2023-07-04,Home & Kitchen,2,126.93,253.86,106.62,0.0,False,East,Online,Regular
O008748,C1759,2024-09-22,Beauty,1,33.64,33.64,20.86,1.68,True,South,Online,Premium
O004359,C0879,2023-04-12,Sports,1,106.12,106.12,40.33,0.0,False,South,Online,Regular
O005767,C1141,2024-06-09,Home & Kitchen,1,39.03,39.03,16.39,1.95,False,North,Online,Regular
O009360,C1876,2023-09-16,Clothing,1,71.63,71.63,39.4,7.16,True,West,Online,Regular
O008398,C1690,2023-12-27,Beauty,1,43.64,56.73,35.17,0.0,False,North,Retail,Regular
O001656,C0316,2023-06-19,Clothing,1,131.0,131.0,72.05,0.0,False,North,App,Occasional
O005607,C1117,2023-08-07,Home & Kitchen,1,94.38,94.38,39.64,0.0,False,East,Online,Premium
O004814,C0960,2023-06-25,Electronics,1,120.25,120.25,26.46,12.02,False,Central,App,Premium
O005122,C1018,2023-12-06,Beauty,1,92.5,120.25,74.55,0.0,False,East,Partner,Regular
O006353,C1263,2023-12-01,Beauty,1,23.95,31.14,19.31,3.11,False,South,Online,Occasional
O008531,C1717,2024-12-18,Sports,1,5.0,6.5,2.47,0.98,False,Central,Online,Regular
O000181,C0036,2023-03-16,Electronics,1,67.05,67.05,14.75,10.06,False,North,Online,Regular
O009566,C1925,2024-01-06,Electronics,1,618.24,525.51,115.61,105.1,False,West,Retail,Regular
O000527,C0101,2024-10-26,Sports,2,204.98,409.97,155.79,0.0,False,East,Online,Premium
O004660,C0934,2024-08-01,Clothing,1,112.98,112.98,62.14,0.0,False,South,Retail,Regular
O000401,C0081,2024-12-21,Clothing,1,69.5,90.34,49.69,0.0,False,North,App,Regular
O002037,C0391,2023-07-06,Home & Kitchen,1,48.93,48.93,20.55,4.89,False,Central,App,Premium
O008842,C1777,2024-01-26,Electronics,1,377.67,321.02,70.62,16.05,False,West,Online,Premium
O002466,C0483,2024-07-05,Electronics,1,123.29,123.29,27.12,24.66,False,East,Online,Regular
O008172,C1630,2024-12-12,Home & Kitchen,1,74.92,97.39,40.9,4.87,False,East,Retail,Premium
O003515,C0702,2023-08-26,Sports,1,274.25,274.25,104.22,54.85,False,North,Retail,Regular
O004557,C0919,2023-09-22,Home & Kitchen,1,70.41,70.41,29.57,3.52,False,North,App,Occasional
O009512,C1915,2023-10-23,Sports,1,98.95,98.95,37.6,9.9,False,South,App,Regular
O001475,C0277,2024-05-02,Sports,3,89.26,267.77,101.75,40.17,False,South,App,Regular
O007458,C1475,2024-12-06,Home & Kitchen,1,15.49,20.14,8.46,2.01,False,South,Partner,Premium
O003777,C0763,2024-09-01,Clothing,1,47.24,47.24,25.98,9.45,False,North,Online,Regular
O005586,C1114,2024-07-01,Beauty,1,58.12,58.12,36.03,8.72,False,Central,Retail,Regular
O008391,C1689,2023-01-25,Clothing,2,5.0,8.5,4.68,1.27,False,North,Retail,Regular
O006851,C1370,2023-05-13,Sports,1,174.54,174.54,66.33,17.45,False,West,App,Regular
O004143,C0833,2023-04-07,Clothing,1,83.3,83.3,45.82,0.0,False,North,App,Occasional
O008812,C1770,2024-09-19,Sports,2,156.5,313.01,118.94,31.3,False,East,Online,Regular
O000698,C0128,2023-11-23,Clothing,1,50.07,65.09,35.8,0.0,False,North,App,Regular
O007435,C1472,2024-03-05,Electronics,2,579.64,1159.28,255.04,231.86,False,West,Online,Regular
O005112,C1014,2024-10-19,Sports,1,235.98,235.98,89.67,0.0,False,East,Partner,Premium
O007420,C1468,2024-10-02,Beauty,1,53.27,53.27,33.03,0.0,True,North,Retail,Regular
O001497,C0285,2023-03-14,Clothing,1,89.61,89.61,49.29,4.48,False,Central,Online,Regular
O009496,C1907,2023-12-01,Home & Kitchen,1,113.47,147.51,61.95,0.0,True,South,Online,Regular
O004276,C0861,2023-10-29,Beauty,2,27.77,55.53,34.43,5.55,False,South,Online,Regular
O007870,C1557,2024-03-26,Home & Kitchen,1,13.51,13.51,5.67,2.03,False,West,Online,Regular
O007454,C1475,2023-10-01,Home & Kitchen,2,178.86,357.72,150.24,0.0,False,South,Partner,Premium
O006229,C1232,2023-01-27,Home & Kitchen,1,126.24,107.31,45.07,5.37,False,South,Partner,Regular
O009092,C1830,2023-11-18,Beauty,1,57.24,74.41,46.13,0.0,True,North,Online,Premium
O007585,C1505,2024-02-08,Beauty,1,50.83,43.21,26.79,4.32,True,South,Retail,Premium
O005674,C1124,2023-09-27,Beauty,1,36.19,36.19,22.44,5.43,False,Central,Online,Premium
O001222,C0230,2023-06-11,Clothing,1,74.03,74.03,40.72,11.1,False,East,App,Premium
O007808,C1548,2023-07-31,Clothing,1,5.0,5.0,2.75,0.5,False,South,Retail,Regular
O008170,C1630,2023-05-12,Home & Kitchen,1,59.24,59.24,24.88,5.92,False,East,Retail,Premium
O002267,C0444,2024-11-26,Sports,1,116.1,150.93,57.35,15.09,False,North,App,Occasional
O007175,C1430,2024-12-22,Beauty,1,48.02,62.43,38.71,0.0,False,East,Retail,Premium
O001041,C0198,2024-06-05,Clothing,1,64.66,64.66,35.56,0.0,False,North,Online,Occasional
O009423,C1890,2024-06-03,Electronics,1,418.31,418.31,92.03,0.0,False,East,Online,Premium
O005007,C1000,2024-04-18,Beauty,1,25.48,25.48,15.8,0.0,False,East,Online,Regular
O003170,C0628,2023-11-05,Sports,3,159.81,623.27,236.84,31.16,False,West,Online,Regular
O000242,C0045,2024-04-30,Home & Kitchen,1,38.9,38.9,16.34,3.89,False,East,App,Occasional
O009931,C1980,2023-07-11,Electronics,1,232.71,232.71,51.2,46.54,False,Central,Online,Regular
O002678,C0533,2023-06-05,Sports,1,41.63,41.63,15.82,0.0,True,West,Online,Regular
O008429,C1697,2024-06-02,Electronics,1,5.0,5.0,1.1,0.75,False,East,Online,Premium
O002244,C0436,2023-05-30,Sports,1,108.88,108.88,41.37,21.78,False,Central,Retail,Occasional
O005982,C1184,2023-10-04,Clothing,1,91.95,91.95,50.57,0.0,False,East,App,Regular
O009647,C1936,2023-09-19,Electronics,2,238.93,477.86,105.13,0.0,False,North,App,Premium
O002576,C0514,2024-06-20,Beauty,1,44.97,44.97,27.88,0.0,False,North,Online,Regular
O004930,C0983,2023-06-07,Electronics,1,169.71,169.71,37.34,0.0,False,Central,Online,Premium
O008443,C1703,2023-04-17,Home & Kitchen,1,125.38,125.38,52.66,25.08,False,North,App,Premium
O009080,C1828,2024-12-18,Clothing,1,134.02,174.23,95.83,34.85,False,South,Online,Regular
O009555,C1923,2024-08-20,Electronics,1,277.33,277.33,61.01,55.47,False,West,Online,Regular
O007065,C1408,2024-08-30,Beauty,1,43.1,43.1,26.72,4.31,False,West,Online,Premium
O002253,C0440,2023-09-14,Sports,1,153.31,153.31,58.26,15.33,False,North,App,Regular
O000888,C0161,2023-04-06,Home & Kitchen,1,58.54,58.54,24.59,2.93,False,South,Online,Regular
O008312,C1663,2023-09-06,Electronics,2,315.21,630.42,138.69,31.52,False,North,Online,Regular
O008365,C1683,2023-09-30,Beauty,1,5.0,5.0,3.1,0.0,False,South,App,Regular
O008257,C1648,2024-05-14,Clothing,1,40.36,40.36,22.2,8.07,False,West,App,Occasional
O001807,C0345,2023-02-22,Sports,2,5.0,8.5,3.23,1.7,False,West,Partner,Premium
O009067,C1825,2024-07-29,Electronics,1,100.24,100.24,22.05,0.0,False,Central,Online,Regular
O005592,C1115,2023-06-22,Electronics,2,304.56,609.12,134.01,91.37,False,Central,Retail,Regular
O003736,C0755,2024-05-31,Home & Kitchen,1,102.2,102.2,42.92,20.44,False,North,Online,Regular
O007394,C1464,2023-09-14,Clothing,1,34.28,34.28,18.85,5.14,False,East,App,Premium
O009529,C1918,2024-12-30,Electronics,1,593.64,771.73,169.78,77.17,False,Central,Online,Regular
O002967,C0580,2024-12-22,Sports,2,184.04,478.51,181.83,95.7,False,East,App,Premium
O006380,C1272,2023-08-18,Electronics,1,392.78,392.78,86.41,0.0,False,North,Online,Regular
O008016,C1591,2024-01-18,Sports,1,89.98,76.48,29.06,0.0,False,Central,App,Premium
O004562,C0921,2024-06-04,Electronics,1,149.16,149.16,32.82,29.83,False,East,Online,Regular
O003631,C0725,2024-05-18,Sports,1,21.47,21.47,8.16,3.22,False,Central,Online,Regular
O003814,C0769,2023-01-19,Home & Kitchen,1,118.65,100.85,42.36,20.17,False,East,Online,Occasional
O001184,C0225,2023-09-11,Sports,1,119.09,119.09,45.25,17.86,False,West,Online,Regular
O001055,C0201,2023-02-23,Home & Kitchen,1,110.51,93.93,39.45,0.0,False,North,Retail,Regular
O006689,C1334,2023-11-07,Clothing,2,81.06,210.75,115.91,0.0,False,North,Retail,Regular
O000921,C0174,2024-01-16,Home & Kitchen,1,7.43,6.32,2.65,0.95,False,South,Retail,Regular
O002664,C0531,2023-02-10,Clothing,1,88.04,74.83,41.16,0.0,False,East,Retail,Regular
O009386,C1885,2024-05-17,Home & Kitchen,1,74.61,74.61,31.34,0.0,False,North,Retail,Occasional
O009268,C1859,2024-07-18,Home & Kitchen,1,89.94,89.94,37.77,8.99,False,East,Online,Regular
O007380,C1461,2024-01-22,Clothing,1,73.17,62.19,34.2,12.44,False,Central,App,Regular
O001501,C0286,2024-06-26,Sports,1,5.0,5.0,1.9,0.0,False,North,Retail,Regular
O000947,C0179,2023-03-12,Electronics,1,206.9,206.9,45.52,20.69,False,East,Retail,Premium
O004141,C0831,2023-09-10,Home & Kitchen,1,5.0,5.0,2.1,1.0,False,South,Retail,Premium
O004882,C0974,2023-03-15,Beauty,2,30.56,61.11,37.89,0.0,False,South,Online,Regular
O008528,C1717,2023-05-03,Clothing,1,98.97,98.97,54.43,0.0,False,Central,Online,Regular
O009594,C1929,2024-09-20,Electronics,1,150.73,150.73,33.16,0.0,False,East,App,Premium
O000227,C0042,2024-01-31,Electronics,1,198.69,168.89,37.16,16.89,False,East,Online,Premium
O002786,C0552,2024-06-20,Home & Kitchen,1,112.59,112.59,47.29,16.89,False,West,Partner,Premium
O007863,C1557,2023-01-27,Clothing,1,117.08,99.52,54.74,0.0,False,West,Online,Regular
O005402,C1083,2023-08-03,Clothing,1,5.0,5.0,2.75,0.0,False,West,Partner,Premium
O000886,C0161,2024-04-07,Beauty,1,28.71,28.71,17.8,0.0,False,South,Online,Regular
O004877,C0971,2024-05-28,Beauty,1,52.63,52.63,32.63,5.26,True,North,App,Regular
O003399,C0674,2023-07-18,Sports,1,159.94,159.94,60.78,23.99,False,East,Online,Regular
O009114,C1834,2024-06-07,Sports,1,131.8,131.8,50.08,0.0,False,East,Online,Regular
O001759,C0335,2023-02-24,Electronics,1,211.16,179.48,39.49,26.92,False,East,Online,Regular
O007113,C1417,2024-03-18,Beauty,1,52.45,52.45,32.52,2.62,False,Central,App,Premium
O002824,C0559,2023-02-03,Electronics,1,253.78,215.72,47.46,32.36,False,West,Retail,Regular
O009007,C1814,2024-05-13,Sports,1,153.82,153.82,58.45,15.38,False,West,Online,Premium
O004547,C0916,2023-04-02,Clothing,1,109.77,109.77,60.37,0.0,False,East,Online,Regular
O004543,C0916,2023-04-12,Beauty,2,57.08,114.16,70.78,11.42,False,East,Online,Regular
O008081,C1611,2023-03-10,Beauty,2,50.4,100.8,62.5,15.12,False,North,App,Regular
O005578,C1112,2024-05-24,Home & Kitchen,2,63.28,126.55,53.15,12.66,False,North,Partner,Premium
O004813,C0960,2024-01-17,Electronics,1,582.13,494.81,108.86,74.22,False,Central,App,Premium
O006058,C1198,2024-02-23,Sports,3,16.74,42.67,16.21,8.53,False,West,Partner,Premium
O002399,C0470,2023-04-07,Electronics,1,5.0,5.0,1.1,0.5,False,West,App,Premium
O001731,C0331,2023-10-29,Beauty,2,58.94,117.89,73.09,5.89,True,West,App,Premium
O007652,C1521,2024-03-11,Clothing,1,65.08,65.08,35.79,0.0,False,East,App,Regular
O004139,C0831,2024-08-07,Electronics,1,422.6,422.6,92.97,0.0,False,South,Retail,Premium
O003607,C0719,2023-03-09,Sports,1,51.82,51.82,19.69,5.18,False,West,App,Regular
O004080,C0824,2024-03-09,Electronics,1,374.23,374.23,82.33,56.13,False,Central,Retail,Premium
O003043,C0599,2023-04-03,Home & Kitchen,1,40.37,40.37,16.96,0.0,True,North,Online,Regular
O006519,C1301,2024-05-17,Sports,1,125.13,125.13,47.55,18.77,False,West,Retail,Premium
O006168,C1215,2024-11-06,Electronics,2,500.84,1302.18,286.48,195.33,False,West,Online,Regular
O003396,C0674,2024-04-10,Sports,1,41.77,41.77,15.87,0.0,False,East,Online,Regular
O009727,C1946,2024-09-10,Beauty,1,17.85,17.85,11.07,0.89,False,Central,App,Regular
O006125,C1206,2024-02-03,Electronics,1,319.62,271.68,59.77,54.34,False,East,Retail,Premium
O003565,C0712,2024-12-06,Beauty,1,18.87,24.53,15.21,0.0,False,South,Online,Premium
O007220,C1437,2024-06-23,Electronics,1,601.86,601.86,132.41,0.0,False,North,Online,Premium
O002585,C0517,2024-05-31,Home & Kitchen,1,44.67,44.67,18.76,0.0,False,East,App,Premium
O005429,C1088,2024-10-27,Clothing,2,69.4,138.8,76.34,6.94,False,Central,Online,Regular
O004807,C0958,2024-11-24,Home & Kitchen,1,86.31,112.2,47.12,0.0,False,West,Online,Premium
O004128,C0830,2023-04-26,Electronics,1,464.14,464.14,102.11,92.83,False,West,Online,Regular
O009941,C1983,2024-12-17,Sports,1,81.49,105.94,40.26,0.0,False,North,Retail,Regular
O003556,C0711,2023-01-05,Electronics,2,155.88,264.99,58.3,39.75,False,East,Retail,Regular
O002328,C0458,2024-10-17,Sports,1,102.31,102.31,38.88,15.35,False,West,App,Occasional
O008711,C1752,2023-12-25,Beauty,1,23.44,30.47,18.89,1.52,False,Central,Online,Regular
O008265,C1651,2024-10-19,Clothing,3,109.7,329.11,181.01,0.0,False,West,Retail,Regular
O005415,C1085,2023-12-13,Beauty,1,31.27,40.65,25.2,4.07,True,South,Retail,Premium
O001422,C0267,2023-06-16,Sports,1,14.0,14.0,5.32,2.8,False,South,App,Premium
O001127,C0214,2024-02-19,Beauty,1,17.18,14.6,9.05,2.92,False,East,Online,Regular
O000309,C0059,2023-03-22,Clothing,1,45.17,45.17,24.84,0.0,False,Central,Online,Premium
O004154,C0835,2024-10-05,Clothing,1,93.48,93.48,51.41,0.0,False,East,Online,Premium
O007464,C1476,2023-12-16,Sports,2,174.85,454.62,172.76,22.73,False,Central,Retail,Regular
O004859,C0966,2024-07-17,Home & Kitchen,1,58.78,58.78,24.69,0.0,False,West,App,Regular
O006610,C1318,2024-01-02,Home & Kitchen,1,87.28,74.19,31.16,3.71,False,East,Retail,Regular
O008913,C1794,2024-09-24,Sports,1,222.3,222.3,84.47,0.0,False,South,App,Regular
O003024,C0595,2024-03-17,Home & Kitchen,2,98.5,197.01,82.74,39.4,False,North,App,Regular
O001226,C0231,2023-06-28,Clothing,1,40.02,40.02,22.01,6.0,False,North,App,Premium
O005325,C1061,2023-08-18,Beauty,1,19.01,19.01,11.79,1.9,False,North,Online,Regular
O002046,C0394,2023-07-27,Sports,1,105.28,105.28,40.01,10.53,False,North,Partner,Occasional
O008887,C1791,2023-02-06,Sports,1,148.35,126.1,47.92,18.92,False,West,Online,Regular
O000134,C0030,2024-02-12,Home & Kitchen,1,72.3,61.46,25.81,9.22,False,South,Online,Premium
O001765,C0336,2023-03-05,Sports,1,5.0,5.0,1.9,0.75,False,Central,Partner,Premium
O003715,C0747,2023-04-09,Home & Kitchen,1,56.81,56.81,23.86,11.36,False,South,Retail,Regular
O004384,C0883,2023-11-19,Beauty,2,34.09,88.63,54.95,4.43,False,West,App,Regular
O000334,C0064,2023-03-02,Home & Kitchen,1,98.29,98.29,41.28,19.66,False,Central,App,Regular
O008267,C1652,2023-04-07,Electronics,1,202.03,202.03,44.45,0.0,False,West,Online,Regular
O000255,C0049,2023-01-18,Electronics,1,275.48,234.16,51.52,0.0,False,Central,App,Regular
O001780,C0340,2024-02-01,Clothing,1,33.71,28.66,15.76,1.43,False,West,Online,Premium
O009171,C1843,2023-12-09,Beauty,1,35.95,46.73,28.97,0.0,False,North,Retail,Regular
O003475,C0694,2023-07-29,Beauty,1,55.81,55.81,34.6,0.0,False,South,Partner,Regular
O008663,C1745,2024-03-01,Beauty,1,85.97,85.97,53.3,17.19,False,Central,Online,Premium
O005806,C1145,2023-07-28,Home & Kitchen,3,32.13,96.38,40.48,9.64,False,West,Online,Premium
O006854,C1370,2024-11-03,Home & Kitchen,2,132.6,344.76,144.8,0.0,False,West,App,Regular
O002769,C0550,2023-07-04,Beauty,1,57.35,57.35,35.56,11.47,True,North,Online,Premium
O005528,C1107,2024-01-23,Sports,1,59.2,50.32,19.12,0.0,False,East,Online,Regular
O000385,C0077,2023-05-01,Electronics,2,38.67,77.34,17.01,11.6,False,South,App,Regular
O005184,C1029,2023-06-16,Electronics,1,506.34,506.34,111.39,0.0,False,East,Online,Premium
O009147,C1839,2024-02-10,Home & Kitchen,1,144.65,122.95,51.64,0.0,False,North,Online,Premium
O004120,C0828,2024-04-26,Electronics,1,210.82,210.82,46.38,0.0,False,South,Retail,Regular
O005427,C1086,2023-04-02,Beauty,2,66.9,133.79,82.95,26.76,False,North,Partner,Occasional
O006957,C1389,2023-09-23,Clothing,1,70.88,70.88,38.98,0.0,False,Central,Online,Premium
O005840,C1156,2023-04-19,Home & Kitchen,1,99.55,99.55,41.81,9.96,False,Central,Online,Regular
O004655,C0932,2024-05-27,Sports,2,30.64,61.28,23.29,3.06,False,West,Retail,Regular
O008167,C1630,2023-02-16,Beauty,1,62.5,53.13,32.94,0.0,False,East,Retail,Premium
O004658,C0934,2024-08-02,Sports,1,175.02,175.02,66.51,26.25,False,South,Retail,Regular
O000082,C0015,2024-11-26,Beauty,2,6.47,16.82,10.43,0.0,False,East,Online,Regular
O008777,C1763,2024-02-13,Clothing,1,28.01,23.81,13.1,0.0,False,Central,Retail,Regular
O007348,C1455,2024-07-28,Electronics,1,411.77,411.77,90.59,41.18,False,Central,Online,Premium
O004211,C0847,2024-08-05,Sports,1,11.35,11.35,4.31,0.0,False,West,Online,Regular
O004441,C0894,2024-08-09,Sports,2,122.29,244.59,92.94,36.69,False,South,Online,Regular
O009728,C1946,2024-01-27,Beauty,1,74.29,63.15,39.15,3.16,False,Central,App,Regular
O006970,C1391,2024-03-12,Sports,1,216.65,216.65,82.33,0.0,False,Central,Online,Regular
O007543,C1493,2024-06-03,Beauty,1,12.32,12.32,7.64,0.0,False,East,App,Regular
O007758,C1538,2023-06-12,Electronics,1,479.81,479.81,105.56,95.96,True,East,Online,Regular
O005535,C1108,2023-10-16,Home & Kitchen,1,18.7,18.7,7.85,1.87,False,Central,Retail,Premium
O008720,C1754,2024-03-25,Sports,1,192.58,192.58,73.18,0.0,False,West,Online,Regular
O001327,C0250,2023-08-30,Sports,2,105.23,210.45,79.97,10.52,False,East,App,Regular
O009167,C1842,2024-01-19,Home & Kitchen,2,96.65,164.31,69.01,16.43,True,North,Online,Regular
O002342,C0461,2024-05-03,Sports,2,46.77,93.55,35.55,0.0,False,West,Online,Regular
O007004,C1397,2024-08-12,Home & Kitchen,1,185.56,185.56,77.94,0.0,False,West,Online,Premium
O003122,C0617,2024-09-19,Beauty,2,33.33,66.67,41.34,0.0,False,West,App,Premium
O008113,C1619,2024-08-11,Electronics,1,281.3,281.3,61.89,0.0,False,North,Online,Regular
O007649,C1519,2024-01-11,Electronics,1,390.46,331.89,73.02,0.0,False,Central,App,Regular
O001096,C0209,2024-11-09,Clothing,1,70.99,92.29,50.76,0.0,False,Central,Retail,Occasional
O005440,C1090,2023-10-08,Home & Kitchen,1,161.27,161.27,67.73,24.19,False,North,App,Regular
O002370,C0464,2024-05-18,Home & Kitchen,1,214.53,214.53,90.1,0.0,False,North,Retail,Premium
O006441,C1285,2024-12-03,Clothing,1,106.24,138.11,75.96,0.0,False,East,Online,Premium
O006453,C1289,2023-12-29,Sports,1,95.14,123.68,47.0,6.18,True,West,App,Regular
O006892,C1378,2024-01-24,Sports,1,110.98,94.33,35.85,0.0,False,West,Retail,Regular
O002055,C0397,2024-05-08,Beauty,2,55.85,111.7,69.25,16.76,False,West,Online,Regular
O000539,C0103,2023-09-25,Clothing,1,74.28,74.28,40.85,7.43,False,West,App,Premium
O000885,C0161,2024-02-29,Home & Kitchen,2,112.99,192.08,80.67,9.6,False,South,Online,Regular
O001597,C0307,2023-02-21,Clothing,1,118.48,100.71,55.39,0.0,False,Central,Online,Premium
O000709,C0130,2024-04-17,Clothing,1,78.26,78.26,43.04,11.74,False,Central,Online,Regular
O008244,C1644,2023-01-12,Home & Kitchen,2,127.17,216.19,90.8,21.62,False,South,Online,Premium
O002603,C0517,2024-06-20,Clothing,3,76.48,229.45,126.2,0.0,False,East,App,Premium
O002289,C0448,2024-10-22,Home & Kitchen,1,64.21,64.21,26.97,3.21,False,West,Online,Premium
O000849,C0154,2024-10-31,Home & Kitchen,1,61.8,61.8,25.96,12.36,False,North,Online,Regular
O006659,C1327,2023-05-05,Beauty,3,5.0,15.0,9.3,0.0,False,North,App,Premium
O004985,C0996,2023-06-29,Home & Kitchen,1,12.28,12.28,5.16,0.61,False,North,Retail,Regular
O001638,C0312,2024-08-13,Sports,2,95.61,191.21,72.66,28.68,False,South,Online,Premium
O006805,C1357,2024-12-20,Beauty,1,31.04,40.36,25.02,8.07,False,Central,Online,Premium
O008129,C1624,2023-08-11,Home & Kitchen,2,85.06,170.12,71.45,34.02,False,Central,Online,Regular
O006498,C1298,2023-12-07,Electronics,1,173.84,226.0,49.72,11.3,False,West,Online,Premium
O003885,C0781,2024-08-15,Sports,1,94.96,94.96,36.08,0.0,False,West,App,Premium
O001307,C0245,2024-10-19,Sports,1,5.0,5.0,1.9,0.5,False,West,Retail,Regular
O008542,C1719,2023-09-24,Electronics,2,166.54,333.07,73.28,16.65,False,East,Online,Regular
O006542,C1306,2023-04-21,Clothing,1,63.95,63.95,35.17,0.0,False,South,Online,Occasional
O006440,C1285,2024-03-09,Electronics,1,165.07,165.07,36.32,0.0,False,East,Online,Premium
O005092,C1011,2024-12-05,Beauty,2,80.47,209.21,129.71,0.0,False,Central,App,Regular
O007538,C1492,2024-01-18,Beauty,1,50.54,42.96,26.64,4.3,False,Central,App,Regular
O002226,C0429,2024-07-15,Sports,1,13.52,13.52,5.14,0.0,False,North,App,Regular
O004287,C0864,2024-06-09,Beauty,1,69.08,69.08,42.83,6.91,False,Central,Online,Regular
O004577,C0923,2024-04-01,Electronics,1,347.61,347.61,76.47,0.0,False,South,Online,Premium
O008311,C1663,2023-06-14,Home & Kitchen,1,124.54,124.54,52.31,24.91,False,North,Online,Regular
O002032,C0391,2024-05-08,Electronics,1,387.4,387.4,85.23,0.0,False,Central,App,Premium
O008231,C1643,2023-10-01,Sports,1,113.92,113.92,43.29,22.78,False,South,App,Regular
O009011,C1814,2024-11-12,Beauty,1,17.47,22.71,14.08,0.0,False,West,Online,Premium
O005771,C1141,2023-08-14,Electronics,1,371.27,371.27,81.68,0.0,False,North,Online,Regular
O003674,C0737,2023-04-15,Clothing,1,82.83,82.83,45.56,0.0,False,South,Retail,Regular
O000621,C0113,2024-08-03,Electronics,2,517.3,1034.6,227.61,206.92,False,East,Partner,Premium
O005857,C1161,2023-01-02,Beauty,1,72.91,61.97,38.42,0.0,False,West,App,Regular
O002839,C0561,2023-11-03,Home & Kitchen,1,133.89,174.06,73.11,0.0,False,West,App,Regular
O005775,C1143,2023-02-16,Sports,1,139.46,118.54,45.05,11.85,False,West,Online,Regular
O002787,C0553,2024-01-29,Sports,1,105.54,89.71,34.09,13.46,False,North,Partner,Occasional
O009814,C1958,2023-12-05,Home & Kitchen,1,101.15,131.5,55.23,19.72,False,North,Online,Premium
O001296,C0243,2024-11-08,Electronics,1,492.83,640.68,140.95,96.1,False,West,Online,Premium
O006751,C1349,2023-07-16,Home & Kitchen,1,81.7,81.7,34.31,0.0,True,West,Partner,Premium
O000729,C0135,2023-04-22,Home & Kitchen,1,29.61,29.61,12.44,5.92,False,Central,App,Regular
O006427,C1285,2024-06-24,Home & Kitchen,1,100.6,100.6,42.25,10.06,True,East,Online,Premium
O009365,C1878,2023-12-12,Clothing,1,83.21,108.17,59.49,0.0,False,West,Retail,Regular
O009913,C1976,2023-06-02,Electronics,1,29.08,29.08,6.4,4.36,False,West,Online,Regular
O001174,C0221,2023-11-26,Electronics,3,673.09,2625.06,577.51,131.25,False,East,App,Regular
O003064,C0601,2023-02-24,Beauty,1,46.14,39.22,24.32,0.0,False,East,Retail,Premium
O001684,C0323,2024-04-10,Sports,2,56.69,113.38,43.08,0.0,False,South,Partner,Regular
O004155,C0835,2024-08-31,Sports,1,55.4,55.4,21.05,8.31,False,East,Online,Premium
O006084,C1201,2024-03-19,Beauty,1,22.08,22.08,13.69,0.0,False,East,Partner,Premium
O004075,C0822,2023-05-17,Home & Kitchen,1,29.95,29.95,12.58,5.99,False,Central,App,Premium
O000451,C0088,2024-06-28,Beauty,1,60.58,60.58,37.56,3.03,False,Central,Partner,Regular
O001177,C0221,2024-09-03,Clothing,1,61.97,61.97,34.08,0.0,False,East,App,Regular
O007913,C1567,2024-07-01,Electronics,1,514.46,514.46,113.18,102.89,False,North,Online,Regular
O005302,C1055,2024-05-31,Clothing,1,52.07,52.07,28.64,0.0,False,North,App,Occasional
O005811,C1146,2023-06-01,Beauty,2,22.89,45.78,28.38,2.29,False,West,Online,Premium
O004527,C0912,2023-07-04,Electronics,1,440.87,440.87,96.99,0.0,False,West,Online,Regular
O009821,C1960,2023-09-09,Sports,3,69.15,207.45,78.83,0.0,False,East,Online,Regular
O006448,C1288,2023-01-30,Beauty,1,61.35,52.15,32.33,2.61,True,South,App,Occasional
O008822,C1772,2023-03-09,Home & Kitchen,1,23.11,23.11,9.71,0.0,False,West,App,Regular
O005564,C1111,2024-10-12,Clothing,1,84.64,84.64,46.55,16.93,True,West,App,Regular
O007811,C1548,2024-09-09,Clothing,1,91.45,91.45,50.3,4.57,False,South,Retail,Regular
O006767,C1351,2024-09-25,Sports,2,122.17,244.33,92.85,24.43,False,Central,Partner,Occasional
O006092,C1202,2023-02-09,Clothing,1,59.83,50.86,27.97,5.09,False,East,Online,Regular
O002633,C0523,2023-07-28,Beauty,2,34.53,69.05,42.81,6.9,False,South,Online,Premium
O004339,C0873,2024-07-24,Home & Kitchen,1,119.93,119.93,50.37,0.0,False,North,Online,Premium
O007186,C1431,2024-02-26,Sports,1,145.33,123.53,46.94,6.18,False,West,Online,Regular
O002294,C0450,2023-06-21,Beauty,1,44.23,44.23,27.42,0.0,False,Central,Online,Occasional
O006087,C1201,2023-12-17,Electronics,1,424.58,551.95,121.43,55.2,False,East,Partner,Premium
O001012,C0194,2024-04-09,Home & Kitchen,1,159.31,159.31,66.91,15.93,False,West,App,Regular
O009322,C1870,2023-05-28,Electronics,2,494.29,988.58,217.49,0.0,True,West,Online,Regular
O004465,C0900,2023-06-16,Beauty,1,52.36,52.36,32.46,0.0,False,North,App,Regular
O002490,C0490,2023-08-02,Home & Kitchen,1,128.82,128.82,54.1,19.32,False,East,Partner,Premium
O001473,C0276,2024-12-03,Sports,1,93.24,121.21,46.06,12.12,False,North,Online,Regular
O003551,C0709,2024-06-30,Beauty,1,19.51,19.51,12.1,0.0,False,South,Online,Occasional
O008277,C1655,2024-06-07,Sports,1,155.58,155.58,59.12,0.0,False,North,Retail,Regular
O003687,C0740,2024-05-06,Home & Kitchen,1,5.0,5.0,2.1,0.0,False,Central,Online,Regular
O006183,C1222,2024-03-06,Home & Kitchen,1,84.16,84.16,35.35,0.0,False,Central,Online,Regular
O001720,C0330,2024-06-04,Sports,1,139.65,139.65,53.07,27.93,False,West,App,Regular
O007629,C1516,2024-04-06,Electronics,1,50.63,50.63,11.14,5.06,False,North,Online,Regular
O007013,C1399,2024-07-27,Sports,2,5.0,10.0,3.8,1.0,False,West,App,Regular
O003015,C0594,2023-11-06,Home & Kitchen,1,80.45,104.58,43.92,10.46,False,North,Partner,Regular
O001777,C0339,2024-12-13,Clothing,1,70.55,91.71,50.44,0.0,False,West,Partner,Regular
O006881,C1376,2023-01-22,Clothing,1,78.06,66.35,36.49,3.32,False,West,Online,Regular
O007735,C1535,2024-10-08,Sports,1,229.54,229.54,87.23,11.48,False,West,Partner,Regular
O008693,C1749,2023-04-25,Beauty,2,9.16,18.32,11.36,0.0,False,East,Online,Regular
O003847,C0775,2024-03-14,Home & Kitchen,2,5.0,10.0,4.2,0.0,False,South,Online,Regular
O007442,C1474,2024-09-20,Sports,2,5.0,10.0,3.8,1.5,False,Central,Online,Regular
O008814,C1771,2024-11-23,Electronics,1,367.74,478.07,105.18,0.0,False,North,Retail,Regular
O007187,C1431,2024-03-28,Electronics,1,395.56,395.56,87.02,19.78,False,West,Online,Regular
O006043,C1196,2023-04-07,Electronics,1,149.02,149.02,32.78,7.45,False,East,App,Premium
O007705,C1530,2024-02-21,Home & Kitchen,1,54.53,46.35,19.47,0.0,False,South,Online,Regular
O006863,C1372,2024-10-31,Beauty,2,26.57,53.15,32.95,0.0,False,North,App,Regular
O003852,C0776,2024-10-25,Home & Kitchen,1,101.48,101.48,42.62,0.0,False,South,App,Premium
O001333,C0252,2024-09-27,Sports,1,128.82,128.82,48.95,0.0,False,North,Online,Regular
O002498,C0491,2024-09-23,Clothing,1,50.02,50.02,27.51,0.0,True,West,Retail,Premium
O003192,C0631,2023-09-05,Sports,1,62.34,62.34,23.69,9.35,True,East,App,Regular
O009920,C1978,2024-10-21,Home & Kitchen,2,183.38,366.76,154.04,55.01,False,West,Online,Occasional
O000823,C0150,2024-01-03,Home & Kitchen,1,148.28,126.04,52.94,0.0,False,West,App,Occasional
O005815,C1146,2023-06-30,Electronics,1,244.67,244.67,53.83,0.0,False,West,Online,Premium
O003406,C0677,2024-04-21,Home & Kitchen,1,133.01,133.01,55.86,6.65,False,West,Retail,Regular
O008703,C1751,2023-02-12,Sports,1,54.12,46.01,17.48,6.9,False,South,App,Regular
O003875,C0780,2023-11-03,Clothing,1,63.9,83.07,45.69,0.0,False,West,Retail,Regular
O001755,C0335,2024-03-08,Home & Kitchen,2,154.35,308.69,129.65,61.74,False,East,Online,Regular
O003393,C0672,2024-05-11,Home & Kitchen,1,98.8,98.8,41.5,0.0,False,South,Online,Occasional
O000993,C0190,2024-12-30,Sports,1,104.32,135.61,51.53,13.56,False,Central,Retail,Premium
O007324,C1453,2023-05-19,Electronics,2,193.65,387.3,85.21,0.0,False,West,Online,Regular
O008839,C1776,2024-11-10,Sports,1,36.71,47.72,18.13,0.0,False,East,Retail,Occasional
O000785,C0144,2024-12-21,Electronics,2,361.56,940.04,206.81,188.01,False,South,App,Regular
O000031,C0006,2024-11-03,Beauty,1,55.78,72.52,44.96,10.88,False,South,Online,Premium
O004158,C0835,2024-09-29,Home & Kitchen,2,104.61,209.23,87.88,10.46,False,East,Online,Premium
O000374,C0073,2023-11-06,Home & Kitchen,2,142.14,369.57,155.22,36.96,False,West,App,Regular
O003751,C0757,2023-10-23,Electronics,1,59.3,59.3,13.05,5.93,False,South,App,Premium
O007780,C1543,2023-04-11,Sports,2,81.73,163.46,62.11,8.17,False,Central,Online,Premium
O003089,C0609,2024-10-19,Beauty,2,60.52,121.03,75.04,24.21,False,East,Online,Regular
O007456,C1475,2023-02-15,Beauty,1,24.44,20.78,12.88,0.0,False,South,Partner,Premium
O009774,C1955,2024-01-12,Sports,1,195.4,166.09,63.11,0.0,False,North,Retail,Premium
O005399,C1082,2023-05-21,Electronics,2,642.62,1285.24,282.75,64.26,False,South,Retail,Occasional
O006268,C1243,2023-07-02,Beauty,1,80.63,80.63,49.99,12.09,False,West,Online,Regular
O008797,C1767,2024-06-13,Home & Kitchen,1,87.15,87.15,36.6,4.36,False,West,App,Regular
O003430,C0685,2024-03-11,Beauty,1,34.2,34.2,21.2,3.42,False,Central,Retail,Regular
O009961,C1988,2023-12-07,Clothing,1,60.57,78.74,43.31,11.81,False,East,Partner,Premium
O001923,C0371,2024-05-12,Home & Kitchen,1,98.77,98.77,41.48,4.94,False,North,Online,Regular
O004727,C0946,2023-01-11,Electronics,1,554.83,471.6,103.75,23.58,False,East,Online,Regular
O009421,C1890,2024-11-11,Sports,2,107.5,279.5,106.21,0.0,False,East,Online,Premium
O002731,C0543,2024-02-23,Sports,2,5.0,8.5,3.23,1.7,False,South,App,Premium
O004189,C0842,2024-07-30,Beauty,1,72.57,72.57,44.99,7.26,True,North,Online,Occasional
O007789,C1545,2024-08-07,Clothing,1,109.71,109.71,60.34,16.46,False,Central,App,Occasional
O009583,C1927,2024-08-07,Clothing,2,107.48,214.97,118.23,42.99,False,North,App,Regular
O003890,C0783,2024-03-13,Electronics,1,175.22,175.22,38.55,0.0,False,West,App,Occasional
O006903,C1381,2024-09-28,Electronics,1,501.62,501.62,110.36,25.08,False,Central,Retail,Regular
O006450,C1288,2024-04-08,Clothing,1,30.4,30.4,16.72,0.0,False,South,App,Occasional
O000963,C0185,2023-03-28,Clothing,2,39.92,79.85,43.92,0.0,False,East,App,Regular
O003783,C0764,2024-08-18,Home & Kitchen,1,5.0,5.0,2.1,0.5,False,West,Online,Premium
O002019,C0389,2024-08-29,Clothing,1,73.57,73.57,40.46,0.0,False,West,Retail,Premium
O005603,C1117,2024-07-06,Home & Kitchen,1,114.56,114.56,48.12,22.91,False,East,Online,Premium
O008633,C1738,2024-06-04,Sports,1,87.79,87.79,33.36,8.78,False,West,Partner,Regular
O005630,C1120,2023-08-20,Sports,1,134.43,134.43,51.08,6.72,False,East,Online,Regular
O005501,C1100,2023-09-18,Beauty,1,46.94,46.94,29.1,7.04,False,East,Retail,Regular
O001057,C0201,2024-06-12,Beauty,2,31.21,62.43,38.71,0.0,False,North,Retail,Regular
O008190,C1635,2023-01-27,Sports,1,27.26,23.17,8.8,0.0,False,North,Retail,Regular
O004213,C0848,2023-02-16,Electronics,1,410.38,348.82,76.74,34.88,False,East,Retail,Premium
O000691,C0127,2023-12-09,Sports,3,145.38,566.97,215.45,28.35,False,West,App,Regular
O004638,C0929,2023-08-15,Home & Kitchen,1,24.39,24.39,10.24,3.66,False,South,Partner,Regular
O008871,C1783,2024-05-16,Beauty,1,39.1,39.1,24.24,0.0,False,Central,Online,Regular
O009554,C1923,2024-04-10,Electronics,1,325.41,325.41,71.59,32.54,False,West,Online,Regular
O004876,C0971,2023-03-26,Sports,2,108.85,217.7,82.73,0.0,True,North,App,Regular
O000028,C0006,2023-01-17,Clothing,1,93.08,79.12,43.52,0.0,False,South,Online,Premium
O006586,C1314,2023-12-30,Electronics,1,88.65,115.24,25.35,0.0,False,South,App,Regular
O000509,C0098,2024-11-20,Beauty,1,27.45,35.69,22.13,3.57,True,South,Partner,Premium
O002086,C0401,2024-10-29,Clothing,1,31.89,31.89,17.54,3.19,False,North,Partner,Premium
O005317,C1060,2023-10-15,Beauty,1,71.44,71.44,44.29,0.0,False,West,Partner,Regular
O008795,C1766,2024-07-18,Beauty,2,58.31,116.61,72.3,0.0,False,South,App,Premium
O008562,C1722,2023-07-06,Sports,3,65.25,195.74,74.38,19.57,False,Central,Online,Regular
O005809,C1146,2024-04-01,Sports,1,223.03,223.03,84.75,0.0,False,West,Online,Premium
O007345,C1455,2023-11-10,Clothing,1,45.25,58.83,32.36,0.0,False,Central,Online,Premium
O006342,C1259,2024-11-18,Electronics,1,244.08,317.3,69.81,0.0,False,West,App,Regular
O006560,C1310,2023-05-31,Home & Kitchen,2,119.92,239.85,100.74,11.99,False,North,Online,Regular
O003644,C0728,2024-08-12,Clothing,1,118.42,118.42,65.13,0.0,False,South,Online,Regular
O002992,C0589,2023-04-10,Beauty,1,25.2,25.2,15.62,1.26,False,East,Retail,Occasional
O000970,C0187,2024-09-13,Beauty,1,44.42,44.42,27.54,4.44,False,Central,App,Occasional
O000266,C0050,2024-05-06,Sports,1,130.53,130.53,49.6,0.0,False,North,App,Premium
O006653,C1326,2024-06-16,Electronics,1,5.0,5.0,1.1,0.0,False,West,App,Regular
O000211,C0041,2024-08-20,Clothing,2,90.9,181.8,99.99,0.0,False,East,App,Premium
O003276,C0649,2023-04-20,Home & Kitchen,1,103.48,103.48,43.46,15.52,False,Central,App,Premium
O004853,C0965,2024-04-07,Clothing,2,96.55,193.11,106.21,38.62,False,North,Online,Regular
O009687,C1940,2023-07-03,Sports,2,78.96,157.93,60.01,0.0,False,North,App,Premium
O009646,C1936,2023-04-02,Clothing,1,47.42,47.42,26.08,2.37,False,North,App,Premium
O006479,C1294,2024-02-19,Sports,3,183.34,467.52,177.66,23.38,False,North,Partner,Regular
O003142,C0621,2024-06-01,Sports,1,184.88,184.88,70.25,0.0,False,South,Partner,Premium
O008111,C1619,2024-04-13,Home & Kitchen,1,122.42,122.42,51.42,18.36,False,North,Online,Regular
O001444,C0270,2024-09-30,Sports,1,140.56,140.56,53.41,7.03,False,South,Retail,Regular
O001319,C0248,2024-11-15,Home & Kitchen,1,104.49,135.84,57.05,0.0,True,West,Online,Regular
O000380,C0075,2024-04-21,Home & Kitchen,1,108.19,108.19,45.44,0.0,False,North,Online,Regular
O003256,C0646,2024-03-22,Beauty,1,45.99,45.99,28.51,2.3,False,South,App,Regular
O005896,C1170,2024-01-30,Home & Kitchen,1,158.8,134.98,56.69,0.0,False,Central,App,Occasional
O002659,C0530,2024-09-03,Electronics,1,63.07,63.07,13.88,6.31,False,Central,App,Occasional
O003587,C0715,2024-01-05,Clothing,1,37.24,31.65,17.41,1.58,False,South,Online,Regular
O007775,C1543,2023-10-23,Clothing,1,50.73,50.73,27.9,0.0,False,Central,Online,Premium
O009650,C1937,2024-05-05,Electronics,1,209.22,209.22,46.03,0.0,False,East,Online,Regular
O008909,C1793,2023-03-31,Sports,1,137.26,137.26,52.16,27.45,False,West,App,Regular
O002882,C0568,2023-03-11,Home & Kitchen,2,61.77,123.55,51.89,0.0,True,East,Partner,Premium
O003618,C0722,2023-02-13,Sports,1,52.77,44.85,17.04,8.97,False,East,Retail,Regular
O007916,C1569,2023-02-27,Beauty,1,63.63,54.08,33.53,2.7,False,South,Retail,Occasional
O009492,C1906,2024-02-07,Clothing,1,53.99,45.89,25.24,0.0,False,West,Online,Regular
O006992,C1395,2023-03-21,Clothing,2,60.34,120.68,66.37,0.0,False,North,App,Regular
O003689,C0741,2024-01-07,Beauty,1,46.49,39.51,24.5,0.0,False,North,Online,Regular
O006200,C1226,2024-02-29,Sports,1,193.63,164.59,62.54,0.0,False,East,Retail,Premium
O003030,C0598,2024-12-29,Home & Kitchen,1,73.03,94.94,39.87,9.49,True,North,App,Regular
O000777,C0142,2024-03-18,Clothing,1,96.75,96.75,53.21,4.84,False,Central,Partner,Premium
O009361,C1876,2023-04-05,Beauty,1,38.51,38.51,23.88,0.0,False,West,Online,Regular
O008666,C1745,2023-07-14,Home & Kitchen,1,117.96,117.96,49.54,23.59,False,Central,Online,Premium
O007272,C1447,2024-05-16,Sports,1,39.45,39.45,14.99,3.94,False,Central,Online,Regular
O002500,C0491,2023-03-14,Sports,1,154.04,154.04,58.54,30.81,True,West,Retail,Premium
O008823,C1772,2024-09-30,Electronics,2,32.89,65.78,14.47,0.0,False,West,App,Regular
O001775,C0338,2024-02-03,Home & Kitchen,1,148.84,126.51,53.13,0.0,False,North,Online,Occasional
O001855,C0350,2024-03-21,Sports,3,5.0,15.0,5.7,2.25,False,East,Online,Premium
O001644,C0315,2023-04-08,Electronics,1,224.54,224.54,49.4,11.23,False,Central,Partner,Regular
O005017,C1002,2023-12-01,Home & Kitchen,1,145.93,189.71,79.68,28.46,False,East,App,Premium
O001090,C0207,2023-03-28,Home & Kitchen,1,211.59,211.59,88.87,21.16,False,North,Retail,Premium
O002214,C0426,2024-02-08,Sports,1,90.49,76.92,29.23,15.38,False,North,Online,Regular
O008041,C1596,2023-03-17,Beauty,3,65.07,195.21,121.03,0.0,False,West,Online,Regular
O001969,C0377,2024-06-10,Home & Kitchen,1,5.0,5.0,2.1,0.0,False,Central,Online,Premium
O003313,C0656,2024-09-22,Beauty,1,38.68,38.68,23.98,0.0,False,Central,Online,Regular
O005350,C1065,2023-05-10,Beauty,1,71.52,71.52,44.34,7.15,False,West,App,Premium
O000524,C0101,2024-07-19,Sports,1,223.33,223.33,84.87,0.0,False,East,Online,Premium
O000882,C0160,2024-05-16,Beauty,1,50.68,50.68,31.42,0.0,False,West,Online,Regular
O001772,C0337,2024-07-29,Home & Kitchen,1,138.44,138.44,58.14,27.69,False,East,App,Regular
O001389,C0263,2023-08-05,Home & Kitchen,1,88.73,88.73,37.27,17.75,False,Central,Online,Premium
O002385,C0468,2023-02-02,Home & Kitchen,1,138.55,117.77,49.46,0.0,False,West,App,Premium
O006923,C1385,2024-01-06,Beauty,1,50.01,42.5,26.35,0.0,False,South,Online,Premium
O009609,C1931,2023-03-25,Electronics,1,131.41,131.41,28.91,6.57,False,East,Online,Premium
O006179,C1222,2024-03-30,Home & Kitchen,1,100.83,100.83,42.35,10.08,False,Central,Online,Regular
O000881,C0160,2024-11-23,Sports,1,9.37,12.19,4.63,0.61,False,West,Online,Regular
O005254,C1041,2023-03-04,Electronics,1,383.96,383.96,84.47,0.0,False,East,Retail,Regular
O002959,C0579,2023-06-02,Electronics,1,286.77,286.77,63.09,0.0,False,North,Online,Regular
O000202,C0041,2023-12-02,Home & Kitchen,1,27.94,36.32,15.25,3.63,False,East,App,Premium
O002799,C0554,2023-11-13,Sports,2,5.0,13.0,4.94,1.95,True,East,Online,Premium
O005321,C1061,2023-05-20,Clothing,2,23.38,46.77,25.72,4.68,False,North,Online,Regular
O009070,C1826,2024-09-11,Sports,1,99.19,99.19,37.69,9.92,False,East,Online,Regular
O000789,C0145,2024-01-10,Electronics,1,389.68,331.22,72.87,0.0,False,West,Online,Regular
O007330,C1454,2023-01-06,Home & Kitchen,1,171.96,146.17,61.39,0.0,False,West,Online,Premium
O004281,C0862,2024-03-01,Sports,1,5.0,5.0,1.9,1.0,False,West,Online,Regular
O002006,C0383,2023-07-11,Electronics,1,340.3,340.3,74.87,0.0,False,Central,Online,Regular
O002140,C0412,2024-11-16,Sports,1,137.59,178.87,67.97,8.94,True,East,App,Premium
O003364,C0665,2023-04-26,Beauty,2,23.72,47.44,29.41,9.49,False,West,Partner,Regular
O002221,C0427,2024-11-21,Beauty,3,59.49,232.03,143.86,0.0,False,North,Online,Regular
O005539,C1108,2024-02-03,Clothing,2,75.98,129.17,71.04,0.0,True,Central,Retail,Premium
O006171,C1215,2024-12-19,Electronics,1,549.23,714.0,157.08,71.4,False,West,Online,Regular
O004431,C0891,2024-04-04,Beauty,1,37.26,37.26,23.1,0.0,False,North,App,Premium
O005449,C1091,2024-07-04,Sports,1,150.9,150.9,57.34,0.0,False,North,Retail,Regular
O003624,C0723,2023-01-03,Home & Kitchen,2,27.04,45.96,19.3,0.0,False,East,App,Regular
O000183,C0037,2024-03-26,Beauty,1,14.72,14.72,9.13,0.74,False,East,Partner,Premium
O009832,C1963,2024-04-20,Electronics,1,107.77,107.77,23.71,0.0,False,North,Partner,Regular
O000396,C0079,2023-08-12,Home & Kitchen,1,25.56,25.56,10.74,5.11,False,South,Online,Regular
O003746,C0756,2023-11-18,Beauty,1,71.41,92.84,57.56,0.0,False,North,Retail,Premium
O009415,C1888,2024-03-04,Home & Kitchen,2,45.24,90.48,38.0,4.52,False,East,App,Regular
O007545,C1493,2023-10-03,Clothing,1,14.22,14.22,7.82,1.42,False,East,App,Regular
O003305,C0653,2023-05-14,Beauty,1,45.08,45.08,27.95,0.0,False,West,Partner,Premium
O001932,C0372,2023-08-15,Clothing,1,114.85,114.85,63.17,17.23,False,West,App,Regular
O006740,C1344,2023-11-25,Electronics,1,481.76,626.29,137.78,0.0,False,North,Online,Regular
O005888,C1167,2023-11-24,Beauty,2,66.0,171.61,106.4,0.0,False,North,Partner,Premium
O006099,C1203,2024-01-06,Beauty,2,76.02,129.23,80.12,25.85,False,East,Online,Regular
O002957,C0578,2024-03-27,Beauty,1,36.33,36.33,22.52,5.45,False,East,Online,Regular
O004082,C0824,2023-03-16,Sports,1,102.48,102.48,38.94,0.0,False,Central,Retail,Premium
O006537,C1304,2023-09-08,Clothing,1,113.34,113.34,62.34,11.33,False,West,App,Regular
O009020,C1816,2023-11-12,Beauty,2,43.34,112.69,69.87,16.9,False,South,App,Occasional
O006195,C1225,2023-10-18,Electronics,1,413.86,413.86,91.05,0.0,False,South,Online,Regular
O007579,C1502,2023-04-09,Home & Kitchen,1,105.64,105.64,44.37,5.28,False,East,Retail,Regular
O005199,C1030,2024-09-11,Electronics,2,539.46,1078.92,237.36,53.95,False,Central,App,Regular
O000402,C0081,2023-03-21,Home & Kitchen,2,62.48,124.96,52.48,12.5,False,North,App,Regular
O000590,C0109,2023-09-07,Home & Kitchen,2,87.16,174.33,73.22,26.15,False,North,Online,Premium
O000774,C0142,2024-02-19,Electronics,2,260.42,442.71,97.4,66.41,False,Central,Partner,Premium
O004901,C0979,2023-06-02,Sports,1,34.34,34.34,13.05,6.87,False,East,App,Premium
O000163,C0033,2024-08-17,Sports,1,131.43,131.43,49.94,0.0,False,West,Online,Regular
O009575,C1927,2024-11-07,Sports,1,176.83,229.88,87.35,22.99,False,North,App,Regular
O004970,C0994,2023-10-10,Clothing,1,75.36,75.36,41.45,0.0,False,South,App,Premium
O009917,C1977,2023-09-02,Home & Kitchen,1,114.99,114.99,48.3,17.25,False,Central,Online,Regular
O004448,C0896,2023-04-11,Beauty,1,75.01,75.01,46.51,0.0,False,West,Online,Regular
O004180,C0840,2024-03-18,Sports,1,138.29,138.29,52.55,20.74,False,East,Retail,Regular
O009968,C1988,2023-02-10,Sports,1,168.67,143.37,54.48,7.17,False,East,Partner,Premium
O005101,C1013,2023-01-14,Electronics,1,568.4,483.14,106.29,0.0,False,West,Online,Regular
O006720,C1340,2024-09-24,Clothing,1,5.71,5.71,3.14,1.14,False,West,Partner,Premium
O000306,C0059,2023-12-20,Electronics,3,458.17,1786.85,393.11,357.37,False,Central,Online,Premium
O002100,C0402,2024-12-23,Electronics,1,425.88,553.65,121.8,27.68,False,Central,Online,Regular
O008383,C1687,2024-03-26,Electronics,1,547.99,547.99,120.56,109.6,True,Central,App,Regular
O002345,C0462,2023-10-27,Electronics,1,258.96,258.96,56.97,25.9,True,West,Online,Regular
O005974,C1181,2024-12-10,Electronics,1,622.42,809.14,178.01,40.46,False,South,App,Regular
O002013,C0387,2024-05-05,Home & Kitchen,1,132.42,132.42,55.62,0.0,False,Central,App,Occasional
O005472,C1095,2023-11-02,Clothing,1,127.87,166.22,91.42,0.0,False,Central,App,Regular
O004664,C0934,2023-09-23,Clothing,1,90.36,90.36,49.7,9.04,False,South,Retail,Regular
O000758,C0141,2024-05-09,Sports,1,157.39,157.39,59.81,0.0,False,West,App,Premium
O004266,C0860,2023-03-30,Home & Kitchen,1,93.1,93.1,39.1,0.0,False,South,Online,Regular
O009335,C1873,2024-03-08,Home & Kitchen,1,138.69,138.69,58.25,0.0,False,South,Online,Premium
O009138,C1837,2023-02-23,Electronics,2,112.35,190.99,42.02,28.65,False,East,Online,Regular
O008710,C1752,2023-09-14,Sports,1,134.37,134.37,51.06,0.0,True,Central,Online,Regular
O006545,C1308,2024-06-23,Electronics,1,240.39,240.39,52.89,0.0,False,West,App,Premium
O001355,C0258,2023-06-01,Beauty,1,5.0,5.0,3.1,0.5,False,South,Online,Regular
O000483,C0091,2024-11-26,Sports,1,60.65,78.85,29.96,3.94,False,Central,App,Regular
O005913,C1173,2024-12-11,Clothing,1,78.37,101.88,56.03,20.38,False,South,Retail,Occasional
O004689,C0937,2023-01-26,Clothing,1,80.25,68.21,37.52,10.23,False,South,Online,Premium
O008755,C1760,2024-04-10,Beauty,1,97.76,97.76,60.61,9.78,False,Central,Online,Regular
O003055,C0601,2024-11-26,Sports,1,5.0,6.5,2.47,0.0,False,East,Retail,Premium
O003407,C0677,2024-03-04,Home & Kitchen,1,36.45,36.45,15.31,0.0,False,West,Retail,Regular
O005260,C1043,2024-09-09,Sports,1,51.8,51.8,19.68,5.18,False,East,Online,Regular
O003823,C0772,2023-06-18,Beauty,1,96.79,96.79,60.01,4.84,False,North,Retail,Regular
O005392,C1079,2023-04-10,Home & Kitchen,1,30.12,30.12,12.65,0.0,False,North,Partner,Occasional
O004132,C0831,2023-10-18,Electronics,1,392.54,392.54,86.36,0.0,False,South,Retail,Premium
O008225,C1640,2023-09-14,Electronics,1,399.38,399.38,87.86,0.0,False,East,App,Regular
O001925,C0371,2024-11-06,Sports,1,317.65,412.94,156.92,0.0,False,North,Online,Regular
O007837,C1551,2024-03-14,Sports,1,73.34,73.34,27.87,14.67,False,North,Online,Regular
O008978,C1809,2024-07-13,Electronics,1,309.6,309.6,68.11,46.44,False,Central,Online,Regular
O008349,C1676,2024-11-11,Sports,1,166.45,216.39,82.23,10.82,False,Central,Online,Premium
O008468,C1706,2024-01-08,Beauty,1,14.27,12.13,7.52,2.43,False,West,Online,Occasional
O001276,C0240,2024-08-31,Beauty,1,76.58,76.58,47.48,7.66,False,West,Online,Premium
O003659,C0731,2023-04-07,Home & Kitchen,2,68.88,137.76,57.86,13.78,False,South,Online,Regular
O000734,C0136,2024-07-30,Clothing,2,75.92,151.84,83.51,22.78,False,West,Online,Regular
O000460,C0089,2023-07-31,Beauty,1,67.79,67.79,42.03,0.0,False,South,Retail,Premium
O001863,C0351,2023-03-14,Clothing,1,48.32,48.32,26.58,4.83,False,West,Online,Regular
O004307,C0866,2024-09-08,Electronics,1,299.95,299.95,65.99,59.99,True,Central,App,Premium
O005296,C1054,2024-11-05,Clothing,2,41.8,108.69,59.78,21.74,False,South,Online,Regular
O003190,C0631,2024-02-05,Home & Kitchen,2,97.29,165.4,69.47,8.27,False,East,App,Regular
O009107,C1833,2023-11-28,Clothing,1,61.55,80.01,44.01,4.0,False,Central,Partner,Regular
O007613,C1510,2023-03-26,Home & Kitchen,1,85.78,85.78,36.03,0.0,False,West,Partner,Regular
O002372,C0465,2023-06-05,Clothing,1,102.4,102.4,56.32,0.0,False,Central,Online,Regular
O009830,C1963,2023-08-17,Beauty,1,76.79,76.79,47.61,15.36,False,North,Partner,Regular
O003299,C0653,2023-03-15,Clothing,1,73.03,73.03,40.17,0.0,False,West,Partner,Premium
O009726,C1946,2023-11-02,Sports,1,166.56,216.52,82.28,0.0,False,Central,App,Regular
O007117,C1417,2023-12-29,Beauty,2,40.69,105.79,65.59,21.16,False,Central,App,Premium
O008678,C1746,2023-07-07,Electronics,1,263.52,263.52,57.97,26.35,False,South,Online,Regular
O003968,C0798,2024-05-17,Home & Kitchen,2,43.66,87.32,36.67,8.73,False,Central,Online,Premium
O008905,C1793,2023-03-18,Home & Kitchen,1,59.57,59.57,25.02,0.0,False,West,App,Regular
O008020,C1591,2023-07-24,Electronics,2,581.51,1163.01,255.86,232.6,False,Central,App,Premium
O006921,C1384,2024-02-09,Home & Kitchen,1,192.01,163.21,68.55,0.0,False,Central,App,Regular
O000821,C0149,2024-04-06,Beauty,1,75.32,75.32,46.7,7.53,False,Central,App,Premium
O001376,C0262,2023-12-12,Clothing,2,71.37,185.55,102.05,37.11,True,South,App,Regular
O009624,C1933,2023-07-30,Beauty,1,53.09,53.09,32.92,0.0,False,Central,App,Regular
O009765,C1952,2023-10-04,Home & Kitchen,1,134.97,134.97,56.69,0.0,False,North,App,Regular
O009908,C1975,2023-06-08,Beauty,1,32.91,32.91,20.4,0.0,True,East,Online,Regular
O004740,C0950,2023-07-18,Home & Kitchen,1,69.67,69.67,29.26,6.97,False,North,Partner,Premium
O009715,C1945,2024-04-22,Beauty,2,37.31,74.63,46.27,11.19,False,West,Online,Premium
O002321,C0457,2024-07-15,Home & Kitchen,1,288.25,288.25,121.06,14.41,False,South,Retail,Premium
O005174,C1027,2024-05-27,Home & Kitchen,2,105.06,210.12,88.25,31.52,False,North,Partner,Regular
O009807,C1958,2023-04-27,Sports,1,63.26,63.26,24.04,0.0,True,North,Online,Premium
O006256,C1237,2024-01-06,Beauty,1,9.02,7.67,4.76,1.53,False,North,Online,Regular
O006695,C1334,2024-04-14,Sports,2,77.61,155.22,58.98,0.0,False,North,Retail,Regular
O007467,C1477,2024-08-02,Beauty,1,50.13,50.13,31.08,2.51,False,South,Retail,Occasional
O002196,C0423,2023-06-09,Sports,2,109.37,218.73,83.12,43.75,False,West,Online,Regular
O006942,C1388,2023-03-07,Beauty,2,29.28,58.57,36.31,2.93,False,East,Online,Regular
O001802,C0343,2023-09-19,Sports,1,188.19,188.19,71.51,0.0,False,Central,App,Premium
O001280,C0240,2024-09-13,Sports,1,148.2,148.2,56.32,7.41,True,West,Online,Premium
O010003,C1994,2023-04-29,Home & Kitchen,1,113.19,113.19,47.54,22.64,True,East,Retail,Occasional
O003936,C0795,2023-01-30,Electronics,1,297.18,252.6,55.57,0.0,False,West,Online,Premium
O003298,C0653,2024-08-16,Beauty,1,78.19,78.19,48.48,0.0,False,West,Partner,Premium
O001453,C0273,2023-03-07,Home & Kitchen,1,13.28,13.28,5.58,0.0,False,Central,Retail,Regular
O009471,C1902,2024-02-09,Beauty,1,84.04,71.43,44.29,0.0,False,West,Online,Regular
O001011,C0194,2024-03-20,Home & Kitchen,1,33.34,33.34,14.0,0.0,False,West,App,Regular
O007323,C1453,2023-08-04,Electronics,2,373.5,747.0,164.34,0.0,False,West,Online,Regular
O000652,C0120,2023-04-04,Beauty,1,61.85,61.85,38.35,0.0,True,Central,Retail,Regular
O000855,C0155,2023-08-31,Clothing,2,34.66,69.32,38.13,0.0,False,South,Online,Regular
O005332,C1063,2024-03-23,Beauty,1,69.59,69.59,43.15,13.92,False,North,Online,Premium
O004927,C0983,2024-08-24,Beauty,1,29.18,29.18,18.09,0.0,False,Central,Online,Premium
O008001,C1587,2023-05-29,Home & Kitchen,1,64.67,64.67,27.16,0.0,False,North,Online,Regular
O009201,C1846,2024-02-05,Home & Kitchen,2,100.78,171.32,71.95,17.13,False,North,App,Premium
O009563,C1925,2024-02-01,Electronics,1,107.13,91.06,20.03,0.0,False,West,Retail,Regular
O002110,C0405,2024-12-24,Clothing,1,32.25,41.93,23.06,0.0,False,Central,Online,Premium
O008930,C1797,2024-06-26,Beauty,1,77.23,77.23,47.88,0.0,False,South,App,Regular
O007836,C1551,2024-10-27,Clothing,1,58.22,58.22,32.02,2.91,False,North,Online,Regular
O001567,C0299,2024-11-08,Sports,1,128.87,167.53,63.66,0.0,False,South,App,Regular
O009875,C1969,2023-12-05,Beauty,1,39.28,51.06,31.66,0.0,False,North,Retail,Premium
O006194,C1225,2023-08-18,Electronics,1,141.72,141.72,31.18,14.17,False,South,Online,Regular
O008206,C1637,2024-09-09,Home & Kitchen,2,32.4,64.8,27.22,12.96,False,East,App,Premium
O004730,C0946,2024-09-26,Electronics,2,30.39,60.78,13.37,0.0,False,East,Online,Regular
O004773,C0954,2023-12-06,Clothing,1,36.12,46.96,25.83,9.39,False,West,App,Regular
O000469,C0090,2023-02-27,Clothing,1,105.56,89.72,49.35,0.0,False,West,Online,Premium
O002283,C0448,2023-03-15,Clothing,1,79.15,79.15,43.53,0.0,False,West,Online,Premium
O004719,C0941,2024-11-24,Clothing,2,71.14,184.96,101.73,0.0,False,South,App,Regular
O009431,C1891,2023-09-27,Beauty,1,45.84,45.84,28.42,2.29,False,East,App,Regular
O009878,C1970,2024-09-21,Clothing,1,62.86,62.86,34.57,0.0,True,West,Online,Regular
O004164,C0837,2023-11-27,Electronics,1,170.52,221.67,48.77,44.33,False,West,Retail,Regular
O000177,C0036,2023-11-06,Beauty,1,60.64,78.83,48.87,3.94,True,North,Online,Regular
O009706,C1944,2024-10-17,Clothing,2,36.99,73.97,40.68,7.4,True,East,App,Regular
O000560,C0105,2024-11-15,Beauty,1,27.93,36.3,22.51,0.0,True,Central,Online,Premium
O005309,C1057,2024-07-07,Beauty,1,25.18,25.18,15.61,0.0,False,East,App,Regular
O005338,C1063,2024-08-29,Sports,1,227.31,227.31,86.38,0.0,False,North,Online,Premium
O004764,C0952,2023-02-25,Sports,1,75.69,64.34,24.45,3.22,False,West,App,Regular
O002204,C0424,2024-05-19,Home & Kitchen,1,71.89,71.89,30.19,7.19,False,West,Online,Premium
O006101,C1204,2023-08-07,Electronics,1,247.15,247.15,54.37,0.0,False,Central,Online,Premium
O006130,C1207,2024-09-23,Clothing,1,27.97,27.97,15.38,0.0,False,Central,App,Regular
O009880,C1970,2023-06-24,Sports,1,157.04,157.04,59.68,7.85,False,West,Online,Regular
O009735,C1947,2023-05-31,Sports,2,97.42,194.85,74.04,9.74,False,West,Online,Premium
O004520,C0910,2023-07-17,Beauty,2,38.77,77.55,48.08,7.76,False,Central,Partner,Regular
O009793,C1956,2023-01-13,Clothing,1,73.85,62.77,34.52,0.0,False,South,App,Premium
O002694,C0537,2023-05-22,Electronics,1,504.39,504.39,110.97,0.0,False,North,Online,Regular
O008124,C1623,2023-11-19,Clothing,3,99.31,387.32,213.03,0.0,False,Central,App,Regular
O003137,C0619,2023-02-22,Sports,1,247.76,210.6,80.03,31.59,False,West,Partner,Occasional
O004990,C0997,2023-07-07,Electronics,1,366.38,366.38,80.6,54.96,True,East,App,Occasional
O009602,C1929,2023-01-04,Sports,1,116.4,98.94,37.6,0.0,False,East,App,Premium
O004665,C0935,2023-08-22,Beauty,1,43.14,43.14,26.75,4.31,False,South,App,Regular
O005066,C1006,2024-02-09,Home & Kitchen,2,107.92,183.46,77.05,9.17,False,North,Partner,Regular
O006867,C1372,2023-04-17,Sports,2,154.91,309.81,117.73,0.0,False,North,App,Regular
O006170,C1215,2024-10-11,Clothing,1,34.62,34.62,19.04,0.0,False,West,Online,Regular
O009857,C1968,2023-12-01,Home & Kitchen,1,129.24,168.02,70.57,16.8,True,East,Partner,Regular
O007901,C1563,2023-05-03,Electronics,1,606.2,606.2,133.36,90.93,False,East,Online,Regular
O007112,C1417,2023-05-03,Home & Kitchen,1,172.76,172.76,72.56,8.64,False,Central,App,Premium
O005354,C1065,2023-01-10,Home & Kitchen,1,134.29,114.14,47.94,11.41,False,West,App,Premium
O005210,C1031,2024-06-14,Clothing,1,22.56,22.56,12.41,0.0,False,North,App,Premium
O007048,C1406,2023-09-05,Sports,1,154.43,154.43,58.68,23.16,False,East,App,Regular
O001763,C0336,2024-11-30,Sports,1,37.63,48.92,18.59,0.0,False,Central,Partner,Premium
O003719,C0748,2024-11-17,Electronics,1,327.9,426.27,93.78,0.0,False,South,Partner,Occasional
O009432,C1891,2023-03-10,Sports,1,146.07,146.07,55.51,29.21,False,East,App,Regular
O009651,C1937,2023-06-22,Beauty,2,56.38,112.76,69.91,0.0,False,East,Online,Regular
O007636,C1518,2024-06-28,Home & Kitchen,1,120.71,120.71,50.7,24.14,False,East,Online,Premium
O004279,C0862,2023-04-16,Sports,1,206.9,206.9,78.62,31.04,False,West,Online,Regular
O003952,C0797,2024-06-18,Electronics,1,228.96,228.96,50.37,34.34,False,East,Online,Regular
O009323,C1870,2024-12-12,Home & Kitchen,2,123.28,320.54,134.63,0.0,False,West,Online,Regular
O004348,C0875,2024-09-17,Home & Kitchen,2,123.84,247.68,104.03,24.77,False,East,App,Regular
O003117,C0615,2024-04-28,Home & Kitchen,1,107.84,107.84,45.29,16.18,True,South,Retail,Occasional
O003209,C0635,2024-08-31,Sports,1,92.14,92.14,35.01,13.82,False,South,Online,Premium
O008123,C1623,2023-12-02,Electronics,1,297.5,386.75,85.08,77.35,False,Central,App,Regular
O005963,C1180,2024-12-27,Beauty,1,43.83,56.98,35.33,0.0,False,South,App,Premium
O004771,C0954,2024-12-09,Beauty,1,73.58,95.66,59.31,4.78,False,West,App,Regular
O005858,C1162,2023-01-25,Beauty,2,30.16,51.27,31.79,0.0,False,South,App,Occasional
O003604,C0718,2023-08-01,Beauty,1,82.84,82.84,51.36,0.0,False,North,Partner,Premium
O002614,C0521,2023-01-25,Home & Kitchen,1,106.7,90.69,38.09,18.14,False,Central,App,Premium
O000012,C0002,2024-08-11,Sports,1,102.73,102.73,39.04,0.0,False,North,Retail,Regular
O002254,C0441,2024-08-04,Beauty,1,58.41,58.41,36.21,0.0,False,West,App,Regular
O007694,C1526,2023-02-20,Beauty,2,29.79,50.65,31.4,0.0,False,East,Online,Premium
O006527,C1303,2024-06-14,Clothing,1,71.46,71.46,39.3,14.29,False,South,Partner,Regular
O002189,C0422,2024-05-25,Home & Kitchen,1,94.57,94.57,39.72,14.19,False,North,App,Regular
O002392,C0468,2023-09-14,Sports,2,102.66,205.31,78.02,41.06,False,West,App,Premium
O006002,C1186,2023-10-17,Home & Kitchen,1,11.13,11.13,4.67,0.56,False,East,App,Premium
O008470,C1707,2024-01-15,Clothing,1,74.65,63.45,34.9,0.0,False,North,Retail,Regular
O005671,C1124,2024-06-07,Clothing,1,8.65,8.65,4.76,0.0,False,Central,Online,Premium
O002159,C0415,2024-06-09,Home & Kitchen,1,73.52,73.52,30.88,0.0,True,East,App,Premium
O007812,C1549,2023-09-05,Home & Kitchen,2,202.55,405.11,170.15,81.02,False,South,Partner,Premium
O005070,C1008,2023-06-27,Clothing,3,71.65,214.95,118.22,0.0,False,West,Retail,Regular
O009203,C1847,2024-05-06,Clothing,1,74.83,74.83,41.16,7.48,False,West,Online,Premium
O007943,C1575,2024-07-09,Home & Kitchen,1,153.4,153.4,64.43,15.34,False,West,Partner,Regular
O001560,C0297,2024-01-25,Beauty,1,51.38,43.67,27.08,0.0,False,East,Online,Premium
O006811,C1361,2023-05-13,Sports,1,100.73,100.73,38.28,0.0,False,West,Online,Regular
O008084,C1611,2023-04-26,Beauty,1,61.72,61.72,38.27,6.17,False,North,App,Regular
O005443,C1090,2024-01-29,Sports,1,76.38,64.92,24.67,3.25,False,North,App,Regular
O008022,C1591,2024-05-30,Home & Kitchen,1,26.7,26.7,11.21,1.34,False,Central,App,Premium
O005763,C1141,2023-01-04,Clothing,1,38.89,33.06,18.18,0.0,False,North,Online,Regular
O003840,C0774,2023-03-04,Clothing,3,122.29,366.87,201.78,0.0,False,South,Retail,Premium
O003267,C0649,2024-07-01,Clothing,1,34.47,34.47,18.96,6.89,False,Central,App,Premium
O006222,C1230,2023-05-02,Sports,1,111.18,111.18,42.25,16.68,False,East,Partner,Regular
O009604,C1929,2024-03-21,Electronics,1,231.69,231.69,50.97,23.17,False,East,App,Premium
O002264,C0442,2023-09-21,Electronics,1,192.24,192.24,42.29,0.0,False,East,App,Regular
O001958,C0376,2023-06-02,Home & Kitchen,1,33.28,33.28,13.98,0.0,False,West,App,Premium
O001808,C0345,2024-10-02,Sports,1,135.84,135.84,51.62,13.58,False,West,Partner,Premium
O007802,C1546,2024-01-13,Electronics,1,364.86,310.14,68.23,46.52,False,West,Online,Premium
O006458,C1290,2024-03-27,Home & Kitchen,1,174.6,174.6,73.33,0.0,False,East,Online,Regular
O007853,C1555,2023-09-08,Home & Kitchen,2,40.47,80.93,33.99,16.19,False,East,App,Premium
O002415,C0473,2023-06-21,Beauty,3,11.31,33.93,21.04,6.79,False,East,Online,Premium
O007395,C1464,2023-05-04,Electronics,3,489.72,1469.16,323.22,146.92,False,East,App,Premium
O006283,C1244,2024-01-09,Sports,2,86.63,147.27,55.96,0.0,False,West,Online,Premium
O000892,C0162,2024-05-14,Electronics,1,274.24,274.24,60.33,0.0,False,South,App,Regular
O003077,C0605,2023-05-23,Clothing,2,26.56,53.12,29.22,0.0,False,West,Partner,Regular
O002543,C0502,2024-06-07,Beauty,1,43.88,43.88,27.21,4.39,False,West,Retail,Regular
O009640,C1936,2023-01-23,Electronics,1,193.47,164.45,36.18,8.22,False,North,App,Premium
O000743,C0137,2024-08-17,Home & Kitchen,1,135.94,135.94,57.09,20.39,False,South,Retail,Regular
O007052,C1407,2024-09-15,Electronics,2,436.68,873.35,192.14,87.34,False,West,App,Regular
O008971,C1808,2024-11-25,Clothing,1,60.14,78.18,43.0,0.0,False,South,Online,Regular
O003848,C0775,2024-01-01,Beauty,1,37.25,31.66,19.63,1.58,False,South,Online,Regular
O000630,C0115,2023-08-26,Electronics,2,447.33,894.66,196.83,178.93,False,Central,Online,Regular
O006675,C1332,2024-05-06,Sports,1,82.32,82.32,31.28,0.0,True,East,Online,Premium
O003971,C0799,2024-07-12,Home & Kitchen,2,159.13,318.26,133.67,15.91,False,Central,Online,Occasional
O000320,C0062,2024-11-16,Sports,1,189.3,246.09,93.51,24.61,False,Central,App,Regular
O000367,C0073,2023-04-08,Electronics,1,184.42,184.42,40.57,0.0,False,West,App,Regular
O001321,C0248,2024-08-26,Sports,2,140.79,281.59,107.0,0.0,False,West,Online,Regular
O002800,C0554,2024-04-01,Electronics,1,104.96,104.96,23.09,0.0,False,East,Online,Premium
O007281,C1448,2023-12-12,Clothing,1,13.69,17.8,9.79,3.56,False,North,App,Premium
O001751,C0334,2024-08-07,Home & Kitchen,1,99.57,99.57,41.82,14.94,False,East,Partner,Premium
O007882,C1558,2024-06-04,Electronics,1,333.22,333.22,73.31,49.98,False,West,App,Premium
O001936,C0373,2024-11-26,Clothing,1,25.16,32.71,17.99,4.91,True,East,Partner,Regular
O008392,C1689,2023-12-03,Clothing,1,45.94,59.73,32.85,0.0,False,North,Retail,Regular
O002990,C0587,2023-05-15,Home & Kitchen,2,144.63,289.26,121.49,0.0,False,East,Retail,Occasional
O006391,C1275,2023-02-14,Home & Kitchen,2,91.84,156.13,65.57,0.0,False,North,App,Occasional
O008922,C1796,2023-03-25,Beauty,1,57.79,57.79,35.83,0.0,True,North,App,Regular
O004163,C0836,2024-10-21,Clothing,1,56.8,56.8,31.24,0.0,False,North,Online,Occasional
O007797,C1546,2024-09-07,Sports,1,154.84,154.84,58.84,30.97,False,West,Online,Premium
O006955,C1389,2024-07-20,Electronics,1,473.34,473.34,104.13,71.0,False,Central,Online,Premium
O004779,C0956,2023-02-13,Beauty,1,9.54,8.1,5.02,0.4,False,East,Partner,Regular
O005837,C1154,2023-05-27,Clothing,1,100.46,100.46,55.25,15.07,False,North,Online,Occasional
O008433,C1698,2023-07-02,Sports,1,150.83,150.83,57.32,7.54,False,South,App,Regular
O004625,C0927,2024-10-26,Home & Kitchen,1,9.58,9.58,4.02,1.44,False,North,App,Premium
O008044,C1597,2023-06-04,Home & Kitchen,1,68.77,68.77,28.88,6.88,False,South,Partner,Regular
O001379,C0262,2024-05-18,Electronics,1,78.2,78.2,17.2,15.64,False,South,App,Regular
O006281,C1244,2024-06-08,Clothing,1,103.05,103.05,56.68,20.61,False,West,Online,Premium
O005727,C1133,2024-09-08,Beauty,1,17.71,17.71,10.98,0.0,False,South,Partner,Premium
O006737,C1342,2024-01-19,Sports,2,96.28,163.68,62.2,16.37,False,North,Online,Regular
O001877,C0355,2023-10-24,Electronics,1,5.0,5.0,1.1,1.0,False,East,App,Regular
O007523,C1488,2024-01-03,Home & Kitchen,1,119.61,101.67,42.7,20.33,False,West,Retail,Regular
O004824,C0960,2023-09-08,Home & Kitchen,1,57.36,57.36,24.09,0.0,False,Central,App,Premium
O005899,C1171,2024-12-11,Beauty,1,61.55,80.02,49.61,4.0,False,Central,Online,Premium
O007120,C1417,2023-03-18,Electronics,2,348.24,696.48,153.23,0.0,False,Central,App,Premium
O005861,C1163,2024-11-02,Beauty,1,54.18,70.44,43.67,0.0,False,North,Online,Regular
O009795,C1956,2024-08-05,Clothing,2,83.64,167.28,92.0,0.0,False,South,App,Premium
O002406,C0471,2024-07-16,Clothing,1,24.13,24.13,13.27,2.41,False,South,Partner,Regular
O007850,C1555,2024-12-11,Home & Kitchen,1,157.48,204.72,85.98,0.0,False,East,App,Premium
O008793,C1766,2023-02-22,Sports,1,96.43,81.97,31.15,0.0,False,South,App,Premium
O000372,C0073,2024-04-02,Clothing,1,69.9,69.9,38.45,13.98,True,West,App,Regular
O005970,C1181,2023-08-13,Electronics,1,75.9,75.9,16.7,3.8,False,South,App,Regular
O009939,C1983,2024-11-05,Clothing,1,113.25,147.22,80.97,0.0,False,North,Retail,Regular
O007073,C1409,2023-11-01,Clothing,2,45.76,118.96,65.43,5.95,False,Central,App,Regular
O000302,C0058,2023-10-08,Sports,1,105.02,105.02,39.91,0.0,False,Central,Partner,Regular
O008508,C1713,2024-11-21,Sports,2,157.52,409.54,155.63,0.0,False,East,Online,Premium
O006414,C1282,2024-07-25,Home & Kitchen,1,130.51,130.51,54.81,26.1,False,North,Online,Regular
O003569,C0712,2023-11-12,Electronics,1,397.36,516.57,113.65,0.0,False,South,Online,Premium
O000341,C0065,2024-02-11,Clothing,1,65.77,55.9,30.74,11.18,False,South,Retail,Regular
O005615,C1119,2023-12-31,Clothing,2,62.12,161.52,88.84,0.0,False,North,App,Premium
O007163,C1426,2024-09-04,Sports,2,70.86,141.72,53.85,0.0,False,South,Online,Regular
O008091,C1614,2024-12-01,Beauty,1,23.51,30.56,18.95,1.53,False,West,Online,Regular
O002255,C0441,2024-02-12,Electronics,1,319.72,271.76,59.79,0.0,False,West,App,Regular
O009096,C1831,2024-04-09,Beauty,1,78.54,78.54,48.69,0.0,False,Central,Partner,Regular
O003657,C0730,2023-07-18,Clothing,1,51.49,51.49,28.32,10.3,False,North,Retail,Premium
O008307,C1662,2024-09-19,Electronics,1,244.9,244.9,53.88,24.49,False,East,App,Occasional
O006894,C1379,2024-06-29,Clothing,1,36.33,36.33,19.98,0.0,True,West,Online,Occasional
O007491,C1483,2023-09-28,Home & Kitchen,1,138.3,138.3,58.09,0.0,False,South,Online,Regular
O002651,C0529,2024-11-06,Clothing,1,29.79,38.72,21.3,0.0,False,Central,App,Premium
O003901,C0787,2024-07-14,Beauty,2,23.11,46.22,28.66,0.0,False,East,Online,Occasional
O009996,C1992,2024-10-17,Home & Kitchen,1,139.87,139.87,58.75,27.97,False,North,App,Regular
O002702,C0538,2023-05-02,Beauty,1,45.58,45.58,28.26,0.0,False,Central,Online,Regular
O004294,C0864,2023-10-02,Clothing,1,46.87,46.87,25.78,7.03,False,Central,Online,Regular
O006743,C1347,2024-10-14,Beauty,1,5.0,5.0,3.1,0.5,True,East,Retail,Occasional
O008384,C1687,2024-04-16,Sports,3,155.56,466.69,177.34,46.67,False,Central,App,Regular
O001460,C0274,2024-06-13,Clothing,1,116.61,116.61,64.14,23.32,False,West,Online,Premium
O008718,C1753,2023-07-19,Beauty,2,8.37,16.74,10.38,0.0,True,West,App,Occasional
O003641,C0727,2024-12-11,Clothing,1,42.59,55.37,30.45,11.07,False,West,Partner,Premium
O009434,C1891,2024-08-19,Beauty,1,63.42,63.42,39.32,3.17,False,East,App,Regular
O001131,C0215,2023-04-15,Beauty,1,20.6,20.6,12.77,4.12,False,East,Online,Regular
O003078,C0605,2024-07-22,Beauty,1,48.66,48.66,30.17,2.43,False,West,Partner,Regular
O001557,C0297,2023-01-21,Electronics,1,276.19,234.76,51.65,0.0,False,East,Online,Premium
O007971,C1582,2024-05-22,Electronics,1,391.3,391.3,86.09,0.0,False,Central,Online,Regular
O004717,C0941,2024-10-03,Beauty,3,78.29,234.87,145.62,11.74,False,South,App,Regular
O005446,C1090,2024-08-08,Beauty,1,31.01,31.01,19.23,0.0,False,North,App,Regular
O000620,C0113,2024-07-31,Electronics,2,341.19,682.39,150.13,0.0,False,East,Partner,Premium
O005516,C1102,2023-09-11,Electronics,1,562.41,562.41,123.73,0.0,False,West,App,Premium
O006438,C1285,2024-02-14,Beauty,1,49.65,42.21,26.17,0.0,False,East,Online,Premium
O008066,C1604,2023-01-24,Clothing,1,43.44,36.93,20.31,0.0,False,Central,Online,Regular
O007589,C1505,2023-08-16,Sports,1,66.22,66.22,25.16,6.62,False,South,Retail,Premium
O005740,C1136,2024-12-29,Beauty,1,65.69,85.4,52.95,0.0,False,Central,Online,Premium
O009888,C1972,2023-09-24,Home & Kitchen,1,114.96,114.96,48.28,0.0,False,North,Partner,Regular
O008423,C1695,2023-12-26,Sports,1,112.22,145.89,55.44,0.0,False,Central,Partner,Occasional
O000641,C0118,2024-11-27,Beauty,2,66.87,173.85,107.79,17.39,False,East,Online,Regular
O006879,C1376,2024-03-26,Home & Kitchen,1,5.0,5.0,2.1,0.75,False,West,Online,Regular
O007765,C1541,2023-04-19,Home & Kitchen,1,78.96,78.96,33.16,11.84,False,South,App,Regular
O008594,C1732,2024-05-06,Beauty,1,50.82,50.82,31.51,10.16,False,Central,App,Regular
O008516,C1713,2023-02-24,Home & Kitchen,1,124.41,105.75,44.42,15.86,False,East,Online,Premium
O004194,C0843,2024-10-07,Sports,1,5.0,5.0,1.9,0.25,False,West,Online,Regular
O001918,C0370,2023-05-12,Home & Kitchen,1,153.7,153.7,64.55,23.05,False,East,Online,Regular
O004094,C0824,2023-05-16,Electronics,1,87.87,87.87,19.33,8.79,False,Central,Retail,Premium
O007668,C1522,2024-05-20,Electronics,1,291.15,291.15,64.05,14.56,False,North,App,Premium
O008491,C1711,2023-06-25,Electronics,2,372.07,744.13,163.71,0.0,False,East,Online,Premium
O002129,C0409,2024-06-14,Sports,1,53.42,53.42,20.3,0.0,False,East,Online,Regular
O005169,C1027,2024-05-07,Clothing,1,47.4,47.4,26.07,0.0,False,North,Partner,Regular
O006869,C1373,2024-12-23,Beauty,1,45.05,58.57,36.31,5.86,False,Central,Retail,Regular
O009245,C1854,2023-06-29,Sports,1,134.18,134.18,50.99,0.0,True,East,Online,Regular
O001549,C0296,2023-05-07,Sports,1,222.52,222.52,84.56,0.0,False,West,Online,Premium
O001940,C0374,2023-11-09,Electronics,1,288.3,374.79,82.45,18.74,False,West,Online,Premium
O001121,C0212,2023-04-04,Beauty,1,65.24,65.24,40.45,9.79,False,North,App,Premium
O002803,C0555,2023-07-27,Electronics,2,569.94,1139.88,250.77,0.0,True,East,App,Regular
O006510,C1298,2023-04-23,Electronics,1,262.59,262.59,57.77,0.0,False,West,Online,Premium
O005801,C1145,2024-10-03,Electronics,1,532.19,532.19,117.08,79.83,False,West,Online,Premium
O001792,C0343,2023-07-18,Beauty,1,67.66,67.66,41.95,0.0,False,Central,App,Premium
O001957,C0376,2024-10-31,Beauty,1,74.01,74.01,45.89,14.8,False,West,App,Premium
O003111,C0613,2023-03-23,Home & Kitchen,1,25.51,25.51,10.71,0.0,False,North,Online,Occasional
O009921,C1978,2024-11-18,Clothing,1,55.61,72.29,39.76,7.23,False,West,Online,Occasional
O004150,C0835,2023-01-30,Electronics,1,223.8,190.23,41.85,0.0,False,East,Online,Premium
O002789,C0554,2023-06-13,Electronics,2,135.31,270.62,59.54,13.53,False,East,Online,Premium
O003402,C0675,2023-05-11,Home & Kitchen,1,107.54,107.54,45.17,0.0,False,North,Online,Regular
O000338,C0065,2023-02-08,Home & Kitchen,1,114.21,97.08,40.77,0.0,False,South,Retail,Regular
O003271,C0649,2023-07-27,Clothing,1,44.83,44.83,24.66,0.0,False,Central,App,Premium
O003281,C0650,2023-02-06,Sports,1,115.55,98.22,37.32,0.0,False,East,App,Regular
O003189,C0631,2024-11-01,Home & Kitchen,1,90.23,117.3,49.27,11.73,False,East,App,Regular
O002683,C0534,2024-10-02,Sports,1,76.11,76.11,28.92,11.42,False,North,Online,Regular
O006169,C1215,2024-11-27,Sports,1,32.95,42.84,16.28,2.14,False,West,Online,Regular
O003714,C0747,2024-11-14,Sports,1,34.21,44.48,16.9,0.0,False,South,Retail,Regular
O006278,C1244,2023-07-17,Sports,1,5.0,5.0,1.9,0.5,True,West,Online,Premium
O009187,C1844,2023-08-08,Beauty,1,59.4,59.4,36.83,5.94,False,Central,Retail,Premium
O000674,C0122,2023-05-23,Clothing,1,36.77,36.77,20.22,0.0,False,South,Retail,Premium
O001811,C0345,2024-08-09,Electronics,1,5.0,5.0,1.1,0.5,False,West,Partner,Premium
O007384,C1462,2024-06-18,Beauty,2,68.46,136.93,84.9,0.0,False,South,Retail,Regular
O007964,C1581,2024-11-25,Beauty,1,63.19,82.15,50.93,8.22,False,West,App,Occasional
O005851,C1160,2024-10-04,Clothing,2,111.79,223.57,122.96,22.36,False,West,Retail,Occasional
O000376,C0075,2023-09-25,Home & Kitchen,1,149.9,149.9,62.96,22.48,False,North,Online,Regular
O002069,C0400,2023-04-11,Beauty,2,45.38,90.77,56.28,4.54,False,South,Online,Regular
O006911,C1383,2024-08-04,Home & Kitchen,1,64.41,64.41,27.05,12.88,False,South,Partner,Regular
O005600,C1117,2024-01-18,Clothing,1,42.57,36.18,19.9,0.0,False,East,Online,Premium
O008324,C1669,2024-11-19,Electronics,1,537.42,698.65,153.7,0.0,False,North,App,Regular
O000678,C0124,2024-03-21,Clothing,2,116.29,232.59,127.92,0.0,False,East,Online,Regular
O004118,C0828,2023-02-25,Home & Kitchen,1,70.03,59.53,25.0,0.0,False,South,Retail,Regular
O002458,C0480,2024-10-15,Home & Kitchen,1,148.18,148.18,62.24,14.82,False,South,Online,Regular
O009278,C1862,2024-07-09,Beauty,1,25.2,25.2,15.62,1.26,False,Central,Online,Regular
O001617,C0309,2024-03-07,Electronics,1,293.33,293.33,64.53,44.0,False,West,Online,Regular
O006878,C1376,2023-08-29,Home & Kitchen,1,82.23,82.23,34.54,12.33,False,West,Online,Regular
O008775,C1762,2024-01-08,Clothing,1,84.37,71.72,39.45,0.0,False,East,Partner,Premium
O008729,C1756,2024-06-14,Clothing,1,58.97,58.97,32.43,5.9,False,Central,Online,Premium
O007061,C1408,2023-07-07,Clothing,1,58.95,58.95,32.42,8.84,False,West,Online,Premium
O004648,C0931,2024-05-19,Electronics,1,473.93,473.93,104.26,71.09,False,East,Online,Regular
O007071,C1409,2024-08-25,Sports,1,117.88,117.88,44.79,0.0,False,Central,App,Regular
O006846,C1368,2024-03-25,Beauty,1,30.62,30.62,18.98,0.0,False,Central,App,Regular
O004260,C0858,2023-01-28,Sports,1,168.41,143.15,54.4,0.0,False,North,Online,Regular
O001503,C0287,2023-06-04,Beauty,1,45.16,45.16,28.0,0.0,False,West,App,Premium
O001878,C0355,2024-12-03,Electronics,1,482.85,627.71,138.1,0.0,True,East,App,Regular
O009151,C1839,2024-12-14,Sports,2,58.73,152.7,58.03,7.64,False,North,Online,Premium
O001230,C0231,2024-11-12,Beauty,1,61.58,80.06,49.64,8.01,False,North,App,Premium
O005810,C1146,2024-03-20,Beauty,2,41.97,83.93,52.04,0.0,False,West,Online,Premium
O007429,C1470,2023-04-17,Beauty,1,50.54,50.54,31.33,0.0,True,South,Partner,Regular
O005269,C1045,2024-01-23,Sports,1,43.51,36.98,14.05,3.7,False,North,Partner,Premium
O003787,C0764,2024-11-13,Clothing,1,80.85,105.11,57.81,10.51,False,West,Online,Premium
O001425,C0267,2023-08-15,Sports,1,94.66,94.66,35.97,14.2,False,South,App,Premium
O009452,C1894,2024-05-04,Clothing,1,5.0,5.0,2.75,0.25,False,North,Online,Premium
O006138,C1208,2023-01-04,Electronics,1,461.91,392.62,86.38,19.63,False,South,Online,Premium
O001881,C0357,2024-03-24,Home & Kitchen,1,15.79,15.79,6.63,0.79,False,Central,Online,Regular
O004683,C0937,2023-10-12,Beauty,1,64.19,64.19,39.8,3.21,False,South,Online,Premium
O006724,C1340,2023-04-09,Clothing,1,84.26,84.26,46.34,12.64,False,West,Partner,Premium
O005289,C1053,2023-11-30,Beauty,2,21.48,55.85,34.63,8.38,False,East,App,Regular
O003363,C0665,2023-02-24,Home & Kitchen,2,69.17,117.59,49.39,0.0,False,West,Partner,Regular
O006082,C1200,2023-03-29,Beauty,1,59.73,59.73,37.03,0.0,False,West,Online,Regular
O007460,C1475,2024-10-12,Clothing,1,18.99,18.99,10.44,2.85,False,South,Partner,Premium
O000546,C0104,2024-07-17,Clothing,1,94.22,94.22,51.82,14.13,False,North,App,Premium
O001332,C0251,2024-08-08,Sports,1,16.86,16.86,6.41,2.53,False,South,Online,Regular
O006160,C1214,2024-06-19,Electronics,1,609.81,609.81,134.16,121.96,False,East,Retail,Premium
O005937,C1175,2024-08-31,Beauty,1,85.61,85.61,53.08,17.12,False,West,App,Regular
O007974,C1582,2023-11-08,Beauty,2,26.45,68.76,42.63,0.0,False,Central,Online,Regular
O005190,C1029,2023-03-01,Home & Kitchen,1,74.85,74.85,31.44,11.23,False,East,Online,Premium
O003216,C0635,2024-10-25,Sports,1,33.44,33.44,12.71,3.34,False,South,Online,Premium
O007234,C1441,2024-12-21,Clothing,2,93.77,243.79,134.08,48.76,False,West,App,Regular
O003234,C0640,2024-09-16,Home & Kitchen,1,172.99,172.99,72.66,8.65,False,North,Online,Regular
O005034,C1003,2024-03-27,Clothing,1,73.28,73.28,40.3,0.0,False,West,App,Regular
O007948,C1576,2023-04-25,Home & Kitchen,1,138.66,138.66,58.24,20.8,False,West,Partner,Regular
O005238,C1037,2023-08-06,Sports,1,5.0,5.0,1.9,0.0,False,South,Online,Premium
O008782,C1766,2024-11-06,Clothing,1,39.11,50.84,27.96,10.17,False,South,App,Premium
O006062,C1198,2024-10-01,Home & Kitchen,1,60.98,60.98,25.61,0.0,False,West,Partner,Premium
O001323,C0250,2024-02-01,Beauty,2,48.83,83.01,51.47,16.6,False,East,App,Regular
O002072,C0400,2023-08-27,Electronics,1,496.61,496.61,109.25,99.32,False,South,Online,Regular
O007449,C1475,2024-02-17,Sports,1,147.69,125.53,47.7,6.28,False,South,Partner,Premium
O000933,C0177,2024-11-27,Electronics,1,5.0,6.5,1.43,0.32,False,East,Retail,Regular
O001848,C0350,2023-03-09,Electronics,1,282.67,282.67,62.19,0.0,False,East,Online,Premium
O009543,C1922,2024-05-10,Sports,1,5.0,5.0,1.9,0.75,False,North,Online,Regular
O008977,C1808,2024-05-15,Sports,2,93.57,187.14,71.11,0.0,True,South,Online,Regular
O001894,C0360,2023-05-07,Sports,1,223.92,223.92,85.09,0.0,False,South,App,Regular
O004538,C0913,2024-03-23,Electronics,1,5.0,5.0,1.1,0.0,False,West,App,Premium
O000167,C0034,2024-07-31,Clothing,1,28.61,28.61,15.74,0.0,False,Central,Online,Occasional
O005175,C1028,2024-01-19,Clothing,1,59.69,50.74,27.91,2.54,False,South,Online,Occasional
O005748,C1139,2023-01-23,Clothing,1,45.63,38.78,21.33,0.0,False,South,Online,Premium
O002859,C0564,2024-06-22,Sports,1,100.62,100.62,38.24,10.06,False,West,App,Premium
O001167,C0220,2024-10-07,Home & Kitchen,1,36.29,36.29,15.24,7.26,False,North,Online,Regular
O007961,C1580,2023-11-03,Beauty,1,59.45,77.29,47.92,0.0,False,East,Online,Regular
O006189,C1224,2023-12-26,Clothing,1,70.1,91.12,50.12,18.22,False,South,Online,Occasional
O005997,C1186,2024-07-31,Beauty,1,58.25,58.25,36.12,11.65,False,East,App,Premium
O000433,C0085,2024-10-18,Electronics,1,276.68,276.68,60.87,41.5,False,West,Online,Premium
O009829,C1963,2023-06-01,Sports,1,84.56,84.56,32.13,8.46,False,North,Partner,Regular
O001641,C0312,2023-12-13,Home & Kitchen,1,19.05,24.76,10.4,2.48,False,South,Online,Premium
O004283,C0862,2024-08-15,Electronics,1,639.04,639.04,140.59,63.9,False,West,Online,Regular
O009276,C1861,2024-11-19,Beauty,1,5.88,7.65,4.74,1.53,False,West,Partner,Regular
O008967,C1807,2024-11-21,Beauty,1,60.69,78.89,48.91,0.0,False,West,Online,Regular
O003151,C0622,2023-06-29,Home & Kitchen,1,123.55,123.55,51.89,0.0,False,East,App,Regular
O009356,C1875,2024-12-02,Electronics,1,341.98,444.57,97.81,22.23,True,Central,App,Premium
O004301,C0866,2023-10-22,Electronics,1,591.72,591.72,130.18,88.76,False,Central,App,Premium
O004073,C0822,2024-04-14,Home & Kitchen,1,166.0,166.0,69.72,0.0,False,Central,App,Premium
O002177,C0417,2024-07-02,Clothing,2,88.5,177.0,97.35,0.0,True,East,Online,Occasional
O000496,C0097,2024-12-25,Sports,1,148.26,192.74,73.24,0.0,False,North,Partner,Regular
O000092,C0017,2024-11-26,Sports,1,111.99,145.59,55.32,7.28,False,West,App,Premium
O005018,C1002,2024-04-20,Clothing,1,107.17,107.17,58.94,5.36,False,East,App,Premium
O008028,C1592,2023-02-17,Sports,1,106.63,90.63,34.44,18.13,False,East,Online,Regular
O000024,C0005,2023-01-21,Beauty,1,5.0,4.25,2.64,0.21,False,South,App,Regular
O005177,C1029,2024-02-09,Clothing,1,60.63,51.54,28.35,7.73,True,East,Online,Premium
O004820,C0960,2024-06-29,Electronics,1,396.67,396.67,87.27,19.83,False,Central,App,Premium
O008861,C1780,2023-10-27,Electronics,1,401.89,401.89,88.42,60.28,False,East,App,Premium
O005631,C1120,2024-02-09,Electronics,1,575.7,489.35,107.66,0.0,False,East,Online,Regular
O007803,C1547,2023-09-03,Beauty,2,40.0,80.0,49.6,0.0,False,West,App,Regular
O003811,C0768,2024-05-31,Electronics,1,399.7,399.7,87.93,0.0,False,West,App,Premium
O002446,C0476,2024-08-03,Clothing,1,111.26,111.26,61.19,0.0,False,Central,App,Occasional
O002489,C0490,2023-03-14,Electronics,1,366.48,366.48,80.63,0.0,False,East,Partner,Premium
O006193,C1225,2024-01-19,Sports,1,170.75,145.14,55.15,29.03,False,South,Online,Regular
O004306,C0866,2024-12-02,Beauty,1,67.76,88.09,54.62,0.0,False,Central,App,Premium
O005876,C1166,2024-03-11,Clothing,1,59.82,59.82,32.9,0.0,True,South,Online,Occasional
O006927,C1385,2023-05-08,Sports,1,211.68,211.68,80.44,0.0,False,South,Online,Premium
O009966,C1988,2024-09-19,Electronics,3,270.94,812.82,178.82,81.28,False,East,Partner,Premium
O001563,C0297,2023-06-06,Beauty,1,37.62,37.62,23.32,0.0,False,East,Online,Premium
O003950,C0797,2023-04-25,Home & Kitchen,1,138.35,138.35,58.11,13.84,False,East,Online,Regular
O009551,C1923,2023-01-04,Clothing,1,58.17,49.45,27.2,0.0,False,West,Online,Regular
O006011,C1189,2024-05-29,Sports,1,117.96,117.96,44.82,23.59,False,North,App,Occasional
O000883,C0160,2024-08-14,Home & Kitchen,1,30.69,30.69,12.89,4.6,False,West,Online,Regular
O009358,C1876,2023-02-09,Clothing,1,47.06,40.0,22.0,2.0,False,West,Online,Regular
O006682,C1332,2023-04-20,Home & Kitchen,2,46.2,92.41,38.81,4.62,False,East,Online,Premium
O008367,C1683,2024-07-28,Sports,1,131.65,131.65,50.03,13.16,False,South,App,Regular
O009379,C1882,2024-04-19,Beauty,3,13.6,40.81,25.3,0.0,False,South,App,Occasional
O008381,C1687,2023-02-10,Sports,1,273.59,232.55,88.37,0.0,False,Central,App,Regular
O009752,C1950,2024-01-31,Home & Kitchen,2,163.8,278.47,116.96,41.77,False,West,App,Regular
O006132,C1208,2023-11-21,Clothing,1,75.32,97.91,53.85,0.0,True,South,Online,Premium
O008074,C1607,2023-01-17,Beauty,1,23.62,20.07,12.44,2.01,False,North,Online,Regular
O008090,C1614,2023-03-16,Sports,1,73.26,73.26,27.84,14.65,False,West,Online,Regular
O001264,C0237,2024-08-14,Clothing,1,73.36,73.36,40.35,11.0,False,East,Online,Regular
O001816,C0346,2023-03-11,Home & Kitchen,1,59.18,59.18,24.86,11.84,False,Central,Online,Premium
O000712,C0131,2024-12-10,Clothing,2,69.52,180.76,99.42,0.0,False,North,Online,Occasional
O000797,C0146,2024-08-24,Electronics,1,5.0,5.0,1.1,0.0,False,West,Retail,Regular
O008195,C1637,2024-01-22,Home & Kitchen,1,89.44,76.02,31.93,15.2,False,East,App,Premium
O005703,C1129,2023-11-24,Beauty,1,29.93,38.9,24.12,0.0,False,South,App,Regular
O000101,C0020,2023-07-10,Sports,1,207.4,207.4,78.81,10.37,False,South,Online,Premium
O005643,C1121,2023-10-19,Home & Kitchen,1,125.12,125.12,52.55,0.0,False,Central,Online,Premium
O003533,C0706,2024-09-25,Beauty,2,35.35,70.7,43.83,0.0,True,East,Online,Premium
O002357,C0463,2024-09-19,Sports,1,177.04,177.04,67.28,35.41,False,South,Online,Regular
O007416,C1467,2024-10-19,Clothing,1,26.07,26.07,14.34,1.3,False,West,Retail,Regular
O001857,C0350,2024-12-03,Electronics,1,400.19,520.25,114.46,0.0,False,East,Online,Premium
O001396,C0263,2023-11-15,Clothing,2,43.73,113.69,62.53,17.05,False,Central,Online,Premium
O005884,C1167,2023-03-20,Home & Kitchen,1,95.83,95.83,40.25,19.17,False,North,Partner,Premium
O000842,C0152,2023-10-02,Electronics,1,261.56,261.56,57.54,52.31,False,South,Online,Premium
O007488,C1482,2023-07-24,Beauty,3,67.21,201.63,125.01,0.0,False,West,Online,Regular
O005854,C1161,2024-07-11,Beauty,3,50.82,152.45,94.52,0.0,False,West,App,Regular
O007408,C1466,2024-06-22,Home & Kitchen,1,83.39,83.39,35.02,0.0,False,East,Online,Premium
O001632,C0312,2024-02-26,Home & Kitchen,1,85.7,72.85,30.6,3.64,False,South,Online,Premium
O000573,C0105,2024-06-28,Beauty,1,25.16,25.16,15.6,2.52,True,Central,Online,Premium
O008112,C1619,2024-11-12,Home & Kitchen,1,56.61,73.6,30.91,0.0,False,North,Online,Regular
O005171,C1027,2024-04-25,Home & Kitchen,3,58.97,176.91,74.3,0.0,False,North,Partner,Regular
O004420,C0890,2024-07-06,Clothing,1,42.54,42.54,23.4,4.25,False,South,Partner,Regular
O000356,C0071,2023-09-21,Sports,1,122.06,122.06,46.38,18.31,False,East,Retail,Premium
O002192,C0423,2023-09-29,Clothing,3,113.97,341.9,188.04,0.0,False,West,Online,Regular
O006533,C1304,2023-06-01,Sports,1,122.46,122.46,46.53,6.12,False,West,App,Regular
O003844,C0775,2024-08-20,Home & Kitchen,1,13.03,13.03,5.47,0.0,False,South,Online,Regular
O009422,C1890,2024-05-01,Electronics,1,583.45,583.45,128.36,29.17,False,East,Online,Premium
O000869,C0157,2023-10-27,Electronics,1,108.89,108.89,23.96,0.0,False,South,Partner,Premium
O000843,C0152,2024-07-10,Beauty,1,33.61,33.61,20.84,6.72,False,South,Online,Premium
O007255,C1445,2024-12-20,Home & Kitchen,1,69.05,89.76,37.7,8.98,False,West,Online,Premium
O002881,C0568,2023-10-16,Sports,1,155.07,155.07,58.93,0.0,False,East,Partner,Premium
O003371,C0667,2023-08-03,Beauty,1,43.08,43.08,26.71,2.15,False,South,App,Regular
O000615,C0113,2023-08-01,Electronics,1,369.31,369.31,81.25,36.93,False,East,Partner,Premium
O005737,C1136,2023-06-07,Electronics,1,94.23,94.23,20.73,0.0,False,Central,Online,Premium
O003248,C0645,2023-01-01,Beauty,1,43.69,37.14,23.03,0.0,True,North,Retail,Regular
O005041,C1004,2024-06-19,Home & Kitchen,2,92.65,185.29,77.82,27.79,False,East,Partner,Premium
O004809,C0959,2023-04-24,Beauty,1,76.5,76.5,47.43,0.0,False,West,Partner,Regular
O003102,C0611,2023-08-31,Sports,1,188.91,188.91,71.79,28.34,False,North,App,Regular
O006253,C1236,2023-09-26,Beauty,1,16.86,16.86,10.45,0.0,False,South,App,Regular
O002293,C0449,2024-04-06,Beauty,2,5.0,10.0,6.2,0.5,False,North,Online,Regular
O002628,C0523,2023-04-24,Electronics,2,372.66,745.31,163.97,0.0,False,South,Online,Premium
O007917,C1569,2024-08-03,Beauty,2,54.52,109.05,67.61,10.9,False,South,Retail,Occasional
O003863,C0779,2024-12-13,Home & Kitchen,1,169.56,220.43,92.58,11.02,False,North,Retail,Regular
O007423,C1468,2024-04-27,Sports,1,21.45,21.45,8.15,2.14,False,North,Retail,Regular
O002091,C0402,2024-11-27,Electronics,1,539.93,701.91,154.42,35.1,False,Central,Online,Regular
O009570,C1926,2024-07-02,Beauty,1,49.52,49.52,30.7,0.0,False,North,Retail,Regular
O006667,C1329,2023-05-07,Beauty,1,5.0,5.0,3.1,0.25,False,West,App,Regular
O007532,C1489,2023-01-23,Beauty,1,81.21,69.03,42.8,3.45,False,Central,App,Regular
O003906,C0788,2024-11-07,Clothing,1,64.16,83.4,45.87,16.68,False,West,Online,Premium
O005274,C1048,2024-12-16,Beauty,1,37.56,48.83,30.27,2.44,False,East,App,Regular
O001646,C0315,2023-09-12,Clothing,2,36.18,72.36,39.8,3.62,False,Central,Partner,Regular
O001450,C0271,2024-09-15,Home & Kitchen,1,10.6,10.6,4.45,0.0,False,Central,App,Occasional
O006474,C1293,2023-09-30,Home & Kitchen,2,8.85,17.71,7.44,0.0,False,South,Online,Regular
O002599,C0517,2024-05-14,Sports,1,177.81,177.81,67.57,8.89,False,East,App,Premium
O001105,C0211,2024-08-21,Beauty,1,28.5,28.5,17.67,0.0,False,North,Online,Premium
O007210,C1434,2024-01-06,Electronics,1,220.56,187.47,41.24,18.75,False,East,Online,Regular
O008287,C1659,2024-07-06,Home & Kitchen,2,178.11,356.21,149.61,0.0,False,East,App,Regular
O009010,C1814,2023-06-13,Clothing,1,44.29,44.29,24.36,2.21,True,West,Online,Premium
O000006,C0002,2024-03-05,Electronics,1,287.69,287.69,63.29,43.15,True,North,Retail,Regular
O005191,C1029,2024-01-30,Beauty,1,28.61,24.31,15.07,1.22,False,East,Online,Premium
O004569,C0923,2024-02-22,Home & Kitchen,1,117.95,100.26,42.11,15.04,False,South,Online,Premium
O002999,C0591,2024-01-08,Clothing,1,141.02,119.87,65.93,5.99,False,Central,Online,Regular
O007066,C1408,2024-01-14,Home & Kitchen,1,42.95,36.51,15.33,5.48,True,West,Online,Premium
O003065,C0601,2024-12-21,Electronics,1,357.74,465.07,102.32,46.51,False,East,Retail,Premium
O007784,C1543,2024-10-13,Home & Kitchen,1,105.85,105.85,44.46,0.0,False,Central,Online,Premium
O005117,C1015,2024-10-21,Home & Kitchen,3,142.27,426.81,179.26,85.36,False,North,Retail,Regular
O007595,C1506,2024-09-05,Beauty,1,45.31,45.31,28.09,9.06,False,North,Online,Regular
O004593,C0925,2023-12-26,Home & Kitchen,1,112.71,146.52,61.54,29.3,False,West,Partner,Premium
O000263,C0050,2024-08-15,Electronics,1,285.29,285.29,62.76,28.53,False,North,App,Premium
O002741,C0545,2023-02-12,Home & Kitchen,1,61.05,51.89,21.79,5.19,False,East,Partner,Regular
O005934,C1175,2023-04-19,Home & Kitchen,2,51.83,103.66,43.54,15.55,False,West,App,Regular
O008774,C1762,2024-02-02,Beauty,1,51.59,43.85,27.19,2.19,False,East,Partner,Premium
O009081,C1828,2023-01-12,Sports,1,234.89,199.66,75.87,0.0,True,South,Online,Regular
O003275,C0649,2024-12-13,Home & Kitchen,1,132.71,172.52,72.46,8.63,False,Central,App,Premium
O008741,C1759,2024-10-05,Clothing,1,61.81,61.81,34.0,0.0,True,South,Online,Premium
O003806,C0767,2024-06-16,Clothing,1,75.76,75.76,41.67,15.15,False,West,Online,Regular
O009799,C1957,2023-09-19,Clothing,2,105.28,210.56,115.81,0.0,True,West,App,Regular
O002548,C0503,2023-05-22,Clothing,1,40.68,40.68,22.37,0.0,True,Central,Retail,Regular
O007842,C1552,2023-04-25,Beauty,1,61.41,61.41,38.07,9.21,False,Central,Online,Regular
O007275,C1448,2024-09-23,Electronics,1,335.61,335.61,73.83,67.12,False,North,App,Premium
O004299,C0866,2024-12-15,Sports,1,172.57,224.34,85.25,11.22,False,Central,App,Premium
O000184,C0037,2024-05-10,Beauty,1,57.62,57.62,35.72,2.88,False,East,Partner,Premium
O001235,C0232,2023-01-02,Electronics,1,252.57,214.68,47.23,32.2,True,West,Online,Regular
O009017,C1815,2024-06-15,Electronics,2,218.57,437.15,96.17,21.86,False,East,Online,Regular
O000410,C0084,2023-07-30,Sports,1,28.4,28.4,10.79,4.26,False,East,Retail,Regular
O006683,C1333,2024-03-02,Beauty,1,23.13,23.13,14.34,4.63,False,East,Partner,Regular
O007127,C1418,2023-02-09,Home & Kitchen,1,82.78,70.36,29.55,3.52,False,East,Online,Premium
O002725,C0543,2024-12-30,Clothing,1,58.74,76.36,42.0,11.45,False,South,App,Premium
O006116,C1206,2024-03-14,Sports,1,72.58,72.58,27.58,0.0,False,East,Retail,Premium
O005722,C1133,2023-09-01,Beauty,2,51.38,102.76,63.71,15.41,False,South,Partner,Premium
O008009,C1588,2024-02-23,Home & Kitchen,1,138.25,117.51,49.35,0.0,False,West,App,Regular
O008827,C1772,2023-06-29,Sports,1,110.01,110.01,41.8,0.0,False,West,App,Regular
O005054,C1005,2023-12-12,Clothing,1,17.66,22.96,12.63,4.59,False,North,Online,Premium
O007047,C1406,2024-12-14,Clothing,2,74.77,194.4,106.92,19.44,False,East,App,Regular
O008532,C1718,2024-02-01,Beauty,2,54.07,91.93,57.0,18.39,False,East,App,Regular
O008504,C1713,2023-05-17,Home & Kitchen,1,22.03,22.03,9.25,1.1,False,East,Online,Premium
O002079,C0401,2024-06-19,Beauty,1,66.84,66.84,41.44,0.0,False,North,Partner,Premium
O006997,C1397,2023-05-05,Home & Kitchen,1,112.79,112.79,47.37,22.56,False,West,Online,Premium
O002258,C0442,2023-09-18,Clothing,1,92.33,92.33,50.78,4.62,False,East,App,Regular
O003903,C0788,2024-12-21,Electronics,3,240.84,939.28,206.64,93.93,False,West,Online,Premium
O009762,C1951,2023-01-12,Home & Kitchen,1,157.94,134.25,56.38,0.0,False,West,Retail,Regular
O007609,C1510,2023-07-03,Clothing,1,29.18,29.18,16.05,0.0,False,West,Partner,Regular
O007222,C1437,2024-05-11,Clothing,1,83.88,83.88,46.13,0.0,False,North,Online,Premium
O005052,C1004,2023-01-17,Clothing,1,17.54,14.91,8.2,0.75,False,East,Partner,Premium
O005167,C1027,2023-10-18,Electronics,1,451.92,451.92,99.42,22.6,False,North,Partner,Regular
O000999,C0191,2023-10-12,Home & Kitchen,2,130.8,261.59,109.87,0.0,False,South,Online,Regular
O006781,C1354,2023-09-15,Clothing,1,44.51,44.51,24.48,2.23,False,South,App,Occasional
O003061,C0601,2023-05-11,Sports,1,234.97,234.97,89.29,46.99,True,East,Retail,Premium
O003559,C0711,2024-12-23,Beauty,1,25.92,33.69,20.89,0.0,False,East,Retail,Regular
O003036,C0598,2023-11-12,Clothing,1,90.74,117.96,64.88,5.9,False,North,App,Regular
O002359,C0463,2023-10-06,Electronics,3,209.4,628.21,138.21,0.0,False,South,Online,Regular
O007057,C1407,2024-04-05,Beauty,1,52.45,52.45,32.52,7.87,False,West,App,Regular
O008762,C1762,2023-01-22,Clothing,1,39.76,33.79,18.58,1.69,False,East,Partner,Premium
O001749,C0334,2023-12-27,Sports,1,179.98,233.97,88.91,23.4,False,East,Partner,Premium
O005923,C1174,2023-05-23,Sports,3,192.93,578.79,219.94,0.0,False,West,Retail,Premium
O008448,C1703,2023-02-11,Home & Kitchen,1,140.48,119.4,50.15,0.0,False,North,App,Premium
O008253,C1647,2023-10-14,Sports,1,258.96,258.96,98.4,38.84,False,West,Partner,Regular
O007417,C1467,2024-02-12,Home & Kitchen,3,132.81,338.67,142.24,0.0,False,West,Retail,Regular
O001742,C0333,2023-12-20,Beauty,1,43.05,55.97,34.7,8.4,False,North,Online,Regular
O004622,C0927,2024-05-15,Beauty,1,49.63,49.63,30.77,9.93,False,North,App,Premium
O006188,C1224,2024-04-25,Electronics,1,656.46,656.46,144.42,0.0,False,South,Online,Occasional
O004523,C0911,2024-06-18,Clothing,1,86.69,86.69,47.68,0.0,False,East,Retail,Regular
O005155,C1025,2024-09-16,Beauty,1,80.27,80.27,49.77,12.04,True,North,App,Premium
O002336,C0460,2023-01-11,Clothing,1,57.38,48.77,26.82,0.0,False,East,App,Regular
O006280,C1244,2023-01-24,Home & Kitchen,1,142.96,121.52,51.04,12.15,False,West,Online,Premium
O005904,C1171,2024-01-28,Beauty,1,44.73,38.02,23.57,1.9,True,Central,Online,Premium
O008140,C1626,2023-05-08,Sports,1,55.88,55.88,21.23,0.0,False,West,App,Regular
O008133,C1625,2024-01-20,Beauty,1,83.58,71.04,44.04,0.0,False,North,Online,Regular
O004196,C0843,2024-06-09,Sports,1,49.58,49.58,18.84,0.0,False,West,Online,Regular
O009527,C1918,2023-07-14,Clothing,1,92.03,92.03,50.62,13.8,False,Central,Online,Regular
O005862,C1164,2023-08-20,Beauty,1,61.41,61.41,38.07,9.21,False,East,Online,Occasional
O000281,C0055,2023-05-22,Beauty,1,59.15,59.15,36.67,5.92,False,West,Retail,Occasional
O005755,C1139,2024-12-02,Electronics,1,153.79,199.93,43.98,19.99,True,South,Online,Premium
O007162,C1426,2024-10-07,Home & Kitchen,1,101.79,101.79,42.75,5.09,True,South,Online,Regular
O007879,C1558,2023-11-07,Beauty,3,40.53,158.09,98.02,0.0,False,West,App,Premium
O007988,C1586,2023-11-28,Home & Kitchen,3,82.59,322.08,135.27,0.0,False,Central,Online,Premium
O002897,C0570,2024-04-16,Home & Kitchen,1,108.42,108.42,45.54,21.68,False,West,App,Premium
O004411,C0889,2024-02-04,Clothing,1,30.38,25.83,14.21,3.87,False,North,Online,Regular
O006300,C1248,2023-04-16,Sports,1,22.71,22.71,8.63,2.27,False,South,Partner,Regular
O009662,C1938,2023-02-21,Beauty,1,46.5,39.52,24.5,0.0,False,South,Partner,Premium
O008099,C1615,2024-12-10,Sports,1,132.91,172.79,65.66,25.92,False,East,Partner,Regular
O000063,C0011,2024-03-10,Electronics,1,78.09,78.09,17.18,0.0,True,East,App,Regular
O007270,C1447,2023-04-08,Sports,1,109.17,109.17,41.48,10.92,False,Central,Online,Regular
O001561,C0297,2024-07-14,Home & Kitchen,1,5.0,5.0,2.1,0.0,False,East,Online,Premium
O003632,C0725,2024-10-22,Home & Kitchen,1,191.04,191.04,80.24,0.0,False,Central,Online,Regular
O005164,C1026,2023-06-29,Home & Kitchen,2,75.88,151.77,63.74,0.0,False,Central,App,Regular
O005952,C1178,2023-04-24,Clothing,1,27.28,27.28,15.0,0.0,False,Central,App,Regular
O000692,C0127,2024-10-28,Beauty,1,42.83,42.83,26.55,4.28,False,West,App,Regular
O006506,C1298,2023-12-27,Clothing,1,5.0,6.5,3.58,0.32,False,West,Online,Premium
O000871,C0157,2024-06-10,Beauty,1,44.03,44.03,27.3,6.6,False,South,Partner,Premium
O008241,C1644,2024-10-11,Beauty,1,50.95,50.95,31.59,0.0,False,South,Online,Premium
O001143,C0218,2024-10-23,Electronics,1,653.41,653.41,143.75,32.67,False,South,App,Premium
O006800,C1357,2023-12-04,Electronics,1,326.94,425.03,93.51,85.01,False,Central,Online,Premium
O001442,C0270,2024-04-22,Clothing,1,91.36,91.36,50.25,0.0,False,South,Retail,Regular
O008600,C1733,2024-07-30,Sports,1,186.68,186.68,70.94,18.67,False,Central,Online,Premium
O009264,C1858,2024-04-12,Home & Kitchen,1,74.58,74.58,31.32,14.92,False,South,Online,Regular
O006530,C1303,2023-04-26,Sports,1,215.61,215.61,81.93,0.0,False,South,Partner,Regular
O006459,C1291,2024-01-14,Beauty,1,86.62,73.63,45.65,0.0,False,West,App,Regular
O000781,C0142,2024-03-15,Electronics,1,397.1,397.1,87.36,19.86,False,Central,Partner,Premium
O009717,C1945,2024-09-12,Clothing,1,91.34,91.34,50.24,9.13,False,West,Online,Premium
O004757,C0952,2023-10-26,Sports,1,103.27,103.27,39.24,0.0,False,West,App,Regular
O006197,C1225,2023-11-11,Beauty,2,40.68,105.77,65.58,21.15,False,South,Online,Regular
O009620,C1931,2023-11-26,Home & Kitchen,1,62.46,81.2,34.1,0.0,False,East,Online,Premium
O007999,C1587,2023-09-27,Home & Kitchen,1,116.99,116.99,49.14,5.85,False,North,Online,Regular
O003626,C0724,2024-10-17,Electronics,1,245.55,245.55,54.02,49.11,False,East,Online,Occasional
O000426,C0085,2024-03-09,Sports,1,122.75,122.75,46.64,0.0,False,West,Online,Premium
O003820,C0772,2023-02-03,Electronics,1,690.65,587.05,129.15,0.0,False,North,Retail,Regular
O000891,C0162,2024-01-13,Clothing,1,70.32,59.77,32.87,2.99,False,South,App,Regular
O009780,C1956,2024-07-15,Beauty,1,45.25,45.25,28.06,6.79,False,South,App,Premium
O009420,C1889,2023-03-31,Beauty,1,75.61,75.61,46.88,0.0,False,North,Partner,Occasional
O002183,C0420,2024-07-21,Sports,1,101.15,101.15,38.44,0.0,False,North,Partner,Occasional
O005265,C1045,2024-01-15,Beauty,1,54.24,46.1,28.58,6.92,False,North,Partner,Premium
O007942,C1574,2023-07-22,Electronics,1,319.65,319.65,70.32,0.0,False,East,App,Regular
O000299,C0058,2024-12-22,Beauty,1,54.09,70.32,43.6,3.52,False,Central,Partner,Regular
O007352,C1456,2023-04-16,Sports,1,147.42,147.42,56.02,22.11,False,East,Online,Regular
O007229,C1439,2024-01-22,Sports,1,5.0,4.25,1.62,0.64,False,South,Online,Regular
O000162,C0033,2023-06-22,Electronics,2,412.55,825.09,181.52,82.51,False,West,Online,Regular
O008773,C1762,2024-04-08,Clothing,1,75.61,75.61,41.59,3.78,False,East,Partner,Premium
O001963,C0377,2024-06-06,Sports,1,44.9,44.9,17.06,0.0,False,Central,Online,Premium
O006038,C1195,2024-08-03,Clothing,1,122.13,122.13,67.17,18.32,False,South,Online,Occasional
O000417,C0085,2024-07-31,Sports,2,164.68,329.35,125.15,0.0,False,West,Online,Premium
O003341,C0662,2024-03-02,Clothing,1,137.08,137.08,75.39,20.56,True,East,Online,Premium
O003095,C0611,2024-06-05,Home & Kitchen,1,87.43,87.43,36.72,4.37,False,North,App,Regular
O002530,C0498,2024-07-17,Sports,1,87.2,87.2,33.14,13.08,False,East,App,Regular
O004592,C0925,2024-11-27,Sports,1,165.44,215.08,81.73,10.75,True,West,Partner,Premium
O003416,C0679,2024-06-18,Clothing,1,78.97,78.97,43.43,3.95,False,North,Online,Regular
O007749,C1537,2024-05-17,Beauty,1,11.22,11.22,6.96,0.0,False,East,Online,Premium
O004098,C0825,2024-05-19,Home & Kitchen,1,5.0,5.0,2.1,0.0,False,North,Online,Premium
O010007,C1995,2024-07-12,Sports,1,249.94,249.94,94.98,37.49,False,East,App,Regular
O005653,C1122,2024-11-29,Electronics,1,527.99,686.38,151.0,102.96,False,South,Online,Regular
O008756,C1760,2024-01-04,Clothing,1,81.82,69.55,38.25,0.0,False,Central,Online,Regular
O005618,C1119,2023-12-29,Sports,1,177.49,230.74,87.68,0.0,False,North,App,Premium
O003897,C0786,2024-02-29,Electronics,2,304.9,518.32,114.03,25.92,False,South,Online,Regular
O002850,C0564,2024-12-13,Home & Kitchen,3,79.47,309.91,130.16,0.0,False,West,App,Premium
O002144,C0413,2024-12-21,Home & Kitchen,2,159.93,415.82,174.64,0.0,False,North,Online,Regular
O004737,C0950,2023-01-13,Electronics,1,401.54,341.31,75.09,34.13,False,North,Partner,Premium
O005977,C1183,2024-02-19,Beauty,1,25.44,21.62,13.4,4.32,False,West,App,Regular
O000594,C0109,2024-10-27,Sports,1,167.74,167.74,63.74,33.55,False,North,Online,Premium
O006105,C1204,2023-10-04,Beauty,2,63.48,126.97,78.72,0.0,False,Central,Online,Premium
O005132,C1020,2024-05-18,Electronics,1,201.73,201.73,44.38,0.0,False,North,App,Regular
O004334,C0873,2023-05-04,Sports,1,226.31,226.31,86.0,22.63,False,North,Online,Premium
O007537,C1491,2023-09-07,Home & Kitchen,1,159.45,159.45,66.97,0.0,False,Central,App,Occasional
O007161,C1426,2024-05-16,Clothing,1,78.79,78.79,43.33,15.76,False,South,Online,Regular
O003927,C0791,2023-09-02,Beauty,1,65.11,65.11,40.37,0.0,False,West,Online,Regular
O001166,C0220,2024-06-22,Clothing,1,118.66,118.66,65.26,0.0,False,North,Online,Regular
O004070,C0822,2024-04-06,Clothing,1,150.81,150.81,82.95,0.0,False,Central,App,Premium
O009073,C1826,2024-09-03,Electronics,3,11.91,35.73,7.86,3.57,False,East,Online,Regular
O002939,C0575,2023-05-16,Beauty,1,31.97,31.97,19.82,0.0,False,South,Online,Regular
O008137,C1626,2024-03-25,Sports,2,149.2,298.41,113.4,14.92,False,West,App,Regular
O003394,C0673,2024-03-22,Clothing,1,48.27,48.27,26.55,0.0,False,East,App,Occasional
O000574,C0105,2024-02-26,Home & Kitchen,1,116.04,98.64,41.43,0.0,False,Central,Online,Premium
O000351,C0070,2024-05-31,Sports,1,202.74,202.74,77.04,10.14,False,South,App,Regular
O007279,C1448,2024-05-20,Home & Kitchen,1,147.89,147.89,62.11,0.0,False,North,App,Premium
O009886,C1971,2023-05-22,Electronics,3,358.33,1074.98,236.5,0.0,False,North,Online,Regular
O004345,C0874,2024-03-24,Sports,1,95.02,95.02,36.11,19.0,False,North,Partner,Regular
O006861,C1371,2024-01-11,Electronics,3,104.04,265.3,58.37,53.06,False,North,Retail,Premium
O006223,C1230,2024-08-13,Electronics,1,560.91,560.91,123.4,112.18,False,East,Partner,Regular
O001995,C0380,2023-09-15,Beauty,1,62.51,62.51,38.76,3.13,True,Central,App,Regular
O001137,C0217,2024-12-03,Clothing,1,40.46,52.59,28.92,7.89,False,West,Online,Occasional
O007277,C1448,2024-08-03,Electronics,1,453.0,453.0,99.66,90.6,False,North,App,Premium
O002671,C0532,2024-10-02,Sports,1,137.41,137.41,52.22,0.0,False,Central,Online,Regular
O009382,C1883,2024-07-02,Beauty,2,46.98,93.96,58.26,14.09,False,North,Online,Occasional
O001993,C0379,2024-10-31,Home & Kitchen,1,124.65,124.65,52.35,24.93,False,West,Online,Premium
O003204,C0635,2023-12-26,Electronics,1,585.44,761.08,167.44,0.0,False,South,Online,Premium
O003590,C0716,2024-01-31,Sports,2,126.95,215.82,82.01,0.0,False,North,App,Regular
O002949,C0577,2024-11-05,Sports,2,51.29,133.36,50.68,20.0,False,North,Online,Regular
O008338,C1674,2023-09-19,Home & Kitchen,1,135.07,135.07,56.73,0.0,False,West,Online,Regular
O001489,C0281,2023-11-11,Home & Kitchen,1,65.22,84.79,35.61,4.24,False,West,Online,Regular
O000120,C0024,2023-06-11,Home & Kitchen,1,92.17,92.17,38.71,13.83,False,North,App,Premium
O001308,C0245,2024-02-01,Electronics,1,5.0,4.25,0.94,0.0,False,West,Retail,Regular
O001369,C0259,2024-09-15,Home & Kitchen,1,88.16,88.16,37.03,13.22,False,Central,Retail,Premium
O003000,C0591,2023-07-07,Electronics,1,256.33,256.33,56.39,38.45,False,Central,Online,Regular
O001528,C0291,2023-01-05,Clothing,1,78.37,66.62,36.64,9.99,False,North,App,Regular
O003628,C0725,2023-05-08,Home & Kitchen,1,47.17,47.17,19.81,7.08,True,Central,Online,Regular
O005121,C1017,2023-01-25,Sports,2,227.32,386.45,146.85,0.0,False,West,Retail,Occasional
O004272,C0861,2024-05-11,Clothing,1,154.11,154.11,84.76,7.71,False,South,Online,Regular
O005931,C1174,2023-01-27,Sports,1,127.63,108.48,41.22,16.27,False,West,Retail,Premium
O006674,C1332,2023-07-25,Electronics,1,774.05,774.05,170.29,38.7,False,East,Online,Premium
O006004,C1186,2023-11-19,Sports,1,5.0,6.5,2.47,1.3,False,East,App,Premium
O000575,C0105,2023-01-18,Sports,1,57.45,48.83,18.56,4.88,False,Central,Online,Premium
O008715,C1752,2023-10-26,Clothing,1,95.3,95.3,52.42,9.53,False,Central,Online,Regular
O005729,C1134,2024-11-01,Electronics,2,283.95,738.27,162.42,147.65,False,South,Online,Occasional
O002178,C0417,2024-12-18,Sports,1,136.89,177.96,67.62,35.59,False,East,Online,Occasional
O006656,C1327,2023-01-26,Beauty,3,47.94,122.24,75.79,24.45,False,North,App,Premium
O006596,C1315,2024-11-30,Clothing,1,58.11,75.55,41.55,15.11,False,South,Online,Regular
O001546,C0296,2023-05-15,Electronics,1,499.15,499.15,109.81,0.0,False,West,Online,Premium
O003477,C0695,2024-07-06,Beauty,1,48.03,48.03,29.78,0.0,False,East,Partner,Occasional
O007515,C1486,2023-07-10,Beauty,2,52.82,105.63,65.49,5.28,False,South,App,Regular
O004024,C0813,2024-10-26,Sports,2,121.04,242.08,91.99,48.42,False,West,Retail,Regular
O005336,C1063,2023-04-25,Sports,1,80.44,80.44,30.57,0.0,False,North,Online,Premium
O009470,C1901,2023-11-25,Beauty,2,69.89,181.71,112.66,36.34,False,West,Online,Occasional
O004746,C0950,2023-07-10,Sports,1,104.17,104.17,39.58,0.0,False,North,Partner,Premium
O007897,C1562,2023-12-17,Electronics,1,482.45,627.19,137.98,0.0,False,West,Retail,Occasional
O000370,C0073,2023-01-07,Sports,3,188.48,480.63,182.64,0.0,False,West,App,Regular
O008162,C1630,2023-03-28,Sports,1,91.31,91.31,34.7,13.7,False,East,Retail,Premium
O003597,C0718,2024-03-01,Sports,1,53.5,53.5,20.33,10.7,False,North,Partner,Premium
O000937,C0179,2024-03-08,Electronics,1,214.75,214.75,47.24,32.21,False,East,Retail,Premium
O007683,C1525,2024-02-15,Clothing,1,68.01,57.81,31.8,0.0,False,West,Online,Regular
O008380,C1686,2024-02-08,Home & Kitchen,1,147.03,124.98,52.49,18.75,False,South,Online,Regular
O004340,C0873,2023-06-04,Home & Kitchen,1,89.55,89.55,37.61,17.91,False,North,Online,Premium
O001985,C0379,2023-04-16,Sports,1,50.0,50.0,19.0,7.5,False,West,Online,Premium
O006914,C1383,2024-04-23,Clothing,1,70.85,70.85,38.97,10.63,False,South,Partner,Regular
O001417,C0266,2023-12-19,Sports,1,58.12,75.55,28.71,0.0,False,South,Online,Regular
O003456,C0689,2023-12-07,Home & Kitchen,1,50.07,65.09,27.34,6.51,False,West,Retail,Regular
O005193,C1029,2024-05-04,Electronics,1,455.9,455.9,100.3,0.0,False,East,Online,Premium
O001663,C0319,2023-08-29,Electronics,1,472.25,472.25,103.9,0.0,False,West,App,Regular
O005073,C1008,2024-02-03,Home & Kitchen,2,68.59,116.61,48.98,0.0,False,West,Retail,Regular
O003398,C0674,2023-05-20,Clothing,2,40.29,80.58,44.32,4.03,False,East,Online,Regular
O004690,C0937,2023-08-20,Clothing,1,38.52,38.52,21.19,5.78,False,South,Online,Premium
O000116,C0024,2023-12-22,Sports,1,49.8,64.75,24.6,9.71,False,North,App,Premium
O007164,C1426,2024-07-10,Home & Kitchen,1,191.15,191.15,80.28,9.56,False,South,Online,Regular
O004499,C0905,2024-09-12,Clothing,1,104.74,104.74,57.61,0.0,False,South,Online,Premium
O007471,C1479,2023-11-22,Home & Kitchen,1,74.89,97.35,40.89,9.74,False,South,App,Regular
O006501,C1298,2024-03-14,Home & Kitchen,1,129.46,129.46,54.37,0.0,False,West,Online,Premium
O008932,C1798,2023-07-22,Electronics,1,175.05,175.05,38.51,26.26,False,Central,Online,Occasional
O001628,C0311,2023-01-30,Home & Kitchen,1,112.27,95.43,40.08,19.09,False,West,Online,Regular
O003947,C0796,2024-11-04,Electronics,1,67.91,88.28,19.42,0.0,False,Central,Online,Occasional
O003019,C0594,2023-09-07,Clothing,1,78.59,78.59,43.22,7.86,False,North,Partner,Regular
O000800,C0147,2023-06-26,Clothing,1,57.29,57.29,31.51,11.46,False,East,App,Premium
O002247,C0439,2024-03-07,Beauty,1,32.15,32.15,19.93,1.61,False,Central,Online,Occasional
O007084,C1413,2024-06-15,Electronics,1,513.74,513.74,113.02,0.0,False,Central,Retail,Regular
O009428,C1890,2023-07-21,Electronics,1,531.23,531.23,116.87,26.56,False,East,Online,Premium
O003480,C0696,2024-12-20,Electronics,2,77.15,200.59,44.13,0.0,True,South,Online,Regular
O004040,C0818,2024-07-25,Electronics,1,82.78,82.78,18.21,12.42,False,South,Online,Regular
O000906,C0167,2024-05-11,Beauty,1,11.35,11.35,7.04,2.27,True,Central,Online,Occasional
O009287,C1865,2023-02-13,Home & Kitchen,1,102.1,86.79,36.45,0.0,False,East,App,Premium
O007387,C1464,2023-08-08,Electronics,1,225.79,225.79,49.67,0.0,False,East,App,Premium
O002906,C0570,2023-01-20,Home & Kitchen,1,74.67,63.47,26.66,0.0,False,West,App,Premium
O009950,C1985,2023-07-27,Electronics,1,332.61,332.61,73.17,49.89,True,South,Partner,Premium
O009565,C1925,2023-07-05,Beauty,3,28.25,84.75,52.54,0.0,False,West,Retail,Regular
O006085,C1201,2024-02-16,Beauty,1,58.12,49.4,30.63,0.0,False,East,Partner,Premium
O007630,C1518,2024-01-17,Sports,2,217.87,370.37,140.74,74.07,False,East,Online,Premium
O004987,C0996,2024-09-24,Clothing,1,5.0,5.0,2.75,0.75,False,North,Retail,Regular
O008956,C1804,2023-09-04,Electronics,2,406.83,813.66,179.01,81.37,False,Central,App,Regular
O008736,C1756,2024-01-26,Beauty,1,35.82,30.45,18.88,0.0,False,Central,Online,Premium
O006809,C1360,2024-09-19,Home & Kitchen,2,103.87,207.74,87.25,0.0,False,North,Partner,Occasional
O002831,C0560,2023-10-19,Electronics,2,691.64,1383.28,304.32,138.33,False,Central,Online,Occasional
O004549,C0916,2024-11-25,Sports,1,136.66,177.66,67.51,0.0,True,East,Online,Regular
O002310,C0455,2023-11-13,Electronics,1,169.59,220.47,48.5,0.0,False,West,App,Regular
O010012,C1996,2024-05-06,Home & Kitchen,1,32.49,32.49,13.65,0.0,False,East,Retail,Premium
O006807,C1357,2023-03-14,Beauty,1,53.15,53.15,32.95,2.66,True,Central,Online,Premium
O003009,C0593,2024-08-11,Electronics,1,385.59,385.59,84.83,0.0,False,South,Retail,Regular
O004720,C0943,2024-07-26,Sports,1,19.26,19.26,7.32,0.0,False,South,App,Occasional
O004684,C0937,2024-06-29,Clothing,1,70.49,70.49,38.77,3.52,False,South,Online,Premium
O001682,C0323,2023-02-25,Sports,1,116.47,99.0,37.62,19.8,False,South,Partner,Regular
O005986,C1184,2023-09-03,Sports,1,79.1,79.1,30.06,0.0,False,East,App,Regular
O008747,C1759,2023-10-17,Electronics,1,491.1,491.1,108.04,73.67,False,South,Online,Premium
O009149,C1839,2023-10-24,Electronics,2,297.18,594.35,130.76,29.72,False,North,Online,Premium
O008566,C1722,2024-09-06,Clothing,1,66.03,66.03,36.32,0.0,False,Central,Online,Regular
O001337,C0252,2023-07-17,Home & Kitchen,2,154.24,308.49,129.57,0.0,True,North,Online,Regular
O000753,C0140,2023-04-29,Electronics,1,151.57,151.57,33.35,30.31,False,North,Online,Regular
O006612,C1319,2024-04-22,Electronics,1,58.8,58.8,12.94,2.94,False,North,Online,Regular
O009951,C1985,2023-07-04,Beauty,1,47.96,47.96,29.74,2.4,False,South,Partner,Premium
O001605,C0308,2023-05-22,Beauty,1,15.86,15.86,9.83,2.38,False,West,Retail,Regular
O007659,C1522,2023-11-01,Clothing,1,56.69,73.69,40.53,11.05,False,North,App,Premium
O009024,C1817,2024-03-15,Clothing,2,67.56,135.13,74.32,13.51,False,East,Online,Premium
O009535,C1919,2023-10-26,Home & Kitchen,1,87.83,87.83,36.89,13.17,False,South,App,Regular
O006279,C1244,2023-01-31,Electronics,1,203.65,173.1,38.08,17.31,False,West,Online,Premium
O002126,C0407,2024-05-21,Beauty,1,15.36,15.36,9.52,0.77,False,North,App,Occasional
O000783,C0142,2023-08-08,Home & Kitchen,1,159.85,159.85,67.14,0.0,False,Central,Partner,Premium
O008342,C1674,2024-12-09,Home & Kitchen,1,52.4,68.12,28.61,13.62,False,West,Online,Regular
O006780,C1353,2023-10-24,Beauty,2,58.02,116.04,71.94,23.21,False,Central,App,Regular
O000530,C0101,2024-05-24,Clothing,1,5.0,5.0,2.75,0.25,False,East,Online,Premium
O003963,C0798,2023-04-20,Beauty,1,71.34,71.34,44.23,0.0,False,Central,Online,Premium
O003196,C0631,2024-12-07,Beauty,1,92.84,120.69,74.83,0.0,False,East,App,Regular
O004130,C0830,2023-12-24,Home & Kitchen,1,139.01,180.71,75.9,0.0,False,West,Online,Regular
O005444,C1090,2024-10-22,Beauty,1,20.63,20.63,12.79,3.09,False,North,App,Regular
O009700,C1943,2024-01-12,Beauty,1,59.65,50.7,31.43,5.07,False,North,Online,Premium
O003530,C0706,2023-02-18,Clothing,1,27.89,23.7,13.04,0.0,False,East,Online,Premium
O009405,C1888,2023-04-14,Clothing,1,58.16,58.16,31.99,0.0,False,East,App,Regular
O004674,C0936,2024-10-27,Sports,3,105.06,315.17,119.76,0.0,False,East,Retail,Regular
O008416,C1694,2023-04-03,Sports,1,98.1,98.1,37.28,14.71,False,North,App,Regular
O004662,C0934,2023-05-12,Electronics,1,390.21,390.21,85.85,58.53,False,South,Retail,Regular
O007721,C1531,2024-07-08,Sports,1,25.07,25.07,9.53,1.25,False,Central,Online,Premium
O007139,C1419,2024-04-26,Clothing,1,17.54,17.54,9.65,0.0,True,East,Retail,Premium
O002396,C0470,2024-03-29,Clothing,1,47.89,47.89,26.34,0.0,False,West,App,Premium
O002272,C0447,2023-10-19,Sports,1,169.09,169.09,64.25,0.0,False,North,Retail,Regular
O001403,C0264,2023-03-01,Home & Kitchen,2,58.73,117.46,49.33,0.0,False,Central,Partner,Premium
O004875,C0971,2023-03-19,Sports,1,83.97,83.97,31.91,0.0,False,North,App,Regular
O005439,C1089,2024-08-09,Beauty,1,39.69,39.69,24.61,1.98,False,South,Retail,Occasional
O007466,C1477,2024-12-14,Beauty,1,50.44,65.57,40.65,0.0,False,South,Retail,Occasional
O009346,C1875,2024-05-18,Home & Kitchen,1,57.66,57.66,24.22,0.0,False,Central,App,Premium
O008063,C1603,2023-07-23,Home & Kitchen,1,46.43,46.43,19.5,6.96,False,North,App,Regular
O004515,C0909,2024-10-07,Home & Kitchen,1,173.89,173.89,73.03,34.78,False,West,Partner,Regular
O003032,C0598,2024-08-29,Beauty,2,50.66,101.32,62.82,10.13,False,North,App,Regular
O004436,C0892,2024-10-04,Clothing,1,40.12,40.12,22.07,6.02,False,South,App,Regular
O007153,C1422,2024-09-20,Sports,1,130.9,130.9,49.74,6.55,False,West,Retail,Regular
O001112,C0212,2023-11-12,Electronics,1,279.48,363.32,79.93,18.17,False,North,App,Premium
O004081,C0824,2024-09-03,Beauty,1,46.98,46.98,29.13,0.0,False,Central,Retail,Premium
O009129,C1836,2024-02-10,Clothing,2,17.95,30.52,16.79,4.58,False,West,App,Regular
O007966,C1582,2024-10-02,Clothing,1,55.81,55.81,30.7,2.79,False,Central,Online,Regular
O007165,C1426,2023-10-30,Electronics,1,5.0,5.0,1.1,0.0,True,South,Online,Regular
O007322,C1453,2024-04-28,Home & Kitchen,1,99.01,99.01,41.58,4.95,False,West,Online,Regular
O004263,C0860,2023-09-05,Home & Kitchen,3,160.64,481.91,202.4,24.1,False,South,Online,Regular
O002922,C0573,2024-05-23,Home & Kitchen,1,139.08,139.08,58.41,0.0,False,South,App,Regular
O001047,C0199,2023-02-06,Sports,1,43.02,36.57,13.9,3.66,True,West,Online,Premium
O006205,C1226,2024-09-06,Sports,2,114.25,228.5,86.83,0.0,False,East,Retail,Premium
O009944,C1984,2024-03-01,Beauty,1,70.14,70.14,43.49,0.0,False,North,App,Occasional
O007924,C1571,2024-04-12,Home & Kitchen,1,160.67,160.67,67.48,0.0,False,North,Retail,Regular
O004558,C0919,2023-05-04,Home & Kitchen,1,88.46,88.46,37.15,0.0,False,North,App,Occasional
O008144,C1627,2023-06-16,Clothing,1,97.11,97.11,53.41,19.42,False,North,Partner,Regular
O009094,C1830,2023-10-10,Beauty,1,57.62,57.62,35.72,0.0,False,North,Online,Premium
O007844,C1553,2024-02-27,Home & Kitchen,1,93.25,79.26,33.29,11.89,False,North,Online,Regular
O003697,C0743,2024-12-11,Beauty,1,31.31,40.7,25.23,0.0,False,South,Online,Occasional
O001197,C0228,2024-07-31,Electronics,1,361.84,361.84,79.6,0.0,False,West,Partner,Regular
O008057,C1600,2024-01-05,Sports,1,91.46,77.74,29.54,15.55,False,South,Online,Regular
O003960,C0798,2024-02-04,Beauty,2,44.82,76.19,47.24,15.24,False,Central,Online,Premium
O000062,C0011,2023-03-26,Beauty,1,32.05,32.05,19.87,4.81,False,East,App,Regular
O008555,C1721,2023-12-01,Beauty,1,45.93,59.7,37.01,2.99,False,South,App,Premium
O001610,C0308,2023-04-06,Sports,1,165.35,165.35,62.83,0.0,False,West,Retail,Regular
O003235,C0641,2023-07-02,Electronics,1,324.21,324.21,71.33,48.63,False,East,Online,Occasional
O000445,C0087,2023-05-11,Beauty,1,44.15,44.15,27.37,6.62,False,East,Partner,Regular
O002474,C0485,2023-04-24,Home & Kitchen,1,68.74,68.74,28.87,0.0,False,East,Online,Occasional
O005606,C1117,2023-10-28,Beauty,1,47.57,47.57,29.49,0.0,False,East,Online,Premium
O000439,C0086,2024-11-08,Clothing,1,26.45,34.39,18.91,6.88,False,Central,App,Regular
O004812,C0960,2024-01-14,Electronics,1,768.42,653.16,143.7,130.63,False,Central,App,Premium
O007885,C1559,2023-06-24,Clothing,2,101.58,203.16,111.74,0.0,False,East,Online,Occasional
O008407,C1692,2024-02-15,Beauty,1,47.22,40.13,24.88,8.03,False,South,Online,Regular
O008875,C1785,2023-09-27,Electronics,3,411.2,1233.59,271.39,61.68,False,North,Partner,Regular
O006760,C1349,2023-03-15,Home & Kitchen,1,128.39,128.39,53.92,0.0,False,West,Partner,Premium
O009127,C1836,2023-03-05,Sports,2,112.97,225.95,85.86,22.6,False,West,App,Regular
O000098,C0017,2023-11-18,Electronics,1,461.45,599.89,131.98,89.98,False,West,App,Premium
O006628,C1323,2023-02-25,Beauty,1,38.28,32.54,20.17,0.0,False,North,App,Premium
O002818,C0558,2024-07-24,Home & Kitchen,1,108.31,108.31,45.49,21.66,False,West,Online,Regular
O007638,C1518,2024-11-21,Clothing,3,33.39,130.22,71.62,0.0,False,East,Online,Premium
O007805,C1547,2023-07-24,Home & Kitchen,1,81.71,81.71,34.32,0.0,False,West,App,Regular
O005558,C1109,2023-07-07,Clothing,3,41.21,123.63,68.0,6.18,False,North,App,Premium
O004711,C0940,2023-03-04,Electronics,1,130.17,130.17,28.64,0.0,False,Central,Retail,Regular
O001304,C0245,2024-02-12,Beauty,1,23.34,19.84,12.3,0.99,False,West,Retail,Regular
O006156,C1213,2024-04-11,Home & Kitchen,1,209.05,209.05,87.8,10.45,False,East,Online,Regular
O005476,C1096,2023-11-04,Sports,1,47.16,61.3,23.29,0.0,False,East,Retail,Premium
O007196,C1431,2023-06-20,Electronics,2,349.63,699.27,153.84,69.93,True,West,Online,Regular
O002497,C0490,2024-12-26,Electronics,1,338.03,439.44,96.68,0.0,False,East,Partner,Premium
O007622,C1514,2024-05-12,Home & Kitchen,1,59.17,59.17,24.85,8.88,False,West,Partner,Regular
O003027,C0595,2024-12-11,Electronics,2,538.79,1400.86,308.19,0.0,False,North,App,Regular
O004659,C0934,2024-11-29,Home & Kitchen,1,60.35,78.45,32.95,7.85,False,South,Retail,Regular
O009932,C1981,2024-05-24,Electronics,1,85.68,85.68,18.85,4.28,False,South,Online,Occasional
O005153,C1024,2024-04-27,Clothing,1,42.3,42.3,23.26,2.11,False,South,Retail,Regular
O002580,C0515,2024-12-15,Sports,1,128.11,166.54,63.29,0.0,False,West,Retail,Occasional
O009747,C1948,2023-02-22,Beauty,1,25.85,21.97,13.62,0.0,False,North,Retail,Regular
O006177,C1221,2024-09-30,Electronics,2,735.25,1470.5,323.51,147.05,False,South,Retail,Occasional
O004798,C0958,2023-07-22,Electronics,1,303.0,303.0,66.66,0.0,False,West,Online,Premium
O006167,C1214,2024-01-26,Home & Kitchen,1,55.18,46.9,19.7,0.0,False,East,Retail,Premium
O006650,C1326,2023-04-28,Electronics,2,422.31,844.62,185.82,0.0,False,West,App,Regular
O005061,C1005,2023-04-21,Clothing,1,54.42,54.42,29.93,10.88,False,North,Online,Premium
O002135,C0412,2023-02-06,Sports,1,158.92,135.08,51.33,0.0,False,East,App,Premium
O007249,C1443,2024-08-13,Clothing,1,60.26,60.26,33.14,3.01,True,East,App,Regular
O008104,C1617,2024-02-04,Sports,1,45.46,38.64,14.68,0.0,False,Central,Partner,Regular
O000608,C0111,2024-05-01,Home & Kitchen,1,112.23,112.23,47.14,0.0,False,Central,Online,Regular
O008744,C1759,2024-10-26,Beauty,2,67.67,135.33,83.9,27.07,False,South,Online,Premium
O002689,C0536,2024-07-09,Clothing,2,106.65,213.29,117.31,0.0,False,West,Online,Regular
O009215,C1848,2023-04-10,Electronics,1,173.53,173.53,38.18,0.0,True,South,Online,Regular
O000944,C0179,2024-01-27,Home & Kitchen,1,132.43,112.57,47.28,22.51,False,East,Retail,Premium
O000554,C0104,2023-05-24,Home & Kitchen,1,133.73,133.73,56.17,20.06,False,North,App,Premium
O005276,C1048,2024-09-08,Sports,1,53.3,53.3,20.25,0.0,False,East,App,Regular
O002209,C0425,2024-08-13,Electronics,1,94.07,94.07,20.7,0.0,False,West,App,Regular
O004826,C0961,2023-07-13,Home & Kitchen,1,39.84,39.84,16.73,7.97,False,North,App,Premium
O002456,C0479,2024-01-11,Clothing,1,5.02,4.27,2.35,0.21,False,South,Online,Regular
O008560,C1721,2023-07-13,Electronics,2,199.84,399.69,87.93,59.95,False,South,App,Premium
O004460,C0898,2023-09-28,Electronics,1,269.3,269.3,59.25,26.93,False,Central,Online,Regular
O001726,C0331,2023-11-26,Beauty,1,51.98,67.58,41.9,6.76,False,West,App,Premium
O003339,C0662,2024-12-24,Electronics,1,395.18,513.74,113.02,77.06,True,East,Online,Premium
O008463,C1705,2024-02-27,Sports,1,66.75,56.74,21.56,0.0,False,South,Online,Regular
O003886,C0781,2024-08-29,Electronics,1,307.71,307.71,67.7,0.0,False,West,App,Premium
O009028,C1817,2024-01-18,Home & Kitchen,1,139.2,118.32,49.69,23.66,False,East,Online,Premium
O006165,C1214,2024-09-01,Home & Kitchen,2,99.81,199.63,83.84,0.0,False,East,Retail,Premium
O009075,C1827,2023-03-04,Electronics,1,654.55,654.55,144.0,98.18,False,North,Partner,Occasional
O006251,C1236,2023-05-06,Beauty,2,70.9,141.79,87.91,0.0,False,South,App,Regular
O003344,C0663,2023-05-27,Beauty,1,35.47,35.47,21.99,5.32,False,South,Online,Premium
O002469,C0483,2024-05-24,Beauty,1,23.64,23.64,14.66,4.73,False,East,Online,Regular
O005924,C1174,2024-04-16,Home & Kitchen,1,101.78,101.78,42.75,0.0,False,West,Retail,Premium
O007288,C1448,2024-07-29,Home & Kitchen,1,70.65,70.65,29.67,14.13,False,North,App,Premium
O007032,C1404,2023-07-22,Beauty,3,10.43,31.28,19.39,0.0,False,North,Online,Premium
O006220,C1229,2024-12-28,Electronics,1,346.71,450.72,99.16,90.14,False,South,Partner,Premium
O000480,C0091,2023-03-04,Electronics,1,353.93,353.93,77.86,35.39,False,Central,App,Regular
O007194,C1431,2024-04-03,Clothing,1,69.16,69.16,38.04,3.46,False,West,Online,Regular
O006896,C1380,2023-02-02,Electronics,1,505.83,429.96,94.59,43.0,False,North,App,Regular
O005651,C1121,2024-05-15,Sports,1,79.48,79.48,30.2,7.95,False,Central,Online,Premium
O002206,C0424,2023-07-07,Sports,1,55.43,55.43,21.06,11.09,True,West,Online,Premium
O008209,C1637,2024-04-25,Electronics,2,229.93,459.86,101.17,0.0,False,East,App,Premium
O003392,C0671,2024-04-27,Electronics,1,292.43,292.43,64.33,29.24,False,East,App,Regular
O009678,C1940,2023-08-30,Sports,1,5.0,5.0,1.9,0.0,False,North,App,Premium
O001587,C0305,2023-01-14,Clothing,1,40.05,34.04,18.72,5.11,False,West,Retail,Regular
O005069,C1006,2024-01-01,Sports,1,179.58,152.64,58.0,0.0,False,North,Partner,Regular
O003334,C0662,2024-01-21,Beauty,1,30.76,26.14,16.21,5.23,False,East,Online,Premium
O008606,C1733,2024-04-03,Beauty,1,33.67,33.67,20.88,6.73,False,Central,Online,Premium
O002099,C0402,2023-12-19,Electronics,1,184.95,240.44,52.9,48.09,False,Central,Online,Regular
O004895,C0978,2023-12-21,Clothing,1,133.48,173.53,95.44,34.71,False,West,Online,Occasional
O009354,C1875,2024-12-06,Electronics,1,621.99,808.58,177.89,80.86,False,Central,App,Premium
O004257,C0858,2023-04-25,Clothing,1,26.42,26.42,14.53,5.28,False,North,Online,Regular
O005163,C1025,2024-07-20,Home & Kitchen,1,5.0,5.0,2.1,0.75,False,North,App,Premium
O008271,C1654,2023-10-30,Electronics,3,107.74,323.22,71.11,0.0,False,Central,App,Regular
O007746,C1537,2024-03-17,Sports,1,24.35,24.35,9.25,1.22,False,East,Online,Premium
O008052,C1599,2023-10-26,Beauty,1,72.34,72.34,44.85,10.85,False,West,App,Regular
O000535,C0103,2024-02-28,Electronics,1,307.15,261.07,57.44,0.0,False,West,App,Premium
O009212,C1848,2023-01-01,Beauty,1,30.01,25.51,15.82,0.0,False,South,Online,Regular
O001338,C0252,2023-02-13,Sports,1,122.46,104.09,39.55,5.2,False,North,Online,Regular
O001281,C0240,2023-06-10,Beauty,1,30.38,30.38,18.84,0.0,False,West,Online,Premium
O000355,C0071,2024-04-14,Beauty,1,35.95,35.95,22.29,5.39,False,East,Retail,Premium
O008789,C1766,2023-04-22,Sports,1,19.57,19.57,7.44,1.96,False,South,App,Premium
O008601,C1733,2024-12-20,Home & Kitchen,1,69.11,89.85,37.74,8.98,False,Central,Online,Premium
O001106,C0211,2023-06-09,Home & Kitchen,1,161.63,161.63,67.88,0.0,False,North,Online,Premium
O006106,C1204,2024-10-12,Home & Kitchen,1,37.69,37.69,15.83,0.0,False,Central,Online,Premium
O009274,C1861,2023-12-22,Clothing,1,87.64,113.94,62.67,22.79,False,West,Partner,Regular
O001839,C0348,2024-01-19,Home & Kitchen,1,128.29,109.05,45.8,10.9,False,South,App,Regular
O003930,C0792,2023-11-14,Sports,2,98.25,255.45,97.07,12.77,False,South,App,Regular
O003242,C0644,2023-02-05,Electronics,2,495.03,841.55,185.14,0.0,False,North,Online,Regular
O008096,C1615,2023-07-06,Home & Kitchen,1,154.54,154.54,64.91,23.18,False,East,Partner,Regular
O002483,C0487,2024-02-02,Home & Kitchen,1,103.89,88.3,37.09,13.24,False,South,Retail,Regular
O001284,C0240,2024-02-24,Beauty,1,5.0,4.25,2.64,0.64,False,West,Online,Premium
O008390,C1688,2024-08-03,Beauty,1,51.44,51.44,31.89,0.0,False,East,App,Regular
O006424,C1284,2024-05-14,Beauty,2,25.76,51.51,31.94,0.0,True,West,Online,Regular
O005590,C1114,2024-09-15,Sports,2,89.11,178.21,67.72,0.0,False,Central,Retail,Regular
O000093,C0017,2024-01-15,Home & Kitchen,1,52.13,44.31,18.61,0.0,False,West,App,Premium
O006219,C1229,2023-08-25,Sports,1,233.19,233.19,88.61,0.0,False,South,Partner,Premium
O003951,C0797,2024-05-27,Clothing,1,30.83,30.83,16.96,0.0,False,East,Online,Regular
O007979,C1583,2023-04-22,Home & Kitchen,1,149.55,149.55,62.81,29.91,True,North,Online,Occasional
O000379,C0075,2024-11-14,Sports,1,74.54,96.9,36.82,0.0,False,North,Online,Regular
O001967,C0377,2024-09-20,Sports,1,62.38,62.38,23.7,9.36,False,Central,Online,Premium
O009291,C1865,2024-07-07,Electronics,1,213.7,213.7,47.01,32.06,False,East,App,Premium
O008131,C1625,2023-05-21,Sports,2,95.75,191.51,72.77,9.58,False,North,Online,Regular
O008424,C1696,2024-03-24,Sports,1,24.05,24.05,9.14,0.0,False,North,Online,Regular
O005550,C1109,2023-05-27,Sports,1,94.96,94.96,36.08,4.75,False,North,App,Premium
O004706,C0940,2024-09-06,Electronics,1,543.29,543.29,119.52,54.33,False,Central,Retail,Regular
O002813,C0556,2024-03-28,Home & Kitchen,2,64.19,128.38,53.92,0.0,False,North,App,Premium
O007594,C1506,2023-01-02,Electronics,1,76.38,64.92,14.28,6.49,False,North,Online,Regular
O006377,C1271,2024-10-18,Electronics,1,73.28,73.28,16.12,0.0,False,South,App,Regular
O004868,C0969,2024-04-23,Home & Kitchen,1,139.17,139.17,58.45,6.96,False,East,App,Premium
O004928,C0983,2024-08-04,Clothing,1,104.78,104.78,57.63,20.96,False,Central,Online,Premium
O006207,C1226,2024-08-08,Home & Kitchen,1,120.73,120.73,50.71,6.04,False,East,Retail,Premium
O003810,C0768,2024-05-24,Sports,3,47.28,141.84,53.9,7.09,False,West,App,Premium
O002561,C0507,2023-04-08,Clothing,1,94.02,94.02,51.71,9.4,False,South,Online,Premium
O002198,C0424,2023-03-22,Sports,1,87.74,87.74,33.34,13.16,False,West,Online,Premium
O002669,C0532,2023-12-22,Sports,1,206.08,267.9,101.8,40.18,False,Central,Online,Regular
O003793,C0765,2024-05-16,Beauty,1,44.62,44.62,27.66,2.23,False,East,Online,Regular
O006975,C1392,2024-01-19,Sports,1,38.37,32.61,12.39,1.63,False,South,Partner,Regular
O004423,C0890,2024-03-08,Clothing,3,74.03,222.1,122.16,22.21,False,South,Partner,Regular
O007504,C1485,2024-11-29,Clothing,1,57.9,75.27,41.4,15.05,False,West,App,Premium
O007990,C1586,2024-02-10,Beauty,1,58.47,49.7,30.81,9.94,False,Central,Online,Premium
O007899,C1563,2023-08-18,Sports,2,96.79,193.59,73.56,0.0,False,East,Online,Regular
O001733,C0331,2024-02-27,Electronics,1,247.18,210.11,46.22,21.01,False,West,App,Premium
O009519,C1916,2024-11-23,Home & Kitchen,1,5.0,6.5,2.73,0.32,False,South,App,Regular
O001024,C0196,2023-10-03,Sports,2,197.21,394.43,149.88,59.16,False,Central,Online,Regular
O009433,C1891,2024-11-03,Home & Kitchen,2,226.5,588.89,247.33,0.0,False,East,App,Regular
O009864,C1968,2024-12-15,Sports,1,107.66,139.95,53.18,20.99,False,East,Partner,Regular
O004095,C0824,2023-02-12,Beauty,1,74.48,63.31,39.25,6.33,False,Central,Retail,Premium
O003103,C0611,2024-05-28,Home & Kitchen,1,92.16,92.16,38.71,0.0,False,North,App,Regular
O001445,C0270,2024-08-21,Home & Kitchen,3,29.19,87.58,36.78,0.0,False,South,Retail,Regular
O005232,C1037,2023-06-30,Home & Kitchen,1,92.05,92.05,38.66,0.0,False,South,Online,Premium
O006839,C1366,2024-02-27,Electronics,1,191.77,163.01,35.86,24.45,False,West,App,Regular
O007794,C1546,2024-04-28,Beauty,2,51.82,103.64,64.26,15.55,False,West,Online,Premium
O004676,C0937,2024-02-21,Home & Kitchen,1,103.42,87.9,36.92,0.0,False,South,Online,Premium
O009064,C1825,2024-10-10,Home & Kitchen,1,159.38,159.38,66.94,0.0,True,Central,Online,Regular
O009517,C1916,2023-11-10,Beauty,1,42.39,55.11,34.17,0.0,False,South,App,Regular
O009435,C1891,2023-04-29,Beauty,1,42.92,42.92,26.61,4.29,False,East,App,Regular
O007182,C1430,2024-02-23,Clothing,1,141.46,120.24,66.13,0.0,False,East,Retail,Premium
O004133,C0831,2023-06-22,Sports,3,5.0,15.0,5.7,2.25,False,South,Retail,Premium
O000360,C0071,2024-11-21,Beauty,1,26.07,33.89,21.01,6.78,False,East,Retail,Premium
O009213,C1848,2024-03-31,Beauty,3,17.51,52.52,32.56,2.63,False,South,Online,Regular
O005197,C1030,2024-11-12,Beauty,1,59.55,77.41,47.99,11.61,False,Central,App,Regular
O008575,C1725,2023-11-16,Sports,2,116.57,303.08,115.17,0.0,False,East,Online,Regular
O002343,C0461,2023-01-10,Beauty,1,56.34,47.89,29.69,9.58,False,West,Online,Regular
O005144,C1023,2024-03-10,Sports,1,36.36,36.36,13.82,0.0,True,South,App,Premium
O009613,C1931,2024-09-21,Sports,3,67.87,203.61,77.37,40.72,False,East,Online,Premium
O003198,C0632,2023-01-11,Sports,1,102.87,87.44,33.23,13.12,False,North,App,Regular
O002092,C0402,2023-07-28,Clothing,1,22.55,22.55,12.4,1.13,False,Central,Online,Regular
O000829,C0151,2024-12-02,Sports,1,210.14,273.19,103.81,13.66,False,West,Online,Regular
O005991,C1185,2023-11-13,Home & Kitchen,1,62.52,81.27,34.13,0.0,False,West,Online,Regular
O001695,C0325,2023-10-26,Beauty,1,65.22,65.22,40.44,6.52,False,East,Online,Regular
O009222,C1850,2023-11-01,Beauty,3,6.15,23.98,14.87,4.8,False,West,App,Occasional
O002027,C0389,2024-10-14,Sports,1,79.22,79.22,30.1,0.0,False,West,Retail,Premium
O003647,C0729,2023-05-30,Clothing,1,51.68,51.68,28.42,0.0,False,South,App,Regular
O000537,C0103,2023-08-15,Sports,1,10.45,10.45,3.97,1.57,False,West,App,Premium
O008138,C1626,2023-07-23,Electronics,3,374.31,1122.92,247.04,0.0,False,West,App,Regular
O005108,C1014,2023-05-21,Electronics,1,497.26,497.26,109.4,0.0,False,East,Partner,Premium
O005430,C1088,2023-10-09,Beauty,1,52.78,52.78,32.72,7.92,False,Central,Online,Regular
O000327,C0063,2023-05-21,Clothing,2,81.53,163.06,89.68,0.0,False,Central,Online,Regular
O000697,C0128,2023-07-01,Beauty,1,21.04,21.04,13.04,1.05,False,North,App,Regular
O006607,C1318,2024-03-28,Beauty,1,84.01,84.01,52.09,12.6,True,East,Retail,Regular
O005868,C1165,2023-03-20,Beauty,1,73.17,73.17,45.37,7.32,False,Central,App,Regular
O005866,C1165,2023-08-18,Beauty,2,37.1,74.2,46.0,0.0,True,Central,App,Regular
O004200,C0844,2023-06-08,Beauty,2,65.67,131.35,81.44,6.57,False,South,App,Regular
O004153,C0835,2024-05-06,Home & Kitchen,1,183.58,183.58,77.1,9.18,False,East,Online,Premium
O005213,C1031,2024-12-09,Sports,1,136.34,177.24,67.35,0.0,False,North,App,Premium
O002956,C0578,2024-06-29,Home & Kitchen,1,140.0,140.0,58.8,0.0,False,East,Online,Regular
O004947,C0987,2023-07-11,Sports,1,173.49,173.49,65.93,0.0,False,West,Retail,Regular
O003713,C0747,2023-03-09,Electronics,1,564.35,564.35,124.16,0.0,False,South,Retail,Regular
O002401,C0470,2024-04-29,Beauty,2,58.48,116.96,72.52,5.85,False,West,App,Premium
O002205,C0424,2023-10-09,Clothing,1,88.71,88.71,48.79,4.44,False,West,Online,Premium
O003738,C0755,2024-01-11,Home & Kitchen,1,134.11,113.99,47.88,17.1,False,North,Online,Regular
O005921,C1174,2023-03-03,Sports,3,111.78,335.35,127.43,0.0,False,West,Retail,Premium
O003656,C0730,2023-03-20,Beauty,2,67.11,134.21,83.21,13.42,False,North,Retail,Premium
O003461,C0690,2024-08-12,Clothing,1,30.69,30.69,16.88,6.14,False,East,App,Premium
O008970,C1808,2024-11-28,Sports,1,139.06,180.78,68.7,18.08,False,South,Online,Regular
O004794,C0958,2024-03-26,Beauty,2,42.75,85.5,53.01,0.0,False,West,Online,Premium
O006635,C1323,2023-12-06,Home & Kitchen,1,97.41,126.63,53.18,25.33,False,North,App,Premium
O005394,C1079,2024-08-17,Home & Kitchen,1,112.26,112.26,47.15,22.45,False,North,Partner,Occasional
O009983,C1991,2023-08-23,Clothing,1,91.8,91.8,50.49,13.77,False,East,Partner,Premium
O007029,C1404,2024-03-07,Home & Kitchen,1,5.0,5.0,2.1,0.5,False,North,Online,Premium
O006571,C1312,2023-02-24,Sports,1,104.62,88.93,33.79,4.45,True,Central,App,Regular
O003842,C0774,2023-05-12,Sports,2,224.57,449.13,170.67,89.83,False,South,Retail,Premium
O007424,C1468,2024-10-09,Beauty,1,44.1,44.1,27.34,2.2,False,North,Retail,Regular
O006343,C1259,2024-08-10,Home & Kitchen,1,72.05,72.05,30.26,10.81,False,West,App,Regular
O009450,C1894,2023-08-07,Beauty,1,49.16,49.16,30.48,0.0,False,North,Online,Premium
O001602,C0307,2024-03-12,Electronics,1,558.07,558.07,122.78,83.71,False,Central,Online,Premium
O001579,C0302,2024-06-19,Electronics,1,534.04,534.04,117.49,0.0,False,West,App,Regular
O004778,C0955,2023-04-18,Electronics,2,36.92,73.83,16.24,3.69,False,North,App,Occasional
O000507,C0098,2023-07-15,Sports,1,164.27,164.27,62.42,0.0,True,South,Partner,Premium
O006405,C1279,2023-05-06,Home & Kitchen,2,128.36,256.71,107.82,25.67,False,South,Online,Regular
O004329,C0871,2023-06-12,Sports,1,56.74,56.74,21.56,0.0,False,South,Online,Regular
O009682,C1940,2023-04-14,Home & Kitchen,1,115.81,115.81,48.64,0.0,False,North,App,Premium
O006121,C1206,2024-12-06,Beauty,3,18.41,71.81,44.52,14.36,False,East,Retail,Premium
O009723,C1945,2023-02-07,Electronics,1,192.65,163.75,36.02,0.0,True,West,Online,Premium
O009975,C1989,2023-03-06,Sports,1,105.17,105.17,39.96,5.26,False,South,Online,Regular
O007430,C1470,2024-01-14,Home & Kitchen,1,5.0,4.25,1.78,0.0,False,South,Partner,Regular
O008658,C1745,2024-12-28,Sports,1,140.57,182.74,69.44,36.55,False,Central,Online,Premium
O000303,C0058,2023-05-05,Sports,1,91.67,91.67,34.83,9.17,False,Central,Partner,Regular
O008728,C1756,2023-03-08,Sports,3,48.6,145.8,55.4,7.29,False,Central,Online,Premium
O006884,C1377,2024-01-29,Home & Kitchen,1,40.04,34.03,14.29,0.0,False,East,Online,Occasional
O001421,C0266,2024-01-31,Electronics,1,560.01,476.01,104.72,0.0,False,South,Online,Regular
O003834,C0774,2023-02-27,Beauty,1,34.98,29.74,18.44,1.49,False,South,Retail,Premium
O000816,C0149,2024-10-22,Home & Kitchen,1,110.56,110.56,46.44,0.0,True,Central,App,Premium
O006581,C1313,2023-10-05,Clothing,1,86.59,86.59,47.62,0.0,False,Central,Online,Premium
O006873,C1375,2024-06-17,Beauty,2,22.47,44.94,27.86,0.0,False,East,Online,Regular
O001961,C0377,2023-10-25,Electronics,1,692.04,692.04,152.25,0.0,False,Central,Online,Premium
O000910,C0169,2024-04-15,Clothing,1,66.22,66.22,36.42,0.0,True,West,Online,Regular
O006860,C1371,2024-12-31,Sports,1,110.05,143.06,54.36,0.0,False,North,Retail,Premium
O005638,C1121,2023-05-24,Beauty,1,56.52,56.52,35.04,0.0,False,Central,Online,Premium
O002577,C0514,2023-11-23,Clothing,1,56.23,73.11,40.21,7.31,False,North,Online,Regular
O006074,C1200,2024-08-06,Home & Kitchen,1,39.76,39.76,16.7,1.99,False,West,Online,Regular
O005656,C1122,2024-02-03,Beauty,1,58.05,49.34,30.59,0.0,False,South,Online,Regular
O000958,C0184,2023-05-07,Electronics,1,131.24,131.24,28.87,13.12,False,East,Online,Occasional
O008723,C1755,2024-06-25,Beauty,1,71.1,71.1,44.08,0.0,False,East,App,Regular
O008928,C1797,2023-03-23,Home & Kitchen,1,33.47,33.47,14.06,1.67,False,South,App,Regular
O000520,C0101,2024-05-05,Home & Kitchen,2,144.64,289.28,121.5,0.0,False,East,Online,Premium
O000057,C0010,2024-03-26,Beauty,1,29.5,29.5,18.29,1.48,False,North,Partner,Regular
O002350,C0462,2024-03-23,Clothing,2,144.83,289.66,159.31,14.48,False,West,Online,Regular
O009159,C1841,2024-08-18,Electronics,1,670.04,670.04,147.41,0.0,False,South,Online,Regular
O004254,C0857,2023-11-06,Sports,1,108.14,140.59,53.42,0.0,False,Central,App,Regular
O004025,C0814,2023-05-14,Sports,1,5.0,5.0,1.9,1.0,False,North,Retail,Regular
O004845,C0963,2024-01-18,Electronics,1,40.64,34.55,7.6,3.46,True,East,App,Regular
O006176,C1220,2023-04-17,Home & Kitchen,1,5.0,5.0,2.1,0.25,False,South,Partner,Regular
O005189,C1029,2024-01-13,Home & Kitchen,2,76.52,130.08,54.63,19.51,False,East,Online,Premium
O007835,C1551,2024-06-07,Electronics,1,84.35,84.35,18.56,12.65,False,North,Online,Regular
O002733,C0544,2024-02-27,Home & Kitchen,1,87.68,74.52,31.3,0.0,False,East,App,Occasional
O008018,C1591,2024-01-27,Beauty,1,24.92,21.18,13.13,0.0,False,Central,App,Premium
O007051,C1407,2023-12-11,Beauty,1,35.41,46.03,28.54,4.6,False,West,App,Regular
O007053,C1407,2023-04-21,Clothing,1,39.01,39.01,21.46,5.85,False,West,App,Regular
O003724,C0750,2023-06-14,Electronics,1,200.43,200.43,44.09,40.09,False,North,Online,Occasional
O002423,C0474,2023-04-02,Beauty,1,23.95,23.95,14.85,0.0,False,Central,Online,Premium
O009165,C1841,2024-09-29,Clothing,1,120.82,120.82,66.45,0.0,False,South,Online,Regular
O007983,C1585,2024-06-27,Sports,1,62.25,62.25,23.66,3.11,False,Central,App,Regular
O000097,C0017,2024-01-11,Electronics,1,5.0,4.25,0.94,0.21,False,West,App,Premium
O001229,C0231,2024-01-01,Home & Kitchen,1,200.45,170.38,71.56,0.0,False,North,App,Premium
O000501,C0098,2024-02-02,Home & Kitchen,2,84.14,143.04,60.08,0.0,False,South,Partner,Premium
O008506,C1713,2024-04-07,Beauty,1,57.35,57.35,35.56,0.0,False,East,Online,Premium
O001135,C0216,2023-07-22,Sports,1,308.69,308.69,117.3,61.74,False,West,Online,Occasional
O000103,C0020,2024-07-29,Home & Kitchen,1,85.59,85.59,35.95,0.0,False,South,Online,Premium
O009006,C1814,2023-08-22,Home & Kitchen,2,39.75,79.49,33.39,0.0,False,West,Online,Premium
O000804,C0147,2024-11-19,Home & Kitchen,1,149.07,193.79,81.39,0.0,False,East,App,Premium
O001034,C0197,2024-05-26,Clothing,1,37.48,37.48,20.61,7.5,False,West,Online,Premium
O004733,C0947,2023-01-27,Electronics,1,280.77,238.65,52.5,11.93,False,North,Partner,Occasional
O007546,C1493,2024-02-15,Electronics,1,310.95,264.3,58.15,26.43,False,East,App,Regular
O001842,C0348,2023-10-31,Electronics,1,422.24,422.24,92.89,63.34,False,South,App,Regular
O002404,C0470,2024-10-06,Sports,1,15.29,15.29,5.81,2.29,False,West,App,Premium
O002826,C0559,2024-09-09,Home & Kitchen,1,148.72,148.72,62.46,0.0,False,West,Retail,Regular
O007733,C1535,2024-11-07,Home & Kitchen,1,79.9,103.86,43.62,20.77,True,West,Partner,Regular
O003126,C0617,2024-04-25,Electronics,1,462.72,462.72,101.8,46.27,False,West,App,Premium
O003700,C0744,2023-08-03,Sports,1,160.38,160.38,60.94,0.0,False,North,Online,Regular
O001213,C0230,2023-05-26,Sports,1,90.57,90.57,34.42,18.11,False,East,App,Premium
O002218,C0427,2024-06-14,Clothing,1,77.16,77.16,42.44,3.86,False,North,Online,Regular
O008414,C1694,2023-08-22,Beauty,2,26.46,52.91,32.8,0.0,False,North,App,Regular
O003601,C0718,2024-02-29,Electronics,1,451.6,383.86,84.45,0.0,False,North,Partner,Premium
O003255,C0646,2024-05-17,Beauty,2,66.0,132.0,81.84,6.6,False,South,App,Regular
O000669,C0122,2023-03-28,Home & Kitchen,1,154.3,154.3,64.81,23.14,False,South,Retail,Premium
O009722,C1945,2024-05-26,Home & Kitchen,1,154.25,154.25,64.78,0.0,False,West,Online,Premium
O003612,C0720,2024-07-23,Clothing,1,56.64,56.64,31.15,2.83,False,North,Partner,Regular
O005685,C1125,2023-02-09,Clothing,2,55.5,94.35,51.89,0.0,False,Central,Online,Premium
O003034,C0598,2024-07-22,Home & Kitchen,2,65.62,131.24,55.12,0.0,False,North,App,Regular
O002045,C0392,2023-04-22,Sports,1,106.73,106.73,40.56,0.0,False,South,Online,Regular
O005714,C1131,2023-04-25,Home & Kitchen,1,81.74,81.74,34.33,0.0,False,West,App,Occasional
O003130,C0618,2023-06-21,Electronics,1,439.41,439.41,96.67,0.0,False,West,App,Regular
O001538,C0294,2024-06-16,Sports,2,41.05,82.11,31.2,8.21,False,North,Online,Regular
O004038,C0818,2024-08-07,Beauty,2,71.29,142.58,88.4,0.0,False,South,Online,Regular
O001544,C0296,2024-02-18,Home & Kitchen,2,46.08,78.34,32.9,0.0,False,West,Online,Premium
O008323,C1669,2024-03-30,Sports,1,37.38,37.38,14.2,0.0,False,North,App,Regular
O003389,C0671,2024-02-27,Sports,1,93.58,79.54,30.23,15.91,False,East,App,Regular
O002680,C0534,2023-05-21,Home & Kitchen,1,69.01,69.01,28.98,0.0,False,North,Online,Regular
O005719,C1133,2024-01-06,Home & Kitchen,1,152.37,129.52,54.4,19.43,False,South,Partner,Premium
O007531,C1489,2023-07-10,Sports,1,195.35,195.35,74.23,39.07,False,Central,App,Regular
O005659,C1123,2023-06-09,Beauty,1,58.9,58.9,36.52,0.0,False,West,Online,Premium
O009333,C1873,2023-03-10,Electronics,2,637.79,1275.59,280.63,0.0,False,South,Online,Premium
O005642,C1121,2023-04-24,Sports,1,192.71,192.71,73.23,0.0,False,Central,Online,Premium
O002997,C0591,2023-05-28,Clothing,1,47.91,47.91,26.35,9.58,False,Central,Online,Regular
O009804,C1957,2023-03-09,Electronics,1,360.53,360.53,79.32,0.0,False,West,App,Regular
O008008,C1588,2024-02-18,Home & Kitchen,2,34.11,57.98,24.35,0.0,False,West,App,Regular
O008299,C1660,2024-06-18,Beauty,3,42.19,126.58,78.48,6.33,False,East,Online,Premium
O004926,C0983,2023-11-03,Sports,1,5.0,6.5,2.47,0.0,False,Central,Online,Premium
O000902,C0164,2023-10-02,Sports,1,20.78,20.78,7.9,0.0,False,North,Partner,Premium
O008941,C1801,2023-09-27,Clothing,1,120.43,120.43,66.24,0.0,False,East,Online,Regular
O005655,C1122,2024-02-14,Home & Kitchen,1,115.66,98.31,41.29,9.83,False,South,Online,Regular
O001938,C0374,2024-04-18,Home & Kitchen,1,150.26,150.26,63.11,7.51,True,West,Online,Premium
O006645,C1325,2023-06-08,Home & Kitchen,1,25.75,25.75,10.82,0.0,True,West,App,Premium
O003301,C0653,2024-10-31,Home & Kitchen,2,19.23,38.46,16.15,0.0,False,West,Partner,Premium
O000749,C0139,2023-06-04,Beauty,1,65.31,65.31,40.49,0.0,False,North,Online,Regular
O005892,C1168,2024-08-14,Beauty,1,61.4,61.4,38.07,3.07,False,West,Retail,Regular
O002565,C0508,2023-03-22,Clothing,1,78.24,78.24,43.03,15.65,False,East,App,Regular
O003683,C0739,2023-04-27,Clothing,1,5.0,5.0,2.75,0.25,False,East,Online,Occasional
O000609,C0112,2023-02-17,Sports,1,87.29,74.19,28.19,0.0,False,North,Partner,Occasional
O006643,C1325,2023-08-17,Home & Kitchen,1,132.91,132.91,55.82,19.94,False,West,App,Premium
O000130,C0028,2024-04-23,Home & Kitchen,2,52.47,104.95,44.08,20.99,False,West,Online,Occasional
O009326,C1873,2023-08-03,Home & Kitchen,2,37.17,74.33,31.22,7.43,False,South,Online,Premium
O007256,C1445,2024-06-02,Clothing,1,76.74,76.74,42.21,0.0,False,West,Online,Premium
O006795,C1356,2023-12-13,Clothing,1,110.5,143.65,79.01,7.18,False,West,Online,Regular
O004382,C0883,2024-06-13,Home & Kitchen,1,124.87,124.87,52.45,0.0,False,West,App,Regular
O004633,C0928,2024-02-01,Home & Kitchen,2,137.29,233.39,98.02,0.0,False,North,App,Regular
O001888,C0359,2024-07-12,Home & Kitchen,3,146.13,438.39,184.12,0.0,False,South,Retail,Regular
O005044,C1004,2024-02-04,Sports,1,5.0,4.25,1.62,0.64,False,East,Partner,Premium
O002118,C0405,2024-01-15,Beauty,1,53.62,45.58,28.26,0.0,False,Central,Online,Premium
O005370,C1072,2023-08-09,Beauty,1,9.91,9.91,6.14,0.5,False,Central,App,Regular
O006511,C1298,2023-01-18,Electronics,1,255.8,217.43,47.83,21.74,False,West,Online,Premium
O005110,C1014,2023-07-26,Beauty,1,64.7,64.7,40.11,0.0,False,East,Partner,Premium
O001256,C0235,2023-01-02,Beauty,1,38.16,32.44,20.11,0.0,False,East,Retail,Regular
O003756,C0758,2024-09-06,Home & Kitchen,1,5.0,5.0,2.1,0.75,False,South,Online,Regular
O004514,C0909,2023-01-26,Electronics,1,5.0,4.25,0.94,0.43,False,West,Partner,Regular
O002338,C0460,2023-05-20,Sports,1,199.77,199.77,75.91,0.0,False,East,App,Regular
O006178,C1222,2023-04-13,Home & Kitchen,2,67.8,135.59,56.95,20.34,False,Central,Online,Regular
O001052,C0199,2023-03-21,Clothing,1,37.57,37.57,20.66,3.76,False,West,Online,Premium
O008682,C1747,2023-10-19,Sports,1,98.94,98.94,37.6,9.89,False,West,Online,Premium
O009595,C1929,2024-05-12,Sports,1,176.27,176.27,66.98,0.0,False,East,App,Premium
O009248,C1854,2023-10-15,Sports,2,69.73,139.46,52.99,20.92,False,East,Online,Regular
O002216,C0427,2023-06-28,Clothing,1,43.74,43.74,24.06,2.19,False,North,Online,Regular
O003917,C0789,2023-11-04,Beauty,1,40.23,52.3,32.43,10.46,False,South,App,Occasional
O005946,C1177,2024-06-24,Electronics,1,117.06,117.06,25.75,17.56,False,Central,App,Regular
O004651,C0932,2023-07-20,Clothing,1,29.7,29.7,16.34,5.94,False,West,Retail,Regular
O007829,C1550,2023-01-25,Home & Kitchen,2,244.3,415.32,174.43,20.77,False,East,App,Regular
O004071,C0822,2024-01-14,Electronics,1,100.01,85.01,18.7,8.5,False,Central,App,Premium
O005864,C1164,2023-04-26,Electronics,2,244.24,488.48,107.47,24.42,False,East,Online,Occasional
O006841,C1367,2023-02-16,Sports,1,229.98,195.48,74.28,39.1,False,North,Online,Regular
O009041,C1821,2023-12-06,Electronics,1,252.2,327.86,72.13,49.18,False,West,App,Premium
O009943,C1984,2023-06-18,Beauty,1,71.44,71.44,44.29,0.0,False,North,App,Occasional
O003791,C0765,2024-04-10,Home & Kitchen,1,73.21,73.21,30.75,0.0,False,East,Online,Regular
O003860,C0776,2024-03-08,Clothing,1,101.83,101.83,56.01,10.18,False,South,App,Premium
O001336,C0252,2023-06-21,Home & Kitchen,3,236.92,710.75,298.52,0.0,False,North,Online,Regular
O004743,C0950,2023-12-30,Clothing,1,58.35,75.86,41.72,3.79,False,North,Partner,Premium
O000531,C0102,2023-04-11,Electronics,2,5.0,10.0,2.2,2.0,False,East,Retail,Regular
O002909,C0571,2023-12-29,Electronics,1,237.39,308.6,67.89,0.0,False,Central,Online,Premium
O006918,C1383,2023-03-29,Electronics,2,373.33,746.66,164.27,0.0,False,South,Partner,Regular
O009436,C1891,2023-02-10,Sports,1,187.42,159.31,60.54,0.0,False,East,App,Regular
O009131,C1837,2023-04-02,Home & Kitchen,1,73.06,73.06,30.69,14.61,False,East,Online,Regular
O000282,C0055,2023-08-01,Beauty,1,26.32,26.32,16.32,2.63,False,West,Retail,Occasional
O009658,C1938,2023-08-23,Electronics,1,73.69,73.69,16.21,0.0,False,South,Partner,Premium
O002742,C0545,2024-01-25,Sports,1,158.9,135.07,51.33,20.26,False,East,Partner,Regular
O008790,C1766,2024-10-29,Sports,2,5.0,10.0,3.8,0.5,False,South,App,Premium
O005286,C1051,2023-11-26,Clothing,1,52.55,68.31,37.57,0.0,False,West,App,Regular
O002278,C0448,2024-10-08,Sports,1,29.64,29.64,11.26,0.0,False,West,Online,Premium
O003191,C0631,2024-11-22,Home & Kitchen,1,67.39,87.61,36.8,13.14,True,East,App,Regular
O008962,C1805,2024-05-20,Beauty,1,21.87,21.87,13.56,0.0,False,South,Partner,Regular
O005134,C1021,2024-10-11,Beauty,2,94.65,189.31,117.37,0.0,False,West,Online,Regular
O002823,C0559,2023-05-29,Sports,1,159.27,159.27,60.52,31.85,False,West,Retail,Regular
O008899,C1792,2024-11-18,Sports,1,42.38,55.09,20.93,0.0,False,East,Online,Premium
O001915,C0368,2023-07-22,Electronics,1,529.34,529.34,116.45,79.4,True,West,Online,Regular
O007706,C1531,2023-01-20,Home & Kitchen,2,161.05,273.79,114.99,54.76,False,Central,Online,Premium
O006449,C1288,2024-11-08,Home & Kitchen,1,126.38,164.29,69.0,16.43,False,South,App,Occasional
O002923,C0573,2024-01-16,Clothing,1,35.35,30.05,16.53,1.5,False,South,App,Regular
O002164,C0415,2024-05-10,Sports,1,167.93,167.93,63.81,33.59,False,East,App,Premium
O009767,C1954,2023-08-12,Clothing,1,55.73,55.73,30.65,8.36,False,North,Online,Regular
O009758,C1950,2024-05-05,Home & Kitchen,2,197.59,395.17,165.97,0.0,False,West,App,Regular
O002984,C0586,2023-12-31,Clothing,1,19.05,24.76,13.62,0.0,False,East,App,Regular
O009445,C1894,2024-06-27,Electronics,1,217.17,217.17,47.78,0.0,True,North,Online,Premium
O003325,C0661,2023-03-06,Clothing,1,81.74,81.74,44.96,0.0,False,West,App,Regular
O008994,C1812,2023-01-15,Electronics,1,390.42,331.86,73.01,16.59,False,North,Retail,Premium
O003536,C0706,2023-06-29,Beauty,3,38.58,115.73,71.75,23.15,False,East,Online,Premium
O006333,C1255,2024-04-21,Electronics,1,441.32,441.32,97.09,44.13,False,South,Online,Premium
O008474,C1709,2023-05-18,Clothing,2,105.0,209.99,115.49,0.0,False,East,App,Regular
O003643,C0728,2024-06-08,Beauty,1,25.53,25.53,15.83,3.83,False,South,Online,Regular
O003797,C0766,2023-02-24,Clothing,1,5.0,4.25,2.34,0.85,False,West,Online,Premium
O006465,C1291,2024-08-31,Home & Kitchen,2,93.86,187.73,78.85,0.0,False,West,App,Regular
O009550,C1923,2024-07-17,Electronics,1,593.21,593.21,130.51,29.66,True,West,Online,Regular
O009437,C1891,2023-07-27,Electronics,1,189.15,189.15,41.61,0.0,False,East,App,Regular
O009449,C1894,2024-05-06,Beauty,1,84.06,84.06,52.12,16.81,False,North,Online,Premium
O009742,C1947,2024-05-13,Beauty,1,68.28,68.28,42.33,3.41,False,West,Online,Premium
O002604,C0520,2023-09-06,Electronics,1,454.52,454.52,99.99,0.0,False,South,Partner,Occasional
O008946,C1803,2023-07-11,Home & Kitchen,1,118.91,118.91,49.94,23.78,False,Central,Online,Premium
O006835,C1366,2024-03-23,Sports,1,77.26,77.26,29.36,0.0,False,West,App,Regular
O007010,C1398,2023-09-04,Clothing,1,58.19,58.19,32.0,2.91,False,West,Retail,Regular
O009810,C1958,2024-01-17,Electronics,1,304.49,258.82,56.94,51.76,False,North,Online,Premium
O006755,C1349,2023-02-04,Electronics,2,176.56,300.16,66.04,60.03,False,West,Partner,Premium
O000696,C0128,2024-05-05,Electronics,2,247.8,495.6,109.03,0.0,False,North,App,Regular
O001179,C0223,2023-10-15,Home & Kitchen,1,118.1,118.1,49.6,0.0,True,West,Online,Regular
O009307,C1866,2023-04-30,Electronics,1,84.05,84.05,18.49,0.0,False,South,Online,Premium
O004288,C0864,2024-09-18,Beauty,1,58.29,58.29,36.14,8.74,False,Central,Online,Regular
O003670,C0736,2023-05-21,Sports,2,105.85,211.71,80.45,21.17,False,South,Partner,Premium
O009834,C1963,2024-07-09,Sports,1,141.74,141.74,53.86,14.17,False,North,Partner,Regular
O009040,C1821,2023-12-15,Clothing,1,88.44,114.98,63.24,11.5,False,West,App,Premium
O005305,C1057,2024-11-20,Sports,1,229.3,298.08,113.27,29.81,False,East,App,Regular
O003938,C0795,2024-07-17,Sports,1,102.62,102.62,39.0,0.0,False,West,Online,Premium
O009202,C1846,2023-06-19,Beauty,1,62.86,62.86,38.97,3.14,False,North,App,Premium
O002464,C0482,2023-11-25,Electronics,2,304.39,791.4,174.11,118.71,False,North,App,Occasional
O005652,C1122,2024-05-22,Home & Kitchen,2,42.96,85.92,36.09,17.18,False,South,Online,Regular
O009051,C1824,2024-06-07,Beauty,1,11.79,11.79,7.31,0.0,False,Central,Online,Premium
O000687,C0127,2023-11-08,Clothing,1,122.5,159.24,87.58,0.0,False,West,App,Regular
O001752,C0335,2024-12-28,Electronics,1,318.67,414.27,91.14,20.71,False,East,Online,Regular
O008321,C1669,2024-08-22,Beauty,1,63.21,63.21,39.19,9.48,False,North,App,Regular
O001964,C0377,2024-02-11,Sports,2,81.61,138.73,52.72,0.0,False,Central,Online,Premium
O000349,C0069,2024-06-20,Home & Kitchen,1,56.86,56.86,23.88,2.84,False,North,App,Regular
O004663,C0934,2023-03-08,Beauty,2,60.86,121.73,75.47,0.0,False,South,Retail,Regular
O000476,C0091,2023-11-06,Clothing,1,69.75,90.68,49.87,0.0,False,Central,App,Regular
O000919,C0173,2024-11-01,Clothing,1,103.03,133.93,73.66,0.0,False,South,App,Regular
O000985,C0190,2024-04-27,Clothing,1,64.59,64.59,35.52,12.92,False,Central,Retail,Premium
O001828,C0347,2023-04-28,Sports,2,51.29,102.58,38.98,15.39,False,West,Retail,Regular
O005502,C1100,2024-03-11,Home & Kitchen,1,88.8,88.8,37.3,13.32,False,East,Retail,Regular
O008439,C1701,2023-09-27,Beauty,1,23.56,23.56,14.61,0.0,False,West,Retail,Regular
O008873,C1784,2024-10-26,Home & Kitchen,1,158.15,158.15,66.42,0.0,False,North,App,Occasional
O002197,C0423,2023-04-20,Beauty,1,25.61,25.61,15.88,0.0,False,West,Online,Regular
O006428,C1285,2023-11-17,Clothing,1,79.0,102.7,56.49,20.54,False,East,Online,Premium
O001800,C0343,2023-05-14,Sports,3,106.93,320.78,121.9,0.0,False,Central,App,Premium
O002638,C0525,2024-12-16,Sports,1,27.55,35.82,13.61,5.37,False,North,Partner,Occasional
O009188,C1845,2023-11-07,Sports,1,127.39,165.61,62.93,0.0,False,South,App,Occasional
O000736,C0136,2024-02-14,Electronics,1,385.96,328.07,72.18,65.61,False,West,Online,Regular
O002640,C0526,2024-08-19,Sports,2,70.92,141.85,53.9,21.28,False,West,App,Occasional
O009235,C1852,2023-10-04,Sports,1,108.21,108.21,41.12,0.0,False,North,Partner,Occasional
O005223,C1033,2024-02-12,Electronics,1,179.37,152.47,33.54,22.87,False,North,Online,Regular
O007191,C1431,2023-08-13,Clothing,1,83.31,83.31,45.82,0.0,False,West,Online,Regular
O005787,C1144,2023-03-27,Electronics,1,412.37,412.37,90.72,61.86,False,West,Online,Regular
O009330,C1873,2023-10-30,Electronics,1,383.17,383.17,84.3,0.0,False,South,Online,Premium
O007244,C1442,2024-06-08,Clothing,1,61.34,61.34,33.74,9.2,False,North,Retail,Regular
O000756,C0140,2024-04-11,Beauty,1,46.27,46.27,28.69,9.25,False,North,Online,Regular
O009266,C1858,2023-06-17,Electronics,1,183.22,183.22,40.31,0.0,False,South,Online,Regular
O007183,C1430,2024-07-29,Electronics,1,81.55,81.55,17.94,16.31,True,East,Retail,Premium
O007076,C1410,2024-06-21,Home & Kitchen,1,5.0,5.0,2.1,0.5,False,West,Online,Premium
O001840,C0348,2024-06-04,Electronics,1,244.15,244.15,53.71,12.21,False,South,App,Regular
O002838,C0561,2023-02-06,Home & Kitchen,2,51.27,87.15,36.6,0.0,False,West,App,Regular
O009033,C1820,2024-04-02,Beauty,2,31.94,63.88,39.61,0.0,False,West,App,Occasional
O008029,C1592,2024-11-06,Beauty,1,39.76,51.69,32.05,2.58,False,East,Online,Regular
O001830,C0347,2023-09-04,Home & Kitchen,1,103.66,103.66,43.54,15.55,False,West,Retail,Regular
O000150,C0031,2023-06-06,Home & Kitchen,1,63.45,63.45,26.65,0.0,False,East,Online,Premium
O006725,C1340,2023-04-19,Electronics,1,259.72,259.72,57.14,12.99,False,West,Partner,Premium
O008317,C1667,2023-12-25,Clothing,1,97.02,126.13,69.37,0.0,False,North,Online,Regular
O006442,C1286,2024-08-14,Beauty,1,17.33,17.33,10.74,2.6,False,West,Online,Occasional
O004976,C0994,2024-05-17,Home & Kitchen,1,17.94,17.94,7.53,0.9,False,South,App,Premium
O006466,C1291,2024-06-26,Clothing,1,69.68,69.68,38.32,6.97,False,West,App,Regular
O005688,C1125,2024-09-23,Sports,2,97.44,194.88,74.05,0.0,False,Central,Online,Premium
O009350,C1875,2024-04-29,Beauty,1,30.54,30.54,18.93,6.11,False,Central,App,Premium
O006397,C1277,2024-12-16,Clothing,1,94.68,123.09,67.7,0.0,False,Central,Online,Premium
O008402,C1691,2024-10-12,Home & Kitchen,2,11.47,22.94,9.63,0.0,False,North,Partner,Regular
O001719,C0330,2024-08-22,Electronics,1,321.9,321.9,70.82,16.1,False,West,App,Regular
O002728,C0543,2024-04-30,Beauty,1,11.09,11.09,6.88,0.0,False,South,App,Premium
O003346,C0663,2024-04-06,Home & Kitchen,1,114.5,114.5,48.09,5.72,False,South,Online,Premium
O006320,C1252,2023-12-27,Beauty,1,39.63,51.52,31.94,2.58,False,Central,Partner,Regular
O008975,C1808,2024-05-06,Sports,1,137.22,137.22,52.14,0.0,False,South,Online,Regular
O005322,C1061,2024-10-10,Beauty,1,22.9,22.9,14.2,3.43,False,North,Online,Regular
O005933,C1174,2023-02-25,Home & Kitchen,1,64.96,55.21,23.19,8.28,True,West,Retail,Premium
O003051,C0600,2024-08-14,Clothing,1,17.39,17.39,9.56,0.87,False,West,Partner,Premium
O003069,C0603,2024-03-18,Home & Kitchen,1,138.96,138.96,58.36,20.84,False,South,Retail,Regular
O003374,C0668,2024-04-09,Clothing,3,71.9,215.71,118.64,0.0,False,North,Partner,Regular
O004400,C0887,2024-12-18,Home & Kitchen,2,78.06,202.95,85.24,10.15,False,Central,Online,Premium
O004362,C0880,2023-05-22,Clothing,1,113.13,113.13,62.22,0.0,False,North,App,Occasional
O008465,C1705,2024-02-14,Beauty,1,41.99,35.7,22.13,5.36,False,South,Online,Regular
O006933,C1386,2024-03-26,Beauty,1,65.99,65.99,40.91,0.0,False,East,Retail,Regular
O005760,C1140,2024-02-04,Sports,1,196.17,166.75,63.36,8.34,False,South,Online,Regular
O002532,C0498,2024-04-08,Beauty,1,42.52,42.52,26.36,2.13,True,East,App,Regular
O005880,C1167,2023-04-17,Beauty,2,62.02,124.05,76.91,0.0,False,North,Partner,Premium
O002963,C0580,2023-04-15,Home & Kitchen,1,151.91,151.91,63.8,0.0,False,East,App,Premium
O009279,C1862,2024-01-04,Sports,1,91.54,77.81,29.57,3.89,False,Central,Online,Regular
O000839,C0152,2024-05-22,Electronics,1,764.8,764.8,168.26,76.48,False,South,Online,Premium
O005874,C1165,2023-12-09,Clothing,2,14.0,36.39,20.01,3.64,True,Central,App,Regular
O008576,C1726,2023-04-21,Sports,1,74.48,74.48,28.3,0.0,False,Central,Partner,Occasional
O004414,C0889,2023-08-07,Sports,1,107.97,107.97,41.03,0.0,False,North,Online,Regular
O004303,C0866,2023-12-19,Electronics,1,370.39,481.51,105.93,24.08,False,Central,App,Premium
O002453,C0479,2023-06-08,Beauty,1,76.28,76.28,47.29,3.81,False,South,Online,Regular
O000566,C0105,2023-08-12,Electronics,1,270.58,270.58,59.53,27.06,False,Central,Online,Premium
O000633,C0115,2024-09-20,Clothing,2,59.01,118.02,64.91,11.8,False,Central,Online,Regular
O008105,C1617,2023-01-09,Clothing,1,22.34,18.99,10.44,0.0,False,Central,Partner,Regular
O001432,C0267,2024-10-24,Sports,1,120.24,120.24,45.69,0.0,False,South,App,Premium
O005095,C1011,2023-01-19,Sports,1,86.47,73.5,27.93,7.35,False,Central,App,Regular
O007179,C1430,2023-08-29,Electronics,3,670.85,2012.54,442.76,0.0,False,East,Retail,Premium
O000286,C0056,2023-06-27,Sports,1,103.26,103.26,39.24,5.16,False,East,App,Regular
O007366,C1458,2023-08-26,Clothing,1,88.51,88.51,48.68,0.0,False,North,Online,Occasional
O005957,C1179,2024-02-10,Home & Kitchen,1,138.39,117.63,49.4,23.53,True,North,App,Regular
O005290,C1053,2024-03-30,Clothing,1,77.08,77.08,42.39,0.0,False,East,App,Regular
O006790,C1355,2023-02-28,Beauty,1,47.14,40.07,24.84,4.01,False,North,Retail,Regular
O006940,C1387,2023-10-11,Home & Kitchen,1,94.99,94.99,39.9,9.5,False,Central,App,Regular
O001666,C0319,2023-04-01,Electronics,1,573.25,573.25,126.12,114.65,True,West,App,Regular
O005785,C1144,2024-10-09,Electronics,1,278.83,278.83,61.34,27.88,False,West,Online,Regular
O004621,C0927,2024-12-14,Beauty,1,40.45,52.58,32.6,7.89,False,North,App,Premium
O006961,C1390,2023-08-29,Home & Kitchen,1,5.0,5.0,2.1,0.0,False,South,App,Regular
O004227,C0850,2024-02-07,Home & Kitchen,1,141.53,120.3,50.53,0.0,False,South,Online,Occasional
O002513,C0492,2024-01-02,Sports,3,133.6,340.69,129.46,51.1,False,West,Partner,Regular
O001087,C0207,2024-06-16,Beauty,2,38.19,76.39,47.36,3.82,True,North,Retail,Premium
O002988,C0587,2024-06-30,Beauty,3,38.68,116.03,71.94,0.0,False,East,Retail,Occasional
O009922,C1979,2024-08-24,Electronics,1,470.44,470.44,103.5,0.0,False,North,App,Occasional
O000847,C0154,2023-08-12,Electronics,1,293.34,293.34,64.53,14.67,False,North,Online,Regular
O000117,C0024,2023-03-08,Sports,1,119.08,119.08,45.25,11.91,False,North,App,Premium
O003002,C0592,2023-11-29,Sports,1,179.85,233.8,88.84,11.69,False,West,App,Regular
O001388,C0263,2023-07-12,Sports,1,21.99,21.99,8.36,1.1,False,Central,Online,Premium
O008551,C1720,2024-11-30,Beauty,1,64.52,83.88,52.01,0.0,False,Central,App,Occasional
O005303,C1057,2023-05-11,Sports,1,59.29,59.29,22.53,2.96,False,East,App,Regular
O000138,C0030,2024-08-11,Home & Kitchen,1,130.69,130.69,54.89,0.0,False,South,Online,Premium
O008054,C1599,2023-03-11,Clothing,1,99.67,99.67,54.82,19.93,False,West,App,Regular
O002136,C0412,2023-09-02,Sports,1,74.49,74.49,28.31,11.17,False,East,App,Premium
O005237,C1037,2024-04-06,Electronics,1,310.39,310.39,68.29,31.04,False,South,Online,Premium
O009407,C1888,2024-09-11,Home & Kitchen,1,42.56,42.56,17.88,4.26,False,East,App,Regular
O003414,C0678,2023-08-24,Beauty,1,60.09,60.09,37.26,0.0,False,North,Retail,Occasional
O007336,C1454,2024-10-01,Clothing,2,28.37,56.74,31.21,2.84,False,West,Online,Premium
O001004,C0192,2024-08-23,Home & Kitchen,1,90.76,90.76,38.12,13.61,False,West,Online,Regular
O009812,C1958,2024-08-13,Sports,1,175.71,175.71,66.77,17.57,False,North,Online,Premium
O000508,C0098,2023-10-02,Home & Kitchen,2,18.95,37.89,15.91,1.89,False,South,Partner,Premium
O000193,C0038,2023-11-23,Sports,1,171.53,222.98,84.73,0.0,False,West,Retail,Regular
O003650,C0730,2023-06-17,Electronics,2,155.11,310.22,68.25,0.0,False,North,Retail,Premium
O000323,C0062,2023-04-13,Electronics,1,362.87,362.87,79.83,18.14,False,Central,App,Regular
O008697,C1750,2024-12-11,Sports,2,7.43,19.32,7.34,3.86,False,Central,Partner,Regular
O004972,C0994,2024-04-01,Electronics,1,644.32,644.32,141.75,0.0,False,South,App,Premium
O009718,C1945,2024-02-19,Clothing,1,5.0,4.25,2.34,0.85,False,West,Online,Premium
O002795,C0554,2023-06-03,Beauty,1,42.8,42.8,26.54,0.0,False,East,Online,Premium
O002510,C0492,2024-07-25,Clothing,1,73.75,73.75,40.56,3.69,False,West,Partner,Regular
O009476,C1902,2023-05-11,Sports,1,40.49,40.49,15.39,2.02,False,West,Online,Regular
O005208,C1031,2024-02-12,Electronics,1,299.41,254.5,55.99,38.17,False,North,App,Premium
O002089,C0401,2024-08-01,Sports,1,96.47,96.47,36.66,0.0,False,North,Partner,Premium
O008700,C1750,2024-01-15,Beauty,2,60.94,103.6,64.23,5.18,False,Central,Partner,Regular
O008801,C1767,2024-08-04,Beauty,1,36.88,36.88,22.87,5.53,True,West,App,Regular
O001882,C0357,2024-02-09,Sports,2,95.7,162.69,61.82,32.54,False,Central,Online,Regular
O005105,C1013,2024-03-14,Beauty,1,27.13,27.13,16.82,5.43,False,West,Online,Regular
O004871,C0969,2023-10-07,Sports,1,126.54,126.54,48.09,6.33,False,East,App,Premium
O009055,C1824,2024-06-25,Clothing,1,114.78,114.78,63.13,5.74,False,Central,Online,Premium
O006529,C1303,2024-09-02,Electronics,2,280.95,561.91,123.62,28.1,False,South,Partner,Regular
O006602,C1317,2024-08-03,Beauty,2,26.18,52.35,32.46,7.85,True,West,Retail,Premium
O003790,C0765,2023-05-31,Electronics,1,464.13,464.13,102.11,92.83,False,East,Online,Regular
O009636,C1936,2024-12-03,Home & Kitchen,1,72.65,94.45,39.67,9.44,False,North,App,Premium
O007871,C1558,2023-10-29,Electronics,3,159.79,479.38,105.46,0.0,False,West,App,Premium
O005358,C1067,2023-08-13,Home & Kitchen,1,37.81,37.81,15.88,1.89,False,West,Partner,Occasional
O005570,C1112,2023-09-03,Sports,1,5.0,5.0,1.9,0.0,False,North,Partner,Premium
O007526,C1489,2023-12-09,Beauty,1,16.22,21.09,13.08,0.0,False,Central,App,Regular
O002806,C0556,2024-04-14,Beauty,1,5.0,5.0,3.1,0.25,False,North,App,Premium
O000748,C0139,2024-12-08,Sports,1,56.48,73.43,27.9,7.34,False,North,Online,Regular
O009331,C1873,2023-08-01,Clothing,1,5.0,5.0,2.75,0.0,False,South,Online,Premium
O005206,C1031,2023-04-05,Beauty,1,44.13,44.13,27.36,6.62,False,North,App,Premium
O002862,C0565,2024-07-30,Home & Kitchen,1,194.59,194.59,81.73,9.73,False,South,App,Regular
O003466,C0692,2024-11-21,Sports,1,52.4,68.12,25.89,0.0,False,Central,App,Regular
O005099,C1012,2023-08-27,Electronics,1,341.92,341.92,75.22,34.19,False,West,Partner,Regular
O000757,C0140,2023-07-31,Beauty,1,67.47,67.47,41.83,6.75,False,North,Online,Regular
O005726,C1133,2023-05-14,Sports,1,104.0,104.0,39.52,15.6,True,South,Partner,Premium
O006579,C1313,2024-07-28,Clothing,1,32.43,32.43,17.84,0.0,False,Central,Online,Premium
O009877,C1969,2023-03-26,Electronics,2,535.89,1071.79,235.79,0.0,False,North,Retail,Premium
O002484,C0488,2024-05-16,Clothing,2,110.03,220.07,121.04,22.01,False,North,Retail,Regular
O009567,C1925,2023-02-25,Electronics,1,463.55,394.01,86.68,0.0,False,West,Retail,Regular
O003377,C0668,2023-06-30,Sports,1,105.41,105.41,40.06,0.0,False,North,Partner,Regular
O008006,C1588,2024-07-30,Clothing,1,47.29,47.29,26.01,2.36,False,West,App,Regular
O001408,C0264,2024-04-20,Electronics,1,628.72,628.72,138.32,62.87,False,Central,Partner,Premium
O003654,C0730,2023-10-24,Clothing,1,21.94,21.94,12.07,0.0,False,North,Retail,Premium
O008221,C1640,2023-04-08,Clothing,1,27.42,27.42,15.08,4.11,False,East,App,Regular
O004892,C0976,2024-07-10,Electronics,1,486.91,486.91,107.12,0.0,False,Central,Partner,Regular
O005544,C1109,2024-02-17,Beauty,3,34.42,87.78,54.42,4.39,False,North,App,Premium
O004783,C0957,2024-04-22,Clothing,1,45.97,45.97,25.28,4.6,False,North,Online,Premium
O005883,C1167,2024-12-29,Home & Kitchen,1,131.84,171.39,71.98,34.28,False,North,Partner,Premium
O003772,C0762,2024-02-15,Beauty,1,24.41,20.74,12.86,3.11,True,Central,App,Regular
O004578,C0923,2024-10-13,Clothing,1,25.98,25.98,14.29,2.6,False,South,Online,Premium
O009039,C1821,2023-10-15,Home & Kitchen,1,51.19,51.19,21.5,5.12,False,West,App,Premium
O009066,C1825,2024-09-27,Clothing,1,89.3,89.3,49.12,4.46,False,Central,Online,Regular
O001454,C0273,2023-10-11,Beauty,2,11.93,23.85,14.79,3.58,False,Central,Retail,Regular
O007077,C1410,2024-06-04,Clothing,1,79.07,79.07,43.49,15.81,False,West,Online,Premium
O006088,C1201,2024-05-12,Clothing,1,83.13,83.13,45.72,0.0,False,East,Partner,Premium
O003150,C0622,2024-04-02,Clothing,1,73.72,73.72,40.55,0.0,False,East,App,Regular
O009947,C1985,2023-05-24,Clothing,1,84.18,84.18,46.3,0.0,False,South,Partner,Premium
O008952,C1803,2024-06-02,Clothing,1,73.8,73.8,40.59,11.07,False,Central,Online,Premium
O000750,C0139,2023-01-26,Beauty,1,21.56,18.33,11.36,0.92,False,North,Online,Regular
O009283,C1863,2024-10-22,Clothing,1,43.5,43.5,23.92,2.18,False,East,App,Occasional
O003956,C0798,2023-09-01,Clothing,1,112.59,112.59,61.92,11.26,False,Central,Online,Premium
O008451,C1703,2023-01-27,Beauty,1,31.93,27.14,16.83,1.36,False,North,App,Premium
O003734,C0754,2024-07-04,Beauty,1,51.06,51.06,31.66,0.0,False,South,Online,Occasional
O001032,C0197,2024-04-11,Electronics,1,541.31,541.31,119.09,54.13,False,West,Online,Premium
O004229,C0852,2024-12-22,Electronics,1,5.0,6.5,1.43,0.0,False,North,App,Regular
O006609,C1318,2024-12-02,Clothing,1,5.1,6.63,3.65,0.99,True,East,Retail,Regular
O004802,C0958,2024-07-21,Sports,1,210.66,210.66,80.05,0.0,False,West,Online,Premium
O001169,C0220,2023-01-20,Home & Kitchen,1,192.28,163.44,68.64,8.17,False,North,Online,Regular
O001746,C0334,2024-12-11,Electronics,1,356.92,464.0,102.08,69.6,False,East,Partner,Premium
O007313,C1452,2024-06-19,Sports,1,94.31,94.31,35.84,0.0,False,West,Partner,Regular
O002781,C0552,2023-06-17,Home & Kitchen,1,16.07,16.07,6.75,2.41,False,West,Partner,Premium
O009663,C1938,2023-03-23,Beauty,1,56.46,56.46,35.01,5.65,False,South,Partner,Premium
O002276,C0447,2024-01-26,Sports,1,23.96,20.36,7.74,2.04,False,North,Retail,Regular
O005035,C1003,2023-07-02,Sports,1,43.59,43.59,16.56,0.0,False,West,App,Regular
O009297,C1865,2024-03-05,Beauty,2,50.3,100.6,62.37,0.0,False,East,App,Premium
O001636,C0312,2024-12-22,Electronics,1,223.5,290.54,63.92,58.11,False,South,Online,Premium
O008521,C1716,2024-02-28,Sports,1,107.86,91.68,34.84,13.75,False,South,Online,Regular
O003079,C0606,2024-01-04,Electronics,1,319.06,271.2,59.66,54.24,False,South,App,Regular
O001098,C0210,2023-09-25,Electronics,1,355.13,355.13,78.13,71.03,False,West,Online,Regular
O000915,C0170,2024-12-06,Beauty,2,67.25,174.85,108.41,0.0,False,North,Online,Occasional
O003747,C0757,2024-04-22,Beauty,2,49.29,98.58,61.12,0.0,False,South,App,Premium
O004129,C0830,2023-06-01,Sports,1,5.0,5.0,1.9,0.0,False,West,Online,Regular
O006926,C1385,2024-09-14,Beauty,1,45.71,45.71,28.34,0.0,False,South,Online,Premium
O005690,C1125,2023-02-22,Clothing,1,10.49,8.91,4.9,0.45,False,Central,Online,Premium
O003544,C0707,2024-01-14,Clothing,2,25.21,42.86,23.57,0.0,False,South,App,Regular
O001364,C0259,2024-05-12,Home & Kitchen,1,138.31,138.31,58.09,13.83,False,Central,Retail,Premium
O006570,C1312,2024-08-30,Clothing,1,53.77,53.77,29.57,0.0,False,Central,App,Regular
O002155,C0415,2023-04-20,Electronics,2,494.38,988.76,217.53,98.88,False,East,App,Premium
O006619,C1321,2023-09-06,Home & Kitchen,1,94.58,94.58,39.72,9.46,False,North,Retail,Regular
O002954,C0578,2023-07-25,Clothing,1,79.81,79.81,43.9,0.0,True,East,Online,Regular
O001864,C0352,2023-08-22,Beauty,2,86.73,173.46,107.55,0.0,False,South,Online,Regular
O000041,C0007,2023-05-19,Electronics,1,311.45,311.45,68.52,0.0,False,East,App,Regular
O001774,C0337,2024-10-24,Home & Kitchen,2,5.0,10.0,4.2,1.0,False,East,App,Regular
O009219,C1849,2024-01-17,Beauty,2,54.96,93.43,57.93,0.0,False,East,App,Occasional
O006554,C1309,2024-09-19,Beauty,2,64.83,129.66,80.39,0.0,False,Central,Partner,Occasional
O002340,C0460,2024-07-01,Electronics,1,150.46,150.46,33.1,0.0,False,East,App,Regular
O002665,C0531,2024-06-26,Sports,1,165.29,165.29,62.81,0.0,False,East,Retail,Regular
O008457,C1704,2023-01-13,Home & Kitchen,1,95.74,81.38,34.18,0.0,False,South,Online,Regular
O001078,C0205,2023-12-10,Sports,1,104.58,135.95,51.66,0.0,True,North,App,Premium
O009282,C1862,2023-12-07,Clothing,1,154.57,200.94,110.52,0.0,False,Central,Online,Regular
O005527,C1106,2024-01-22,Electronics,1,523.02,444.57,97.81,0.0,False,East,Partner,Occasional
O006236,C1234,2023-05-14,Beauty,1,93.02,93.02,57.67,4.65,False,East,Retail,Regular
O004667,C0935,2024-11-25,Clothing,1,5.0,6.5,3.58,0.0,False,South,App,Regular
O009216,C1848,2024-01-12,Sports,1,134.75,114.54,43.53,0.0,False,South,Online,Regular
O001737,C0332,2023-11-18,Electronics,1,421.83,548.38,120.64,82.26,False,West,Retail,Regular
O006257,C1237,2023-08-01,Beauty,1,76.38,76.38,47.36,3.82,False,North,Online,Regular
O007561,C1498,2023-07-25,Sports,1,196.23,196.23,74.57,0.0,False,North,Online,Regular
O009940,C1983,2024-08-03,Beauty,1,43.04,43.04,26.68,8.61,False,North,Retail,Regular
O006005,C1186,2024-02-05,Home & Kitchen,1,174.45,148.29,62.28,22.24,False,East,App,Premium
O004545,C0916,2023-05-28,Sports,1,50.32,50.32,19.12,0.0,False,East,Online,Regular
O008911,C1793,2023-01-14,Home & Kitchen,1,5.0,4.25,1.78,0.64,False,West,App,Regular
O003020,C0594,2023-06-12,Electronics,1,247.69,247.69,54.49,12.38,False,North,Partner,Regular
O008654,C1744,2024-09-05,Home & Kitchen,1,87.25,87.25,36.64,0.0,False,South,App,Occasional
O008290,C1659,2023-06-12,Home & Kitchen,1,88.9,88.9,37.34,0.0,False,East,App,Regular
O000751,C0139,2023-04-18,Electronics,1,5.0,5.0,1.1,0.0,False,North,Online,Regular
O007015,C1399,2024-10-31,Clothing,1,120.02,120.02,66.01,6.0,False,West,App,Regular
O000088,C0017,2024-10-22,Sports,1,119.56,119.56,45.43,0.0,False,West,App,Premium
O006874,C1375,2023-11-09,Beauty,1,59.94,77.92,48.31,11.69,False,East,Online,Regular
O001926,C0371,2024-12-11,Sports,2,79.71,207.25,78.76,20.72,False,North,Online,Regular
O002412,C0472,2023-04-26,Clothing,1,59.34,59.34,32.64,0.0,False,South,Retail,Regular
O000668,C0122,2024-02-02,Electronics,1,542.57,461.18,101.46,92.24,False,South,Retail,Premium
O006123,C1206,2024-03-23,Home & Kitchen,1,107.52,107.52,45.16,0.0,True,East,Retail,Premium
O005076,C1009,2023-10-13,Home & Kitchen,2,94.08,188.16,79.03,28.22,False,Central,Partner,Premium
O007443,C1474,2023-01-18,Sports,1,283.11,240.64,91.44,0.0,False,Central,Online,Regular
O000521,C0101,2024-12-13,Beauty,1,57.38,74.6,46.25,7.46,False,East,Online,Premium
O006666,C1329,2024-11-04,Electronics,2,137.55,357.62,78.68,35.76,False,West,App,Regular
O003427,C0684,2024-03-03,Clothing,1,108.44,108.44,59.64,0.0,True,South,App,Regular
O009105,C1833,2023-01-27,Sports,1,75.51,64.19,24.39,9.63,False,Central,Partner,Regular
O007810,C1548,2023-09-08,Electronics,1,294.92,294.92,64.88,44.24,False,South,Retail,Regular
O006984,C1394,2024-06-04,Home & Kitchen,1,101.91,101.91,42.8,20.38,False,East,Online,Regular
O003017,C0594,2024-08-27,Clothing,1,89.68,89.68,49.32,4.48,False,North,Partner,Regular
O009981,C1990,2023-11-04,Home & Kitchen,1,144.83,188.28,79.08,28.24,False,South,Partner,Regular
O000818,C0149,2024-05-16,Beauty,1,30.06,30.06,18.64,0.0,False,Central,App,Premium
O006153,C1213,2024-05-29,Electronics,1,323.86,323.86,71.25,64.77,False,East,Online,Regular
O008657,C1745,2024-11-27,Beauty,2,49.06,127.56,79.09,12.76,False,Central,Online,Premium
O005632,C1120,2023-11-03,Sports,1,135.15,175.7,66.77,0.0,False,East,Online,Regular
O009132,C1837,2023-08-01,Home & Kitchen,1,38.64,38.64,16.23,1.93,False,East,Online,Regular
O005979,C1183,2023-02-25,Beauty,1,49.23,41.84,25.94,8.37,False,West,App,Regular
O006939,C1387,2024-08-16,Beauty,1,69.65,69.65,43.18,0.0,False,Central,App,Regular
O004179,C0840,2024-05-17,Clothing,1,61.14,61.14,33.63,12.23,False,East,Retail,Regular
O002528,C0497,2024-07-12,Sports,1,100.81,100.81,38.31,0.0,False,Central,App,Regular
O000584,C0108,2023-07-16,Clothing,1,31.4,31.4,17.27,3.14,False,North,App,Occasional
O007355,C1456,2024-07-31,Home & Kitchen,2,67.64,135.27,56.81,0.0,False,East,Online,Regular
O001253,C0235,2024-12-10,Clothing,1,68.04,88.46,48.65,0.0,False,East,Retail,Regular
O008809,C1770,2023-05-14,Clothing,3,95.47,286.42,157.53,57.28,False,East,Online,Regular
O008799,C1767,2023-01-25,Sports,2,15.8,26.85,10.2,4.03,False,West,App,Regular
O003773,C0762,2024-08-27,Electronics,1,284.43,284.43,62.57,0.0,False,Central,App,Regular
O009530,C1918,2024-07-20,Electronics,1,388.5,388.5,85.47,0.0,False,Central,Online,Regular
O008763,C1762,2023-11-04,Sports,1,73.05,94.97,36.09,0.0,False,East,Partner,Premium
O006646,C1325,2024-10-05,Electronics,2,436.02,872.04,191.85,0.0,False,West,App,Premium
O009792,C1956,2023-02-15,Sports,1,29.98,25.48,9.68,0.0,False,South,App,Premium
O002471,C0484,2024-09-19,Home & Kitchen,1,71.67,71.67,30.1,0.0,False,West,App,Occasional
O003669,C0736,2023-05-28,Electronics,1,365.23,365.23,80.35,0.0,False,South,Partner,Premium
O001070,C0205,2023-07-20,Beauty,2,27.1,54.19,33.6,8.13,False,North,App,Premium
O000815,C0149,2024-07-04,Beauty,1,61.58,61.58,38.18,9.24,False,Central,App,Premium
O004679,C0937,2024-05-22,Clothing,1,101.28,101.28,55.7,0.0,False,South,Online,Premium
O009390,C1886,2023-12-06,Clothing,1,52.95,68.84,37.86,3.44,False,North,Online,Premium
O009015,C1815,2024-09-14,Electronics,1,443.52,443.52,97.57,0.0,False,East,Online,Regular
O006297,C1246,2023-06-27,Sports,2,70.71,141.41,53.74,0.0,False,Central,Retail,Regular
O008360,C1680,2023-04-14,Beauty,1,87.22,87.22,54.08,13.08,False,East,App,Occasional
O000070,C0013,2024-04-01,Clothing,1,114.32,114.32,62.88,11.43,False,North,Online,Premium
O003085,C0607,2023-01-17,Electronics,1,326.45,277.48,61.05,0.0,False,West,Online,Regular
O001514,C0288,2023-10-08,Beauty,2,43.05,86.11,53.39,0.0,False,Central,Online,Regular
O009837,C1964,2024-08-03,Sports,1,60.21,60.21,22.88,0.0,True,West,App,Occasional
O007285,C1448,2024-02-21,Home & Kitchen,1,114.0,96.9,40.7,19.38,False,North,App,Premium
O003849,C0775,2023-12-26,Clothing,1,86.28,112.16,61.69,0.0,False,South,Online,Regular
O009693,C1942,2023-01-22,Electronics,1,189.49,161.06,35.43,16.11,False,West,Online,Occasional
O007070,C1409,2024-06-04,Home & Kitchen,1,101.88,101.88,42.79,15.28,False,Central,App,Regular
O005467,C1095,2024-10-30,Electronics,1,341.95,341.95,75.23,0.0,False,Central,App,Regular
O000657,C0122,2023-07-11,Home & Kitchen,3,5.0,15.0,6.3,0.75,True,South,Retail,Premium
O009054,C1824,2023-11-26,Sports,1,74.75,97.18,36.93,0.0,False,Central,Online,Premium
O004361,C0880,2023-12-09,Home & Kitchen,1,128.69,167.29,70.26,33.46,False,North,App,Occasional
O009110,C1834,2023-02-05,Clothing,1,63.15,53.68,29.52,8.05,False,East,Online,Regular
O004407,C0888,2024-10-26,Beauty,2,62.53,125.07,77.54,6.25,False,East,App,Premium
O005010,C1001,2024-04-17,Clothing,1,132.45,132.45,72.85,6.62,False,West,Online,Regular
O005665,C1123,2023-01-09,Clothing,3,62.21,158.64,87.25,7.93,False,West,Online,Premium
O005605,C1117,2023-11-03,Clothing,1,63.03,81.93,45.06,4.1,False,East,Online,Premium
O007497,C1485,2024-10-08,Home & Kitchen,1,48.38,48.38,20.32,7.26,False,West,App,Premium
O000432,C0085,2023-05-19,Sports,2,66.82,133.64,50.78,26.73,False,West,Online,Premium
O000848,C0154,2023-04-15,Beauty,1,36.86,36.86,22.85,5.53,False,North,Online,Regular
O000908,C0167,2023-02-19,Sports,1,169.03,143.68,54.6,0.0,False,Central,Online,Occasional
O003926,C0791,2023-08-30,Home & Kitchen,1,63.04,63.04,26.48,3.15,False,West,Online,Regular
O007046,C1406,2023-05-11,Sports,3,112.53,337.59,128.28,16.88,True,East,App,Regular
O005751,C1139,2023-10-24,Sports,1,32.8,32.8,12.46,0.0,False,South,Online,Premium
O009690,C1941,2023-01-09,Home & Kitchen,1,130.8,111.18,46.7,0.0,False,West,Online,Regular
O004426,C0891,2024-01-17,Home & Kitchen,1,70.15,59.63,25.04,0.0,False,North,App,Premium
O007157,C1423,2024-06-27,Sports,1,127.11,127.11,48.3,19.07,False,East,Online,Regular
O008127,C1624,2023-06-17,Home & Kitchen,2,86.97,173.94,73.05,8.7,False,Central,Online,Regular
O000931,C0175,2023-05-16,Clothing,1,41.7,41.7,22.94,4.17,False,West,Online,Occasional
O003307,C0654,2023-02-21,Electronics,1,161.82,137.54,30.26,0.0,False,Central,Online,Occasional
O008951,C1803,2024-09-07,Electronics,1,471.79,471.79,103.79,23.59,False,Central,Online,Premium
O004800,C0958,2023-09-26,Home & Kitchen,1,5.0,5.0,2.1,0.75,False,West,Online,Premium
O001748,C0334,2023-04-29,Home & Kitchen,2,126.16,252.33,105.98,50.47,False,East,Partner,Premium
O005378,C1073,2024-05-14,Electronics,1,477.04,477.04,104.95,71.56,False,West,App,Occasional
O002373,C0465,2024-07-01,Beauty,1,40.64,40.64,25.2,0.0,False,Central,Online,Regular
O004482,C0903,2024-01-16,Clothing,1,70.69,60.08,33.04,0.0,False,East,Online,Regular
O009306,C1866,2023-12-09,Beauty,1,5.0,6.5,4.03,0.32,False,South,Online,Premium
O009063,C1825,2023-09-10,Beauty,1,13.88,13.88,8.61,0.0,False,Central,Online,Regular
O005428,C1088,2024-04-19,Beauty,1,56.42,56.42,34.98,11.28,False,Central,Online,Regular
O002236,C0434,2024-08-08,Home & Kitchen,1,175.37,175.37,73.66,0.0,True,East,App,Regular
O005347,C1065,2023-11-24,Electronics,1,320.4,416.52,91.63,83.3,False,West,App,Premium
O004363,C0880,2023-07-26,Clothing,1,69.66,69.66,38.31,3.48,False,North,App,Occasional
O002716,C0542,2024-08-03,Beauty,1,62.34,62.34,38.65,6.23,False,Central,Online,Regular
O002983,C0586,2024-04-01,Beauty,1,50.5,50.5,31.31,5.05,False,East,App,Regular
O003454,C0689,2024-10-04,Beauty,1,42.91,42.91,26.6,0.0,False,West,Retail,Regular
O004437,C0892,2024-06-30,Beauty,2,63.98,127.95,79.33,25.59,False,South,App,Regular
O009631,C1935,2023-12-28,Beauty,2,65.26,169.69,105.21,8.48,False,West,Online,Regular
O002889,C0569,2023-01-30,Electronics,1,218.63,185.84,40.88,37.17,False,South,Online,Premium
O001089,C0207,2024-04-14,Electronics,1,387.98,387.98,85.36,58.2,False,North,Retail,Premium
O002941,C0575,2024-02-01,Home & Kitchen,2,58.74,99.86,41.94,14.98,False,South,Online,Regular
O009896,C1973,2023-06-16,Clothing,1,37.91,37.91,20.85,5.69,False,East,Online,Regular
O004607,C0926,2023-12-17,Clothing,2,53.48,139.06,76.48,20.86,False,South,Retail,Premium
O008458,C1704,2023-09-07,Home & Kitchen,1,51.65,51.65,21.69,0.0,False,South,Online,Regular
O005405,C1083,2024-01-06,Electronics,1,265.38,225.57,49.63,33.84,False,West,Partner,Premium
O002911,C0571,2023-02-01,Electronics,1,420.66,357.56,78.66,0.0,False,Central,Online,Premium
O004321,C0869,2023-06-10,Home & Kitchen,2,120.77,241.55,101.45,24.16,False,Central,Online,Regular
O005082,C1009,2023-04-15,Beauty,1,58.15,58.15,36.05,8.72,False,Central,Partner,Premium
O006098,C1203,2024-01-25,Electronics,1,618.1,525.39,115.59,0.0,False,East,Online,Regular
O003985,C0804,2024-10-16,Clothing,1,45.32,45.32,24.93,6.8,False,East,App,Regular
O009866,C1969,2023-01-03,Beauty,1,23.11,19.64,12.18,0.98,False,North,Retail,Premium
O002227,C0429,2023-08-31,Sports,1,37.19,37.19,14.13,0.0,False,North,App,Regular
O004919,C0982,2023-01-10,Beauty,1,37.23,31.65,19.62,1.58,True,East,App,Regular
O002977,C0585,2023-02-25,Electronics,1,274.43,233.27,51.32,0.0,False,North,Retail,Regular
O002413,C0473,2024-10-10,Electronics,1,450.88,450.88,99.19,22.54,False,East,Online,Premium
O009510,C1913,2024-10-06,Beauty,1,68.04,68.04,42.18,0.0,False,South,Online,Regular
O008659,C1745,2024-10-03,Clothing,2,24.66,49.31,27.12,0.0,False,Central,Online,Premium
O003424,C0684,2024-08-16,Clothing,1,51.92,51.92,28.56,0.0,False,South,App,Regular
O001391,C0263,2024-05-11,Beauty,2,47.22,94.45,58.56,18.89,False,Central,Online,Premium
O005639,C1121,2024-03-20,Clothing,2,93.74,187.48,103.11,0.0,False,Central,Online,Premium
O002180,C0418,2023-10-22,Beauty,1,52.74,52.74,32.7,0.0,False,East,Retail,Regular
O003175,C0629,2023-05-29,Electronics,1,561.15,561.15,123.45,56.12,False,North,Online,Regular
O004750,C0950,2024-08-21,Beauty,1,36.66,36.66,22.73,1.83,False,North,Partner,Premium
O005753,C1139,2024-12-11,Sports,1,60.34,78.45,29.81,0.0,False,South,Online,Premium
O000873,C0157,2024-02-26,Beauty,2,54.78,93.13,57.74,0.0,False,South,Partner,Premium
O005367,C1070,2023-10-08,Sports,2,42.4,84.8,32.22,16.96,True,East,App,Occasional
O009385,C1885,2024-12-15,Home & Kitchen,2,115.42,300.1,126.04,30.01,False,North,Retail,Occasional
O001660,C0318,2024-06-03,Electronics,1,105.84,105.84,23.28,0.0,False,South,Online,Regular
O005136,C1022,2023-04-04,Home & Kitchen,1,91.03,91.03,38.23,0.0,False,North,Online,Regular
O006020,C1192,2023-04-06,Home & Kitchen,1,58.73,58.73,24.67,8.81,False,North,Online,Regular
O006808,C1359,2024-09-04,Clothing,1,34.47,34.47,18.96,5.17,True,Central,App,Occasional
O001013,C0195,2024-09-15,Home & Kitchen,1,161.99,161.99,68.04,0.0,False,North,App,Premium
O007280,C1448,2024-02-26,Electronics,1,247.03,209.97,46.19,0.0,False,North,App,Premium
O004051,C0819,2023-05-01,Sports,1,92.95,92.95,35.32,0.0,False,West,Retail,Premium
O000280,C0054,2023-03-05,Sports,1,130.72,130.72,49.67,19.61,False,South,Online,Regular
O001003,C0192,2023-12-01,Clothing,1,42.75,55.58,30.57,2.78,False,West,Online,Regular
O001851,C0350,2024-12-02,Beauty,1,25.69,33.4,20.71,1.67,False,East,Online,Premium
O003269,C0649,2024-04-15,Electronics,1,408.32,408.32,89.83,81.66,False,Central,App,Premium
O000343,C0068,2023-10-24,Sports,1,8.0,8.0,3.04,0.0,False,Central,Online,Occasional
O003949,C0797,2023-05-24,Sports,2,123.06,246.13,93.53,0.0,False,East,Online,Regular
O007731,C1535,2024-02-04,Clothing,1,35.44,30.13,16.57,0.0,False,West,Partner,Regular
O006505,C1298,2023-01-10,Beauty,1,39.97,33.97,21.06,3.4,False,West,Online,Premium
O009001,C1812,2023-12-12,Sports,1,126.44,164.37,62.46,0.0,False,North,Retail,Premium
O005621,C1119,2023-12-30,Sports,1,110.24,143.31,54.46,0.0,False,North,App,Premium
O005314,C1060,2024-03-21,Beauty,2,10.0,20.0,12.4,3.0,False,West,Partner,Regular
O009277,C1861,2024-05-21,Clothing,2,94.7,189.39,104.16,28.41,False,West,Partner,Regular
O005852,C1160,2023-05-07,Beauty,1,54.04,54.04,33.5,0.0,False,West,Retail,Occasional
O001540,C0294,2024-03-20,Home & Kitchen,1,33.74,33.74,14.17,5.06,False,North,Online,Regular
O006294,C1246,2024-05-22,Sports,1,88.7,88.7,33.71,4.44,False,Central,Retail,Regular
O001071,C0205,2024-07-13,Electronics,1,169.19,169.19,37.22,33.84,False,North,App,Premium
O008049,C1599,2024-08-09,Beauty,1,71.79,71.79,44.51,7.18,False,West,App,Regular
O007767,C1542,2024-10-13,Home & Kitchen,1,45.4,45.4,19.07,0.0,True,South,Online,Regular
O008405,C1692,2024-07-14,Beauty,1,38.97,38.97,24.16,5.85,False,South,Online,Regular
O005635,C1121,2023-10-03,Beauty,1,25.28,25.28,15.67,0.0,False,Central,Online,Premium
O005859,C1163,2024-03-13,Sports,1,159.29,159.29,60.53,7.96,False,North,Online,Regular
O003331,C0662,2024-08-18,Beauty,1,42.61,42.61,26.42,0.0,False,East,Online,Premium
O001824,C0346,2023-10-28,Sports,1,143.49,143.49,54.53,0.0,False,Central,Online,Premium
O002314,C0455,2023-05-15,Beauty,1,63.56,63.56,39.41,6.36,False,West,App,Regular
O001459,C0274,2023-07-12,Clothing,1,95.31,95.31,52.42,0.0,False,West,Online,Premium
O007263,C1445,2023-01-26,Home & Kitchen,2,44.42,75.52,31.72,3.78,False,West,Online,Premium
O004768,C0954,2023-03-12,Sports,1,69.37,69.37,26.36,0.0,False,West,App,Regular
O002886,C0569,2024-12-03,Home & Kitchen,1,81.57,106.05,44.54,0.0,False,South,Online,Premium
O005829,C1148,2023-01-13,Sports,1,179.69,152.74,58.04,15.27,False,North,App,Occasional
O008489,C1711,2024-05-24,Electronics,1,571.34,571.34,125.69,57.13,False,East,Online,Premium
O006735,C1342,2023-02-08,Beauty,1,49.01,41.65,25.82,8.33,False,North,Online,Regular
O001150,C0218,2023-01-31,Home & Kitchen,1,151.76,128.99,54.18,6.45,False,South,App,Premium
O004135,C0831,2023-10-07,Home & Kitchen,1,110.92,110.92,46.59,11.09,False,South,Retail,Premium
O002220,C0427,2023-01-09,Clothing,1,68.43,58.17,31.99,0.0,False,North,Online,Regular
O009601,C1929,2023-10-14,Beauty,2,25.37,50.73,31.45,0.0,False,East,App,Premium
O008370,C1685,2024-11-14,Electronics,1,421.12,547.46,120.44,27.37,False,West,Online,Occasional
O000586,C0109,2023-12-29,Electronics,3,210.86,822.34,180.91,0.0,False,North,Online,Premium
O003445,C0687,2024-08-07,Home & Kitchen,1,76.46,76.46,32.11,11.47,False,East,App,Premium
O000526,C0101,2024-04-22,Beauty,1,42.07,42.07,26.08,4.21,False,East,Online,Premium
O003468,C0692,2024-01-28,Home & Kitchen,1,34.16,29.04,12.2,0.0,False,Central,App,Regular
O003469,C0692,2024-04-21,Clothing,1,65.26,65.26,35.89,6.53,False,Central,App,Regular
O003035,C0598,2024-03-31,Sports,1,171.19,171.19,65.05,0.0,False,North,App,Regular
O004010,C0811,2024-07-14,Clothing,1,66.23,66.23,36.43,9.93,False,West,Online,Occasional
O002685,C0535,2023-09-04,Sports,3,156.12,468.35,177.97,46.84,False,West,App,Occasional
O008837,C1774,2024-12-07,Sports,1,110.15,143.2,54.42,28.64,False,North,App,Regular
O007928,C1571,2023-07-14,Beauty,1,54.18,54.18,33.59,8.13,True,North,Retail,Regular
O007985,C1586,2023-11-04,Electronics,1,239.15,310.9,68.4,31.09,False,Central,Online,Premium
O007725,C1533,2023-12-21,Home & Kitchen,1,14.55,18.91,7.94,3.78,False,North,Online,Occasional
O008464,C1705,2024-06-15,Clothing,1,60.86,60.86,33.47,6.09,False,South,Online,Regular
O006108,C1204,2023-03-12,Beauty,1,18.49,18.49,11.46,0.0,False,Central,Online,Premium
O008173,C1631,2023-02-09,Electronics,1,606.16,515.23,113.35,0.0,False,North,Retail,Occasional
O009115,C1834,2024-12-31,Clothing,1,101.55,132.01,72.61,0.0,False,East,Online,Regular
O005873,C1165,2024-03-14,Electronics,1,370.51,370.51,81.51,37.05,True,Central,App,Regular
O004156,C0835,2023-01-06,Electronics,1,244.6,207.91,45.74,0.0,False,East,Online,Premium
O009964,C1988,2024-06-27,Electronics,1,348.55,348.55,76.68,17.43,False,East,Partner,Premium
O008177,C1632,2024-01-16,Clothing,1,58.42,49.66,27.31,4.97,False,East,Online,Regular
O007190,C1431,2024-05-12,Beauty,1,47.31,47.31,29.33,7.1,False,West,Online,Regular
O000690,C0127,2023-12-04,Home & Kitchen,3,46.99,183.27,76.97,9.16,False,West,App,Regular
O003109,C0612,2023-04-26,Home & Kitchen,1,171.31,171.31,71.95,17.13,False,North,App,Regular
O004097,C0824,2023-06-23,Sports,1,161.67,161.67,61.43,16.17,False,Central,Retail,Premium
O008097,C1615,2024-08-12,Electronics,2,416.87,833.75,183.42,0.0,False,East,Partner,Regular
O002501,C0491,2023-11-08,Beauty,1,59.48,77.32,47.94,0.0,False,West,Retail,Premium
O008014,C1589,2023-08-02,Sports,1,116.83,116.83,44.4,17.52,False,South,Retail,Regular
O001147,C0218,2023-02-21,Electronics,1,244.0,207.4,45.63,0.0,False,South,App,Premium
O004123,C0829,2023-04-29,Clothing,1,5.0,5.0,2.75,0.25,False,North,Online,Regular
O001948,C0376,2023-03-19,Beauty,1,38.16,38.16,23.66,0.0,False,West,App,Premium
O009750,C1949,2024-01-19,Electronics,1,119.31,101.41,22.31,0.0,False,West,Retail,Occasional
O007402,C1465,2024-03-10,Beauty,1,50.82,50.82,31.51,0.0,False,West,App,Regular
O009261,C1855,2023-02-18,Home & Kitchen,1,16.49,14.02,5.89,0.0,False,East,App,Premium
O001065,C0203,2023-10-26,Clothing,1,34.51,34.51,18.98,3.45,False,North,Retail,Regular
O006078,C1200,2023-04-06,Sports,1,23.28,23.28,8.85,0.0,True,West,Online,Regular
O002313,C0455,2024-10-03,Sports,2,93.51,187.03,71.07,0.0,False,West,App,Regular
O006368,C1268,2023-11-05,Clothing,1,84.22,109.48,60.21,0.0,False,South,Retail,Regular
O007074,C1409,2023-12-16,Beauty,1,49.34,64.15,39.77,0.0,False,Central,App,Regular
O000549,C0104,2024-05-15,Beauty,1,19.7,19.7,12.21,2.95,False,North,App,Premium
O002933,C0574,2023-06-07,Home & Kitchen,1,69.96,69.96,29.38,0.0,False,East,App,Regular
O001866,C0352,2024-04-06,Beauty,1,69.79,69.79,43.27,10.47,False,South,Online,Regular
O005389,C1077,2024-12-14,Clothing,1,97.3,126.49,69.57,0.0,False,South,Online,Regular
O006100,C1204,2024-03-16,Beauty,1,97.17,97.17,60.25,4.86,False,Central,Online,Premium
O009696,C1943,2023-06-21,Clothing,1,89.45,89.45,49.2,0.0,False,North,Online,Premium
O001124,C0212,2023-02-20,Electronics,1,261.13,221.96,48.83,33.29,False,North,App,Premium
O000160,C0032,2024-06-30,Beauty,1,35.72,35.72,22.15,0.0,False,North,Online,Regular
O002919,C0571,2023-11-19,Home & Kitchen,1,158.29,205.78,86.43,30.87,False,Central,Online,Premium
O004825,C0961,2024-09-22,Home & Kitchen,2,66.07,132.14,55.5,13.21,False,North,App,Premium
O009642,C1936,2024-01-04,Clothing,1,82.41,70.04,38.52,3.5,False,North,App,Premium
O009214,C1848,2024-08-04,Electronics,2,723.44,1446.89,318.32,0.0,False,South,Online,Regular
O002252,C0440,2024-05-13,Clothing,2,59.2,118.41,65.13,0.0,False,North,App,Regular
O004008,C0809,2023-03-09,Sports,1,138.12,138.12,52.49,0.0,False,North,App,Regular
O004383,C0883,2023-03-28,Home & Kitchen,1,145.82,145.82,61.24,0.0,False,West,App,Regular
O001451,C0272,2023-11-02,Beauty,1,59.94,77.92,48.31,11.69,False,West,App,Occasional
O007399,C1465,2024-01-10,Beauty,2,38.44,65.34,40.51,13.07,False,West,App,Regular
O001297,C0243,2024-09-06,Sports,1,114.58,114.58,43.54,5.73,True,West,Online,Premium
O001709,C0329,2024-10-10,Clothing,1,77.47,77.47,42.61,15.49,False,West,Online,Regular
O000192,C0037,2024-07-29,Home & Kitchen,1,83.7,83.7,35.15,0.0,False,East,Partner,Premium
O003832,C0774,2024-05-02,Clothing,1,84.26,84.26,46.34,8.43,False,South,Retail,Premium
O009303,C1866,2023-06-18,Clothing,1,39.87,39.87,21.93,5.98,False,South,Online,Premium
O002352,C0463,2024-10-23,Beauty,1,44.42,44.42,27.54,2.22,False,South,Online,Regular
O000632,C0115,2024-09-11,Beauty,2,61.4,122.79,76.13,24.56,False,Central,Online,Regular
O005969,C1181,2024-09-25,Sports,1,69.7,69.7,26.49,0.0,False,South,App,Regular
O006558,C1310,2023-04-23,Electronics,1,542.05,542.05,119.25,0.0,True,North,Online,Regular
O003149,C0622,2023-06-04,Home & Kitchen,1,149.47,149.47,62.78,22.42,False,East,App,Regular
O000237,C0044,2024-09-08,Electronics,1,448.15,448.15,98.59,44.82,False,South,Online,Premium
O007888,C1560,2024-05-28,Electronics,1,5.0,5.0,1.1,0.0,False,West,Retail,Regular
O009923,C1980,2024-12-27,Electronics,1,178.72,232.34,51.11,0.0,False,Central,Online,Regular
O007752,C1537,2024-09-13,Home & Kitchen,1,127.16,127.16,53.41,25.43,False,East,Online,Premium
O006041,C1196,2023-11-13,Clothing,1,89.37,116.19,63.9,11.62,False,East,App,Premium
O001061,C0202,2023-11-15,Clothing,2,37.85,98.4,54.12,0.0,False,East,Online,Regular
O003141,C0621,2023-03-26,Clothing,1,98.86,98.86,54.37,0.0,False,South,Partner,Premium
O000249,C0046,2023-11-03,Beauty,1,30.78,40.01,24.81,4.0,False,North,Retail,Regular
O007660,C1522,2023-02-06,Sports,2,87.38,148.55,56.45,14.86,False,North,App,Premium
O005281,C1048,2024-12-03,Beauty,1,47.57,61.85,38.35,9.28,False,East,App,Regular
O004941,C0985,2023-11-08,Sports,2,58.44,151.93,57.73,0.0,False,South,App,Regular
O008150,C1628,2023-04-03,Electronics,1,140.85,140.85,30.99,28.17,False,South,Retail,Regular
O009134,C1837,2023-09-25,Clothing,2,57.05,114.11,62.76,0.0,False,East,Online,Regular
O003980,C0801,2024-11-09,Clothing,1,108.66,141.26,77.69,28.25,False,East,Online,Occasional
O009548,C1923,2023-03-15,Beauty,2,51.93,103.86,64.39,0.0,False,West,Online,Regular
O008373,C1686,2024-10-20,Sports,2,34.04,68.07,25.87,0.0,False,South,Online,Regular
O009370,C1879,2024-04-07,Clothing,2,77.45,154.9,85.2,0.0,False,Central,App,Regular
O007590,C1505,2023-07-02,Sports,1,33.12,33.12,12.59,6.62,False,South,Retail,Premium
O008153,C1628,2024-06-04,Sports,1,65.08,65.08,24.73,0.0,True,South,Retail,Regular
O003405,C0677,2023-05-20,Sports,2,101.36,202.71,77.03,0.0,False,West,Retail,Regular
O009146,C1839,2024-10-11,Sports,1,5.0,5.0,1.9,0.75,False,North,Online,Premium
O003073,C0605,2024-02-20,Beauty,1,60.94,51.8,32.12,2.59,False,West,Partner,Regular
O003074,C0605,2024-03-21,Clothing,1,97.69,97.69,53.73,9.77,False,West,Partner,Regular
O005357,C1065,2023-10-31,Home & Kitchen,3,97.27,291.81,122.56,58.36,False,West,App,Premium
O009560,C1924,2024-10-05,Clothing,1,44.3,44.3,24.36,2.22,False,South,App,Regular
O000600,C0110,2024-12-20,Sports,1,90.19,117.25,44.56,0.0,False,West,App,Regular
O002544,C0503,2024-08-07,Electronics,1,303.15,303.15,66.69,30.32,False,Central,Retail,Regular
O008669,C1745,2024-10-03,Home & Kitchen,1,169.08,169.08,71.01,25.36,True,Central,Online,Premium
O005295,C1054,2024-03-14,Sports,1,50.9,50.9,19.34,2.54,False,South,Online,Regular
O003503,C0698,2023-06-01,Clothing,1,119.31,119.31,65.62,5.97,False,West,Partner,Premium
O001138,C0218,2024-10-22,Sports,1,178.33,178.33,67.77,0.0,False,South,App,Premium
O000664,C0122,2024-09-04,Beauty,1,30.8,30.8,19.1,6.16,False,South,Retail,Premium
O002414,C0473,2023-11-29,Home & Kitchen,1,177.92,231.29,97.14,0.0,False,East,Online,Premium
O002636,C0524,2024-05-09,Clothing,1,74.7,74.7,41.09,7.47,False,South,App,Regular
O004305,C0866,2023-08-13,Sports,2,132.68,265.35,100.83,26.54,False,Central,App,Premium
O001479,C0277,2024-11-04,Home & Kitchen,1,38.23,49.7,20.87,4.97,False,South,App,Regular
O002643,C0527,2023-03-03,Electronics,1,191.49,191.49,42.13,0.0,False,North,App,Occasional
O006033,C1194,2024-12-30,Sports,1,140.12,182.15,69.22,36.43,False,East,Online,Premium
O001371,C0259,2023-02-09,Electronics,1,632.26,537.42,118.23,26.87,False,Central,Retail,Premium
O001462,C0274,2024-09-06,Home & Kitchen,2,7.47,14.94,6.27,0.75,False,West,Online,Premium
O000272,C0050,2024-12-18,Sports,1,124.55,161.92,61.53,0.0,False,North,App,Premium
O006613,C1319,2024-02-25,Electronics,1,242.39,206.03,45.33,10.3,False,North,Online,Regular
O005074,C1009,2024-04-14,Electronics,1,132.87,132.87,29.23,0.0,False,Central,Partner,Premium
O005989,C1184,2023-08-05,Home & Kitchen,1,173.41,173.41,72.83,17.34,False,East,App,Regular
O000565,C0105,2023-06-04,Beauty,1,44.53,44.53,27.61,0.0,False,Central,Online,Premium
O003671,C0736,2023-10-16,Beauty,2,19.15,38.3,23.75,0.0,False,South,Partner,Premium
O008343,C1674,2024-05-13,Sports,2,83.92,167.84,63.78,33.57,False,West,Online,Regular
O007525,C1488,2024-03-07,Electronics,2,221.28,442.56,97.36,22.13,False,West,Retail,Regular
O008011,C1588,2023-05-24,Clothing,1,43.59,43.59,23.97,2.18,True,West,App,Regular
O006973,C1392,2024-01-04,Sports,1,76.41,64.95,24.68,0.0,False,South,Partner,Regular
O000013,C0003,2023-05-28,Clothing,2,57.46,114.93,63.21,0.0,False,Central,Retail,Premium
O002591,C0517,2024-08-08,Clothing,1,39.54,39.54,21.75,5.93,False,East,App,Premium
O005401,C1083,2023-10-26,Home & Kitchen,1,218.83,218.83,91.91,0.0,False,West,Partner,Premium
O002968,C0581,2023-10-18,Home & Kitchen,1,14.0,14.0,5.88,1.4,False,Central,Online,Regular
O007444,C1474,2024-11-19,Beauty,1,49.94,64.92,40.25,12.98,False,Central,Online,Regular
O009288,C1865,2024-06-02,Beauty,2,71.17,142.35,88.26,28.47,False,East,App,Premium
O005541,C1108,2024-11-25,Sports,1,171.95,223.53,84.94,44.71,False,Central,Retail,Premium
O006764,C1350,2023-08-01,Electronics,1,357.24,357.24,78.59,35.72,False,West,Online,Regular
O001181,C0223,2024-01-02,Clothing,2,101.69,172.88,95.08,34.58,False,West,Online,Regular
O000611,C0112,2024-07-10,Home & Kitchen,1,27.3,27.3,11.47,2.73,False,North,Partner,Occasional
O004370,C0882,2024-02-29,Beauty,1,50.99,43.34,26.87,0.0,False,North,Online,Regular
O002817,C0558,2024-09-26,Electronics,1,331.37,331.37,72.9,49.71,True,West,Online,Regular
O004463,C0900,2024-12-06,Beauty,1,56.13,72.96,45.24,3.65,False,North,App,Regular
O003825,C0772,2023-11-16,Home & Kitchen,1,91.99,119.59,50.23,17.94,True,North,Retail,Regular
O009031,C1819,2024-08-01,Electronics,1,5.0,5.0,1.1,0.25,False,North,Online,Regular
O002323,C0457,2024-07-06,Clothing,2,42.79,85.59,47.07,0.0,False,South,Retail,Premium
O001694,C0325,2024-10-10,Sports,3,135.97,407.91,155.01,81.58,False,East,Online,Regular
O001334,C0252,2023-05-04,Home & Kitchen,1,38.46,38.46,16.15,7.69,False,North,Online,Regular
O008725,C1755,2023-05-27,Sports,1,98.38,98.38,37.38,9.84,True,East,App,Regular
O006433,C1285,2023-05-14,Sports,2,66.78,133.56,50.75,0.0,False,East,Online,Premium
O007607,C1508,2024-05-07,Clothing,2,45.78,91.55,50.35,0.0,False,North,Online,Regular
O008352,C1676,2024-10-15,Home & Kitchen,1,144.5,144.5,60.69,0.0,False,Central,Online,Premium
O007284,C1448,2024-08-01,Home & Kitchen,1,167.42,167.42,70.32,16.74,False,North,App,Premium
O004629,C0928,2024-11-19,Home & Kitchen,1,15.2,19.77,8.3,0.0,False,North,App,Regular
O004013,C0812,2023-02-23,Beauty,2,30.32,51.54,31.95,7.73,False,West,App,Regular
O007864,C1557,2024-01-15,Clothing,2,75.55,128.44,70.64,12.84,False,West,Online,Regular
O000307,C0059,2023-05-30,Electronics,2,510.55,1021.09,224.64,0.0,False,Central,Online,Premium
O002268,C0444,2023-07-23,Home & Kitchen,1,81.15,81.15,34.08,8.12,False,North,App,Occasional
O008281,C1658,2023-12-29,Home & Kitchen,2,121.03,314.68,132.17,31.47,False,North,App,Regular
O005062,C1005,2023-12-01,Beauty,2,91.5,237.9,147.5,0.0,False,North,Online,Premium
O007282,C1448,2023-06-04,Clothing,1,120.5,120.5,66.28,0.0,False,North,App,Premium
O000029,C0006,2023-03-11,Home & Kitchen,1,68.33,68.33,28.7,0.0,False,South,Online,Premium
O002901,C0570,2023-02-27,Home & Kitchen,1,82.27,69.93,29.37,13.99,False,West,App,Premium
O001168,C0220,2024-07-10,Beauty,1,24.74,24.74,15.34,4.95,False,North,Online,Regular
O008156,C1629,2024-03-06,Beauty,3,46.58,139.74,86.64,6.99,False,Central,App,Occasional
O001912,C0364,2023-03-16,Electronics,1,154.83,154.83,34.06,0.0,False,West,App,Regular
O009541,C1920,2024-05-23,Clothing,1,92.59,92.59,50.92,0.0,False,East,Online,Regular
O003314,C0656,2023-03-06,Electronics,1,294.34,294.34,64.75,58.87,False,Central,Online,Regular
O008473,C1709,2023-03-20,Home & Kitchen,2,116.43,232.86,97.8,34.93,False,East,App,Regular
O002590,C0517,2023-03-26,Home & Kitchen,1,103.03,103.03,43.27,5.15,False,East,App,Premium
O008743,C1759,2023-03-17,Home & Kitchen,1,114.22,114.22,47.97,0.0,False,South,Online,Premium
O008612,C1733,2024-05-18,Clothing,1,74.76,74.76,41.12,0.0,False,Central,Online,Premium
O005381,C1074,2023-06-13,Clothing,1,63.75,63.75,35.06,0.0,False,South,Online,Occasional
O008884,C1788,2023-11-06,Clothing,1,82.17,106.82,58.75,5.34,False,North,App,Regular
O008979,C1809,2023-07-14,Clothing,1,9.72,9.72,5.35,0.0,False,Central,Online,Regular
O007056,C1407,2024-02-23,Beauty,1,65.33,55.53,34.43,8.33,False,West,App,Regular
O005620,C1119,2023-07-10,Beauty,1,43.16,43.16,26.76,2.16,False,North,App,Premium
O005172,C1027,2023-06-08,Sports,1,79.35,79.35,30.15,0.0,False,North,Partner,Regular
O001449,C0271,2024-10-24,Home & Kitchen,1,58.53,58.53,24.58,5.85,False,Central,App,Occasional
O006031,C1194,2024-09-30,Electronics,1,199.0,199.0,43.78,39.8,False,East,Online,Premium
O002145,C0413,2023-04-03,Beauty,1,25.1,25.1,15.56,2.51,False,North,Online,Regular
O006536,C1304,2024-05-24,Clothing,2,92.49,184.98,101.74,0.0,False,West,App,Regular
O005493,C1099,2024-01-03,Home & Kitchen,1,123.93,105.34,44.24,0.0,False,South,Online,Regular
O004377,C0883,2024-06-12,Sports,1,92.38,92.38,35.1,18.48,False,West,App,Regular
O009392,C1886,2023-06-08,Beauty,1,38.61,38.61,23.94,7.72,False,North,Online,Premium
O000179,C0036,2024-12-02,Home & Kitchen,1,32.62,42.41,17.81,2.12,False,North,Online,Regular
O001485,C0278,2023-07-07,Beauty,1,54.82,54.82,33.99,8.22,False,West,Online,Regular
O000505,C0098,2024-01-15,Beauty,1,27.02,22.97,14.24,0.0,False,South,Partner,Premium
O000752,C0139,2024-03-01,Clothing,3,100.08,300.24,165.13,0.0,False,North,Online,Regular
O009285,C1864,2024-07-06,Sports,1,151.37,151.37,57.52,30.27,False,North,Online,Occasional
O006641,C1325,2023-05-28,Home & Kitchen,1,75.76,75.76,31.82,7.58,True,West,App,Premium
O002819,C0558,2023-08-01,Beauty,1,59.36,59.36,36.8,0.0,False,West,Online,Regular
O006012,C1191,2023-06-03,Electronics,1,50.87,50.87,11.19,0.0,False,South,App,Regular
O008060,C1603,2023-11-25,Beauty,1,22.66,29.45,18.26,1.47,False,North,App,Regular
O006142,C1209,2023-02-07,Beauty,1,63.8,54.23,33.62,0.0,False,South,Online,Occasional
O009634,C1935,2024-01-24,Beauty,1,67.79,57.62,35.72,5.76,False,West,Online,Regular
O007199,C1432,2024-09-20,Home & Kitchen,1,122.56,122.56,51.48,12.26,False,North,Retail,Occasional
O009746,C1948,2023-05-14,Home & Kitchen,3,178.4,535.19,224.78,26.76,False,North,Retail,Regular
O006417,C1282,2023-07-30,Home & Kitchen,1,83.86,83.86,35.22,12.58,False,North,Online,Regular
O005593,C1115,2024-06-20,Clothing,1,91.6,91.6,50.38,0.0,False,Central,Retail,Regular
O002379,C0467,2023-04-03,Electronics,1,690.86,690.86,151.99,0.0,False,East,Online,Regular
O003317,C0659,2024-11-25,Home & Kitchen,1,80.2,104.26,43.79,5.21,False,West,App,Regular
O005310,C1057,2023-09-07,Clothing,3,64.44,193.32,106.33,0.0,False,East,App,Regular
O001366,C0259,2023-02-08,Clothing,2,68.28,116.07,63.84,0.0,False,Central,Retail,Premium
O009526,C1918,2024-12-05,Beauty,3,18.43,71.88,44.57,0.0,False,Central,Online,Regular
O008684,C1747,2024-08-06,Home & Kitchen,1,67.37,67.37,28.3,0.0,False,West,Online,Premium
O006137,C1208,2023-09-27,Beauty,1,27.05,27.05,16.77,2.7,False,South,Online,Premium
O006885,C1378,2023-03-28,Home & Kitchen,1,56.16,56.16,23.59,0.0,False,West,Retail,Regular
O004478,C0903,2023-05-04,Beauty,1,53.63,53.63,33.25,0.0,False,East,Online,Regular
O001558,C0297,2024-12-07,Beauty,2,47.3,122.99,76.25,0.0,False,East,Online,Premium
O001251,C0235,2023-01-12,Sports,2,61.0,103.7,39.41,0.0,True,East,Retail,Regular
O001411,C0265,2023-02-01,Electronics,1,320.19,272.16,59.88,0.0,False,East,Online,Occasional
O001435,C0268,2023-09-16,Clothing,1,58.16,58.16,31.99,5.82,False,Central,App,Premium
O004199,C0843,2024-12-03,Electronics,1,293.09,381.02,83.82,57.15,False,West,Online,Regular
O004503,C0907,2024-04-04,Electronics,1,462.75,462.75,101.8,0.0,False,West,Online,Regular
O007248,C1443,2023-09-28,Sports,1,59.83,59.83,22.74,8.97,False,East,App,Regular
O006469,C1292,2024-11-28,Beauty,1,50.02,65.03,40.32,0.0,False,South,App,Premium
O006149,C1211,2024-08-13,Beauty,1,48.6,48.6,30.13,0.0,False,East,Online,Regular
O006306,C1249,2024-09-02,Home & Kitchen,1,102.78,102.78,43.17,15.42,False,South,Online,Regular
O009528,C1918,2024-12-03,Home & Kitchen,2,112.34,292.08,122.67,0.0,False,Central,Online,Regular
O002974,C0585,2023-01-30,Home & Kitchen,2,68.82,117.0,49.14,5.85,False,North,Retail,Regular
O006341,C1258,2024-09-14,Electronics,1,400.58,400.58,88.13,80.12,False,Central,App,Occasional
O005133,C1020,2023-07-17,Home & Kitchen,1,100.55,100.55,42.23,0.0,False,North,App,Regular
O004656,C0932,2023-06-24,Electronics,1,133.5,133.5,29.37,13.35,False,West,Retail,Regular
O001794,C0343,2024-11-30,Clothing,2,18.27,47.51,26.13,0.0,False,Central,App,Premium
O006982,C1394,2023-08-05,Clothing,1,48.62,48.62,26.74,9.72,False,East,Online,Regular
O008513,C1713,2024-07-06,Clothing,3,70.52,211.57,116.36,31.74,False,East,Online,Premium
O000261,C0050,2024-04-30,Electronics,1,335.86,335.86,73.89,0.0,True,North,App,Premium
O008093,C1614,2024-04-07,Beauty,2,53.61,107.21,66.47,16.08,False,West,Online,Regular
O006437,C1285,2023-07-27,Clothing,1,101.24,101.24,55.68,20.25,False,East,Online,Premium
O008032,C1594,2023-10-14,Beauty,1,51.35,51.35,31.84,5.14,False,East,Online,Regular
O001215,C0230,2024-06-22,Electronics,2,204.98,409.97,90.19,81.99,False,East,App,Premium
O009540,C1920,2024-10-25,Home & Kitchen,1,61.73,61.73,25.93,12.35,True,East,Online,Regular
O005996,C1186,2024-08-01,Home & Kitchen,1,97.47,97.47,40.94,0.0,False,East,App,Premium
O008297,C1660,2023-02-20,Electronics,1,341.59,290.35,63.88,14.52,False,East,Online,Premium
O009736,C1947,2024-08-27,Electronics,1,262.34,262.34,57.71,52.47,False,West,Online,Premium
O001107,C0211,2023-06-18,Sports,2,163.42,326.84,124.2,16.34,False,North,Online,Premium
O009014,C1815,2024-12-23,Beauty,2,63.39,164.8,102.18,8.24,False,East,Online,Regular
O007353,C1456,2023-08-10,Clothing,1,61.18,61.18,33.65,0.0,False,East,Online,Regular
O008626,C1737,2023-02-19,Home & Kitchen,2,76.45,129.96,54.58,13.0,False,East,Online,Regular
O008515,C1713,2023-01-07,Beauty,1,48.45,41.18,25.53,4.12,True,East,Online,Premium
O008442,C1701,2023-05-17,Clothing,1,123.8,123.8,68.09,6.19,True,West,Retail,Regular
O007332,C1454,2023-07-24,Sports,1,18.9,18.9,7.18,2.83,False,West,Online,Premium
O007415,C1466,2024-10-24,Beauty,1,6.76,6.76,4.19,0.0,False,East,Online,Premium
O000960,C0185,2024-03-15,Home & Kitchen,1,158.72,158.72,66.66,0.0,False,East,App,Regular
O009481,C1903,2023-09-05,Beauty,1,71.74,71.74,44.48,7.17,False,West,Online,Regular
O003567,C0712,2023-05-23,Sports,1,113.39,113.39,43.09,17.01,True,South,Online,Premium
O007557,C1496,2023-12-21,Electronics,1,292.22,379.88,83.57,18.99,False,North,Online,Occasional
O001026,C0197,2023-01-31,Home & Kitchen,3,192.93,491.98,206.63,0.0,False,West,Online,Premium
O004818,C0960,2023-05-14,Beauty,1,40.0,40.0,24.8,8.0,False,Central,App,Premium
O003983,C0804,2023-09-17,Clothing,2,50.48,100.97,55.53,10.1,False,East,App,Regular
O004510,C0908,2024-11-17,Home & Kitchen,1,248.49,323.04,135.68,16.15,False,North,Retail,Regular
O007806,C1547,2023-05-16,Electronics,1,604.35,604.35,132.96,0.0,False,West,App,Regular
O000936,C0179,2023-05-04,Clothing,2,13.44,26.88,14.78,5.38,False,East,Retail,Premium
O003005,C0593,2023-04-26,Electronics,1,94.21,94.21,20.73,0.0,False,South,Retail,Regular
O009299,C1865,2023-02-12,Beauty,1,44.4,37.74,23.4,3.77,False,East,App,Premium
O000768,C0141,2023-06-18,Electronics,1,372.79,372.79,82.01,55.92,False,West,App,Premium
O006862,C1371,2024-07-18,Beauty,1,35.03,35.03,21.72,0.0,False,North,Retail,Premium
O000835,C0152,2023-02-03,Sports,1,89.11,75.74,28.78,0.0,False,South,Online,Premium
O006214,C1228,2023-05-12,Electronics,1,491.68,491.68,108.17,73.75,False,East,Online,Regular
O009521,C1916,2024-09-04,Clothing,1,38.66,38.66,21.26,1.93,False,South,App,Regular
O000048,C0008,2024-07-10,Beauty,2,50.75,101.5,62.93,5.08,False,West,Online,Premium
O002973,C0585,2023-02-21,Clothing,1,17.9,15.21,8.37,0.0,False,North,Retail,Regular
O007742,C1537,2023-01-31,Beauty,1,22.29,18.95,11.75,0.0,False,East,Online,Premium
O000039,C0006,2024-12-13,Electronics,1,416.39,541.3,119.09,27.06,False,South,Online,Premium
O003808,C0768,2024-04-22,Home & Kitchen,1,30.89,30.89,12.97,0.0,False,West,App,Premium
O001141,C0218,2023-03-18,Sports,1,174.36,174.36,66.26,0.0,False,South,App,Premium
O002060,C0399,2024-03-17,Sports,1,125.65,125.65,47.75,12.57,False,West,Online,Regular
O007903,C1563,2024-05-25,Sports,1,20.33,20.33,7.73,1.02,False,East,Online,Regular
O000825,C0150,2023-07-19,Beauty,1,79.59,79.59,49.35,15.92,False,West,App,Occasional
O000718,C0132,2024-03-09,Clothing,1,101.54,101.54,55.85,20.31,False,South,App,Premium
O008086,C1613,2024-06-09,Beauty,1,35.85,35.85,22.23,7.17,False,East,Online,Occasional
O007218,C1437,2023-02-06,Sports,1,99.3,84.4,32.07,16.88,False,North,Online,Premium
O004113,C0825,2024-05-18,Beauty,1,46.35,46.35,28.74,9.27,False,North,Online,Premium
O002782,C0552,2023-05-07,Beauty,1,35.74,35.74,22.16,0.0,False,West,Partner,Premium
O002088,C0401,2024-07-02,Clothing,1,92.28,92.28,50.75,4.61,False,North,Partner,Premium
O004124,C0829,2023-02-11,Beauty,1,31.91,27.13,16.82,1.36,False,North,Online,Regular
O003954,C0798,2024-06-21,Beauty,1,34.14,34.14,21.17,0.0,False,Central,Online,Premium
O002998,C0591,2024-09-23,Home & Kitchen,1,80.38,80.38,33.76,0.0,False,Central,Online,Regular
O007800,C1546,2023-07-17,Clothing,1,46.61,46.61,25.64,9.32,False,West,Online,Premium
O004780,C0956,2023-08-13,Home & Kitchen,1,37.02,37.02,15.55,0.0,False,East,Partner,Regular
O003920,C0791,2023-03-07,Electronics,1,350.3,350.3,77.07,52.54,False,West,Online,Regular
O003986,C0804,2024-01-07,Sports,1,133.67,113.62,43.18,22.72,False,East,App,Regular
O003455,C0689,2024-01-30,Home & Kitchen,2,84.83,144.21,60.57,21.63,False,West,Retail,Regular
O006726,C1340,2024-11-26,Electronics,1,171.23,222.6,48.97,11.13,False,West,Partner,Premium
O003735,C0754,2023-04-12,Sports,1,200.77,200.77,76.29,0.0,False,South,Online,Occasional
O002115,C0405,2024-09-06,Home & Kitchen,1,59.91,59.91,25.16,3.0,False,Central,Online,Premium
O006126,C1207,2023-01-11,Sports,1,142.3,120.95,45.96,12.1,True,Central,App,Regular
O007859,C1556,2023-10-09,Electronics,1,449.93,449.93,98.98,44.99,False,West,Online,Regular
O006644,C1325,2024-10-17,Beauty,1,22.6,22.6,14.01,4.52,False,West,App,Premium
O001997,C0380,2024-02-20,Clothing,1,130.19,110.66,60.86,0.0,False,Central,App,Regular
O007809,C1548,2024-04-17,Home & Kitchen,1,92.73,92.73,38.95,4.64,False,South,Retail,Regular
O004948,C0988,2023-03-13,Home & Kitchen,1,70.29,70.29,29.52,3.51,False,East,App,Occasional
O004401,C0887,2024-04-01,Clothing,1,14.6,14.6,8.03,2.19,False,Central,Online,Premium
O000172,C0035,2024-08-08,Clothing,1,79.02,79.02,43.46,3.95,False,North,App,Regular
O003988,C0805,2024-07-01,Clothing,3,38.1,114.29,62.86,22.86,False,Central,Retail,Regular
O000917,C0172,2023-06-12,Home & Kitchen,1,62.73,62.73,26.35,12.55,False,South,Retail,Occasional
O002317,C0457,2024-01-01,Sports,1,90.89,77.26,29.36,15.45,False,South,Retail,Premium
O005145,C1023,2024-09-12,Electronics,1,232.7,232.7,51.19,0.0,False,South,App,Premium
O006752,C1349,2024-08-19,Beauty,1,45.12,45.12,27.97,0.0,False,West,Partner,Premium
O009991,C1991,2024-03-16,Sports,1,181.22,181.22,68.86,0.0,False,East,Partner,Premium
O005413,C1085,2023-02-23,Sports,1,172.81,146.89,55.82,0.0,False,South,Retail,Premium
O006614,C1319,2023-01-29,Electronics,1,116.33,98.88,21.75,9.89,False,North,Online,Regular
O002766,C0549,2024-10-23,Electronics,1,293.1,293.1,64.48,14.66,False,East,Retail,Premium
O000422,C0085,2023-09-18,Home & Kitchen,1,31.39,31.39,13.18,6.28,False,West,Online,Premium
O003420,C0681,2023-01-15,Sports,1,47.46,40.34,15.33,6.05,False,South,Online,Occasional
O008363,C1682,2023-08-15,Beauty,1,43.28,43.28,26.83,4.33,False,West,Online,Occasional
O002761,C0549,2023-06-20,Home & Kitchen,1,60.28,60.28,25.32,3.01,False,East,Retail,Premium
O000525,C0101,2023-10-17,Sports,2,156.13,312.26,118.66,15.61,False,East,Online,Premium
O001935,C0373,2024-01-04,Beauty,1,23.46,19.94,12.36,0.0,False,East,Partner,Regular
O000068,C0012,2023-12-02,Beauty,1,50.26,65.34,40.51,9.8,False,Central,Retail,Regular
O000802,C0147,2023-11-01,Clothing,2,96.86,251.83,138.51,25.18,False,East,App,Premium
O007593,C1506,2024-05-28,Clothing,1,31.4,31.4,17.27,6.28,True,North,Online,Regular
O007664,C1522,2023-06-29,Sports,1,158.79,158.79,60.34,0.0,False,North,App,Premium
O006611,C1318,2023-12-29,Home & Kitchen,1,45.8,59.54,25.01,2.98,False,East,Retail,Regular
O000234,C0044,2023-12-14,Beauty,2,106.87,277.86,172.27,27.79,False,South,Online,Premium
O003101,C0611,2024-08-14,Beauty,1,58.91,58.91,36.52,2.95,False,North,App,Regular
O007998,C1587,2023-10-03,Home & Kitchen,2,5.0,10.0,4.2,0.0,True,North,Online,Regular
O004202,C0844,2024-10-24,Beauty,1,24.5,24.5,15.19,2.45,False,South,App,Regular
O003720,C0748,2023-01-30,Sports,1,46.31,39.36,14.96,0.0,False,South,Partner,Occasional
O006159,C1214,2024-07-09,Sports,1,5.0,5.0,1.9,0.25,False,East,Retail,Premium
O006382,C1272,2023-04-18,Electronics,1,455.0,455.0,100.1,0.0,False,North,Online,Regular
O001721,C0330,2023-07-01,Home & Kitchen,1,40.16,40.16,16.87,6.02,True,West,App,Regular
O008207,C1637,2024-10-14,Electronics,1,479.16,479.16,105.42,0.0,False,East,App,Premium
O006815,C1362,2024-10-27,Electronics,1,554.28,554.28,121.94,0.0,True,South,Partner,Premium
O009741,C1947,2024-03-25,Clothing,2,92.62,185.24,101.88,0.0,False,West,Online,Premium
O001413,C0266,2024-08-31,Clothing,1,53.4,53.4,29.37,2.67,False,South,Online,Regular
O003931,C0794,2024-05-12,Sports,2,242.76,485.52,184.5,48.55,False,South,Online,Occasional
O005479,C1096,2024-06-30,Clothing,1,68.51,68.51,37.68,3.43,False,East,Retail,Premium
O003232,C0639,2024-03-27,Beauty,1,48.08,48.08,29.81,0.0,False,East,Online,Occasional
O001804,C0343,2024-12-27,Home & Kitchen,1,10.05,13.06,5.49,0.0,False,Central,App,Premium
O003973,C0800,2023-09-10,Home & Kitchen,1,197.3,197.3,82.87,0.0,True,East,Online,Premium
O007364,C1457,2024-04-29,Sports,2,18.34,36.67,13.93,0.0,False,South,Retail,Regular
O001667,C0319,2024-05-25,Beauty,1,36.47,36.47,22.61,1.82,False,West,App,Regular
O001243,C0234,2023-05-25,Electronics,1,372.21,372.21,81.89,0.0,False,South,Online,Regular
O000893,C0162,2024-08-18,Sports,2,5.0,10.0,3.8,0.0,False,South,App,Regular
O000210,C0041,2023-09-04,Beauty,2,70.29,140.58,87.16,0.0,False,East,App,Premium
O009660,C1938,2023-04-05,Clothing,2,63.62,127.24,69.98,12.72,False,South,Partner,Premium
O004230,C0852,2023-11-18,Home & Kitchen,1,5.0,6.5,2.73,0.65,False,North,App,Regular
O002480,C0486,2023-07-16,Electronics,1,216.49,216.49,47.63,0.0,False,West,App,Regular
O003082,C0606,2024-11-17,Beauty,1,45.5,59.15,36.67,0.0,False,South,App,Regular
O004896,C0979,2024-02-18,Sports,2,122.58,208.38,79.18,10.42,False,East,App,Premium
O009251,C1855,2023-10-01,Clothing,2,74.78,149.56,82.26,0.0,False,East,App,Premium
O003296,C0653,2024-11-25,Home & Kitchen,1,167.25,217.42,91.32,43.48,False,West,Partner,Premium
O004393,C0886,2024-02-16,Electronics,1,241.41,205.2,45.14,30.78,False,West,Online,Occasional
O003026,C0595,2023-12-17,Home & Kitchen,1,109.34,142.14,59.7,14.21,False,North,App,Regular
O007188,C1431,2024-02-13,Electronics,1,504.19,428.56,94.28,0.0,False,West,Online,Regular
O001834,C0347,2024-01-26,Home & Kitchen,1,109.12,92.75,38.96,18.55,False,West,Retail,Regular
O008770,C1762,2023-08-02,Electronics,1,427.23,427.23,93.99,21.36,False,East,Partner,Premium
O003665,C0732,2024-12-02,Home & Kitchen,1,72.89,94.75,39.8,14.21,False,West,App,Regular
O009673,C1939,2023-02-23,Electronics,1,306.94,260.9,57.4,26.09,False,West,Online,Regular
O000256,C0049,2023-12-06,Sports,1,133.33,173.32,65.86,26.0,False,Central,App,Regular
O007170,C1427,2024-03-11,Sports,1,82.59,82.59,31.38,0.0,False,South,Online,Regular
O000118,C0024,2024-07-09,Clothing,2,119.34,238.69,131.28,0.0,False,North,App,Premium
O003529,C0706,2023-10-23,Home & Kitchen,1,83.1,83.1,34.9,16.62,False,East,Online,Premium
O002121,C0405,2024-09-20,Beauty,1,37.69,37.69,23.37,5.65,True,Central,Online,Premium
O003419,C0680,2024-04-18,Sports,1,241.15,241.15,91.64,0.0,False,North,Online,Occasional
O002878,C0568,2024-10-14,Clothing,2,74.79,149.59,82.27,0.0,False,East,Partner,Premium
O009865,C1968,2023-06-05,Clothing,1,97.38,97.38,53.56,0.0,False,East,Partner,Regular
O007243,C1442,2023-11-28,Clothing,2,32.07,83.37,45.85,4.17,False,North,Retail,Regular
O006916,C1383,2023-01-16,Home & Kitchen,1,7.59,6.45,2.71,0.0,False,South,Partner,Regular
O005339,C1063,2023-04-29,Home & Kitchen,1,52.68,52.68,22.13,5.27,False,North,Online,Premium
O004600,C0925,2023-04-02,Clothing,1,10.06,10.06,5.53,0.5,False,West,Partner,Premium
O008892,C1792,2024-03-10,Clothing,1,51.57,51.57,28.36,2.58,False,East,Online,Premium
O004442,C0894,2023-05-24,Sports,2,40.46,80.93,30.75,12.14,False,South,Online,Regular
O009568,C1926,2023-03-13,Sports,1,66.37,66.37,25.22,0.0,False,North,Retail,Regular
O003997,C0806,2024-10-08,Home & Kitchen,1,193.88,193.88,81.43,0.0,False,West,Online,Regular
O009599,C1929,2024-09-16,Sports,1,39.59,39.59,15.04,0.0,False,East,App,Premium
O008183,C1633,2024-01-09,Electronics,1,65.38,55.57,12.23,0.0,False,West,App,Regular
O006319,C1252,2024-10-22,Electronics,2,600.22,1200.43,264.09,120.04,False,Central,Partner,Regular
O002389,C0468,2024-02-06,Sports,2,131.19,223.02,84.75,0.0,False,West,App,Premium
O002668,C0532,2023-06-10,Beauty,1,41.44,41.44,25.69,0.0,False,Central,Online,Regular
O000722,C0132,2024-02-15,Home & Kitchen,1,98.02,83.31,34.99,8.33,False,South,App,Premium
O005407,C1083,2024-11-25,Sports,1,100.15,130.19,49.47,26.04,False,West,Partner,Premium
O008065,C1604,2023-09-19,Home & Kitchen,1,27.75,27.75,11.66,2.78,False,Central,Online,Regular
O001232,C0231,2023-11-11,Electronics,1,5.0,6.5,1.43,0.98,False,North,App,Premium
O009069,C1826,2024-05-11,Sports,1,73.3,73.3,27.85,0.0,False,East,Online,Regular
O008589,C1731,2023-09-10,Electronics,1,63.35,63.35,13.94,0.0,False,North,Online,Regular
O001843,C0348,2023-07-17,Electronics,1,193.91,193.91,42.66,0.0,False,South,App,Regular
O003286,C0651,2024-07-07,Sports,1,60.15,60.15,22.86,9.02,False,East,App,Occasional
O008002,C1587,2023-12-08,Electronics,1,317.21,412.38,90.72,61.86,False,North,Online,Regular
O009253,C1855,2023-07-12,Clothing,1,98.19,98.19,54.0,0.0,False,East,App,Premium
O006967,C1391,2024-08-07,Clothing,2,114.8,229.6,126.28,0.0,False,Central,Online,Regular
O007290,C1448,2024-05-26,Electronics,3,210.01,630.04,138.61,0.0,False,North,App,Premium
O008505,C1713,2023-08-09,Home & Kitchen,1,188.74,188.74,79.27,28.31,False,East,Online,Premium
O002624,C0523,2023-02-25,Beauty,1,44.84,38.11,23.63,0.0,False,South,Online,Premium
O001129,C0214,2024-07-17,Clothing,2,58.33,116.65,64.16,0.0,False,East,Online,Regular
O001224,C0231,2024-10-16,Home & Kitchen,1,91.87,91.87,38.59,4.59,False,North,App,Premium
O005819,C1147,2023-11-14,Electronics,1,312.9,406.77,89.49,0.0,False,South,Online,Premium
O001625,C0311,2024-03-24,Sports,1,106.8,106.8,40.58,0.0,False,West,Online,Regular
O002378,C0467,2023-01-09,Sports,1,68.52,58.24,22.13,0.0,False,East,Online,Regular
O003678,C0737,2024-07-26,Sports,2,134.32,268.63,102.08,26.86,False,South,Retail,Regular
O001979,C0378,2023-02-13,Beauty,2,41.64,70.78,43.88,10.62,False,South,Online,Regular
O009478,C1903,2024-06-05,Sports,1,75.05,75.05,28.52,3.75,False,West,Online,Regular
O000420,C0085,2023-11-12,Sports,1,126.15,163.99,62.32,24.6,False,West,Online,Premium
O006684,C1333,2024-03-11,Home & Kitchen,2,60.97,121.93,51.21,0.0,False,East,Partner,Regular
O009729,C1946,2023-11-03,Beauty,1,89.84,116.79,72.41,0.0,False,Central,App,Regular
O004844,C0963,2023-11-26,Clothing,1,66.87,86.93,47.81,13.04,False,East,App,Regular
O006618,C1319,2023-11-06,Sports,2,68.49,178.08,67.67,35.62,False,North,Online,Regular
O001507,C0287,2023-11-20,Home & Kitchen,1,129.3,168.09,70.6,33.62,False,West,App,Premium
O005442,C1090,2024-08-30,Sports,1,16.67,16.67,6.33,0.0,False,North,App,Regular
O004827,C0961,2024-07-02,Electronics,1,572.47,572.47,125.94,0.0,False,North,App,Premium
O000438,C0086,2023-03-24,Electronics,1,392.05,392.05,86.25,58.81,True,Central,App,Regular
O007405,C1466,2024-01-19,Electronics,2,500.01,850.01,187.0,0.0,False,East,Online,Premium
O000037,C0006,2024-10-20,Sports,1,166.15,166.15,63.14,0.0,False,South,Online,Premium
O009976,C1990,2024-03-03,Home & Kitchen,1,18.38,18.38,7.72,0.92,False,South,Partner,Regular
O006589,C1314,2024-02-13,Electronics,2,440.13,748.22,164.61,0.0,False,South,App,Regular
O003025,C0595,2024-03-21,Electronics,1,176.42,176.42,38.81,17.64,False,North,App,Regular
O002754,C0549,2023-02-10,Clothing,2,91.09,154.85,85.17,15.48,False,East,Retail,Premium
O001675,C0322,2023-04-04,Beauty,2,63.63,127.26,78.9,25.45,False,West,Online,Regular
O001050,C0199,2023-09-12,Beauty,1,69.46,69.46,43.07,3.47,False,West,Online,Premium
O007236,C1441,2023-01-16,Sports,1,61.15,51.98,19.75,7.8,False,West,App,Regular
O008792,C1766,2024-09-30,Sports,2,152.19,304.38,115.66,15.22,False,South,App,Premium
O009259,C1855,2024-12-20,Electronics,1,349.68,454.58,100.01,22.73,False,East,App,Premium
O006363,C1267,2023-02-10,Clothing,1,50.64,43.05,23.68,0.0,False,South,Online,Occasional
O008037,C1595,2024-07-04,Sports,1,72.51,72.51,27.55,0.0,False,West,Retail,Occasional
O007937,C1573,2023-02-22,Clothing,1,33.28,28.29,15.56,0.0,False,South,Retail,Occasional
O004167,C0837,2024-09-08,Home & Kitchen,2,197.44,394.88,165.85,19.74,False,West,Retail,Regular
O009603,C1929,2024-11-18,Sports,2,247.95,644.67,244.97,0.0,False,East,App,Premium
O004986,C0996,2023-09-13,Home & Kitchen,1,137.18,137.18,57.62,0.0,False,North,Retail,Regular
O009802,C1957,2023-02-08,Sports,1,107.8,91.63,34.82,0.0,False,West,App,Regular
O000122,C0024,2024-10-15,Beauty,1,36.47,36.47,22.61,0.0,False,North,App,Premium
O007299,C1450,2023-01-14,Beauty,1,21.88,18.59,11.53,0.0,False,East,Online,Regular
O006014,C1191,2024-01-27,Sports,1,234.58,199.39,75.77,9.97,False,South,App,Regular
O002529,C0498,2024-01-20,Beauty,1,51.04,43.38,26.9,8.68,False,East,App,Regular
O004725,C0944,2024-09-05,Beauty,3,54.13,162.4,100.69,32.48,False,North,Partner,Regular
O006631,C1323,2023-12-08,Electronics,2,302.77,787.19,173.18,78.72,False,North,App,Premium
O006185,C1223,2024-04-10,Sports,1,131.65,131.65,50.03,13.16,True,West,Online,Regular
O002855,C0564,2024-12-06,Sports,3,109.82,428.3,162.75,42.83,False,West,App,Premium
O000708,C0130,2024-07-17,Sports,1,154.17,154.17,58.58,0.0,False,Central,Online,Regular
O004712,C0940,2024-01-22,Sports,2,62.15,105.66,40.15,0.0,False,Central,Retail,Regular
O008471,C1707,2023-08-29,Home & Kitchen,1,95.89,95.89,40.27,0.0,False,North,Retail,Regular
O001951,C0376,2024-08-18,Clothing,2,76.81,153.61,84.49,15.36,False,West,App,Premium
O004912,C0981,2024-12-15,Sports,1,48.0,62.4,23.71,3.12,False,North,Online,Regular
O005021,C1002,2024-11-03,Beauty,1,39.01,50.71,31.44,0.0,False,East,App,Premium
O009686,C1940,2024-01-13,Sports,1,164.26,139.62,53.06,20.94,False,North,App,Premium
O001429,C0267,2024-06-09,Clothing,1,41.88,41.88,23.03,0.0,False,South,App,Premium
O002581,C0516,2023-06-06,Beauty,1,61.54,61.54,38.15,0.0,True,South,Partner,Occasional
O000178,C0036,2023-09-08,Home & Kitchen,1,44.86,44.86,18.84,8.97,False,North,Online,Regular
O007259,C1445,2024-02-08,Clothing,1,125.19,106.41,58.53,0.0,False,West,Online,Premium
O004819,C0960,2023-07-14,Clothing,1,42.57,42.57,23.41,0.0,False,Central,App,Premium
O002291,C0449,2024-01-07,Sports,1,69.77,59.31,22.54,8.9,False,North,Online,Regular
O006673,C1332,2024-12-17,Sports,1,133.58,173.66,65.99,17.37,False,East,Online,Premium
O005617,C1119,2023-12-03,Electronics,1,445.51,579.16,127.42,0.0,True,North,App,Premium
O005334,C1063,2023-09-23,Home & Kitchen,1,139.15,139.15,58.44,0.0,False,North,Online,Premium
O005577,C1112,2023-05-20,Home & Kitchen,1,212.9,212.9,89.42,10.65,False,North,Partner,Premium
O008752,C1759,2023-09-14,Home & Kitchen,1,146.89,146.89,61.69,0.0,False,South,Online,Premium
O004502,C0906,2024-04-05,Home & Kitchen,1,131.08,131.08,55.05,19.66,False,West,Online,Occasional
O007067,C1408,2024-10-26,Home & Kitchen,1,103.72,103.72,43.56,5.19,False,West,Online,Premium
O002358,C0463,2024-12-11,Clothing,1,80.24,104.31,57.37,15.65,False,South,Online,Regular
O002758,C0549,2024-03-26,Beauty,2,36.65,73.31,45.45,3.67,False,East,Retail,Premium
O005451,C1091,2024-12-18,Clothing,1,98.17,127.62,70.19,0.0,False,North,Retail,Regular
O006244,C1235,2023-09-24,Beauty,1,14.55,14.55,9.02,2.18,False,North,Partner,Regular
O005128,C1019,2024-01-26,Beauty,1,47.8,40.63,25.19,4.06,False,West,App,Regular
O007826,C1550,2024-07-04,Beauty,1,33.38,33.38,20.7,0.0,False,East,App,Regular
O007171,C1427,2023-06-30,Electronics,2,253.32,506.65,111.46,25.33,False,South,Online,Regular
O003112,C0613,2024-06-23,Sports,1,79.57,79.57,30.24,15.91,False,North,Online,Occasional
O006692,C1334,2024-03-31,Home & Kitchen,1,148.36,148.36,62.31,0.0,False,North,Retail,Regular
O004744,C0950,2024-05-07,Electronics,1,415.99,415.99,91.52,62.4,False,North,Partner,Premium
O006840,C1367,2024-07-03,Electronics,1,153.61,153.61,33.79,15.36,False,North,Online,Regular
O009582,C1927,2024-09-25,Beauty,1,69.76,69.76,43.25,6.98,False,North,App,Regular
O005509,C1101,2024-01-17,Clothing,1,89.18,75.8,41.69,7.58,False,Central,Online,Premium
O009408,C1888,2023-01-25,Beauty,1,56.34,47.89,29.69,2.39,False,East,App,Regular
O000305,C0059,2024-01-24,Sports,1,131.05,111.39,42.33,5.57,True,Central,Online,Premium
O005360,C1069,2023-05-31,Electronics,1,5.0,5.0,1.1,0.5,False,South,Online,Regular
O002646,C0529,2023-10-05,Beauty,1,49.64,49.64,30.78,0.0,False,Central,App,Premium
O000605,C0111,2023-02-13,Home & Kitchen,1,31.85,27.07,11.37,0.0,False,Central,Online,Regular
O010018,C1996,2024-03-12,Sports,1,139.24,139.24,52.91,0.0,False,East,Retail,Premium
O001436,C0268,2023-11-09,Sports,1,165.42,215.05,81.72,32.26,False,Central,App,Premium
O009946,C1985,2023-06-01,Beauty,1,73.47,73.47,45.55,0.0,False,South,Partner,Premium
O007858,C1556,2023-09-22,Clothing,1,95.86,95.86,52.72,9.59,False,West,Online,Regular
O003329,C0661,2024-07-20,Clothing,1,91.14,91.14,50.13,0.0,False,West,App,Regular
O006845,C1368,2023-02-28,Beauty,1,25.77,21.91,13.58,0.0,False,Central,App,Regular
O009463,C1898,2023-09-10,Electronics,1,475.92,475.92,104.7,71.39,False,East,App,Regular
O000971,C0187,2023-07-13,Clothing,1,62.91,62.91,34.6,9.44,False,Central,App,Occasional
O004566,C0921,2024-04-20,Clothing,1,56.09,56.09,30.85,5.61,False,East,Online,Regular
O002124,C0406,2023-02-28,Sports,1,52.89,44.95,17.08,8.99,True,Central,Online,Occasional
O005396,C1080,2024-12-27,Beauty,2,5.0,13.0,8.06,0.0,False,South,Online,Regular
O005930,C1174,2023-05-27,Clothing,1,95.27,95.27,52.4,4.76,False,West,Retail,Premium
O002856,C0564,2024-12-24,Home & Kitchen,1,117.61,152.9,64.22,0.0,True,West,App,Premium
O008549,C1719,2024-09-12,Electronics,1,180.29,180.29,39.66,0.0,False,East,Online,Regular
O006550,C1308,2023-11-13,Beauty,1,71.72,93.24,57.81,0.0,False,West,App,Premium
O006547,C1308,2023-12-24,Beauty,2,58.35,151.71,94.06,0.0,False,West,App,Premium
O000807,C0148,2023-04-30,Clothing,1,67.84,67.84,37.31,0.0,False,South,Online,Regular
O006071,C1199,2023-06-08,Home & Kitchen,1,123.41,123.41,51.83,24.68,False,West,App,Regular
O009409,C1888,2024-05-23,Clothing,1,65.23,65.23,35.88,0.0,False,East,App,Regular
O004962,C0992,2023-07-30,Clothing,3,17.27,51.8,28.49,0.0,False,East,Partner,Regular
O008681,C1747,2024-12-12,Sports,1,172.65,224.44,85.29,11.22,False,West,Online,Premium
O002347,C0462,2023-01-08,Sports,1,122.32,103.97,39.51,10.4,False,West,Online,Regular
O009257,C1855,2024-07-30,Sports,1,58.21,58.21,22.12,11.64,False,East,App,Premium
O000358,C0071,2023-12-12,Home & Kitchen,2,103.38,268.79,112.89,53.76,False,East,Retail,Premium
O000335,C0065,2023-04-02,Sports,1,107.33,107.33,40.79,16.1,True,South,Retail,Regular
O002759,C0549,2023-11-08,Electronics,1,255.24,331.81,73.0,66.36,False,East,Retail,Premium
O003507,C0701,2023-10-28,Clothing,1,104.89,104.89,57.69,5.24,False,West,App,Regular
O006496,C1298,2024-11-28,Home & Kitchen,1,85.03,110.54,46.43,0.0,False,West,Online,Premium
O004251,C0856,2024-12-08,Clothing,1,146.68,190.69,104.88,28.6,True,West,Online,Regular
O006626,C1323,2023-01-07,Sports,1,151.65,128.9,48.98,6.44,False,North,App,Premium
O009816,C1959,2024-06-23,Beauty,1,77.64,77.64,48.14,0.0,False,South,Online,Regular
O006729,C1340,2023-08-31,Sports,2,140.05,280.1,106.44,0.0,False,West,Partner,Premium
O003581,C0713,2024-11-18,Home & Kitchen,1,105.7,137.41,57.71,0.0,False,East,Online,Premium
O001845,C0350,2023-04-09,Home & Kitchen,2,100.08,200.16,84.07,0.0,False,East,Online,Premium
O009461,C1898,2024-06-09,Beauty,1,47.11,47.11,29.21,0.0,False,East,App,Regular
O007268,C1447,2023-12-07,Beauty,1,46.52,60.48,37.5,0.0,False,Central,Online,Regular
O008702,C1751,2024-09-03,Home & Kitchen,1,146.71,146.71,61.62,29.34,False,South,App,Regular
O001836,C0347,2023-09-20,Sports,2,117.79,235.58,89.52,23.56,False,West,Retail,Regular
O003615,C0722,2023-07-10,Clothing,1,93.29,93.29,51.31,18.66,False,East,Retail,Regular
O003769,C0761,2024-11-05,Clothing,1,104.49,135.83,74.71,20.37,False,North,App,Occasional
O006355,C1264,2024-08-13,Beauty,1,17.66,17.66,10.95,0.0,False,South,Online,Regular
O002260,C0442,2024-04-05,Beauty,1,44.43,44.43,27.55,6.66,False,East,App,Regular
O002707,C0539,2024-02-26,Electronics,1,547.2,465.12,102.33,0.0,False,South,Online,Regular
O000064,C0011,2024-03-16,Clothing,1,30.44,30.44,16.74,3.04,False,East,App,Regular
O008389,C1688,2023-01-27,Sports,1,63.83,54.25,20.62,0.0,False,East,App,Regular
O007002,C1397,2024-03-27,Home & Kitchen,2,114.79,229.58,96.42,0.0,False,West,Online,Premium
O002377,C0467,2024-03-24,Beauty,1,58.7,58.7,36.39,8.8,False,East,Online,Regular
O007319,C1452,2024-09-20,Home & Kitchen,1,165.4,165.4,69.47,24.81,True,West,Partner,Regular
O005637,C1121,2024-03-25,Home & Kitchen,1,196.46,196.46,82.51,0.0,False,Central,Online,Premium
O009763,C1952,2023-05-30,Electronics,1,5.0,5.0,1.1,0.75,False,North,App,Regular
O003500,C0698,2023-03-20,Electronics,1,264.44,264.44,58.18,0.0,False,West,Partner,Premium
O001588,C0306,2023-04-02,Sports,1,148.65,148.65,56.49,0.0,False,North,Online,Regular
O009239,C1853,2023-08-09,Sports,1,179.29,179.29,68.13,0.0,False,East,Retail,Regular
O005990,C1185,2023-01-12,Electronics,2,295.28,501.98,110.44,100.4,False,West,Online,Regular
O006796,C1356,2023-09-25,Sports,1,74.59,74.59,28.34,0.0,False,West,Online,Regular
O002451,C0479,2024-07-21,Beauty,2,84.09,168.19,104.28,0.0,False,South,Online,Regular
O004102,C0825,2024-03-19,Electronics,1,558.28,558.28,122.82,0.0,False,North,Online,Premium
O000090,C0017,2024-08-03,Sports,1,5.0,5.0,1.9,0.0,False,West,App,Premium
O001031,C0197,2023-03-20,Home & Kitchen,1,5.27,5.27,2.21,0.26,False,West,Online,Premium
O000440,C0086,2024-07-06,Home & Kitchen,2,135.27,270.54,113.63,0.0,False,Central,App,Regular
O008125,C1624,2024-11-04,Clothing,1,73.65,95.75,52.66,0.0,False,Central,Online,Regular
O007875,C1558,2024-01-29,Electronics,1,38.72,32.91,7.24,0.0,False,West,App,Premium
O006025,C1194,2024-06-12,Home & Kitchen,1,80.31,80.31,33.73,12.05,False,East,Online,Premium
O006535,C1304,2023-05-26,Beauty,2,32.98,65.96,40.9,0.0,False,West,App,Regular
O006669,C1329,2023-01-23,Home & Kitchen,1,41.33,35.13,14.75,0.0,False,West,App,Regular
O001447,C0270,2024-11-09,Home & Kitchen,1,122.85,159.71,67.08,31.94,False,South,Retail,Regular
O004030,C0816,2023-05-17,Sports,3,54.72,164.15,62.38,0.0,False,East,Online,Regular
O002004,C0382,2024-10-20,Sports,1,112.69,112.69,42.82,0.0,False,East,App,Occasional
O001867,C0352,2024-02-19,Clothing,1,54.28,46.14,25.38,2.31,False,South,Online,Regular
O004613,C0926,2024-04-15,Home & Kitchen,1,121.75,121.75,51.14,12.18,False,South,Retail,Premium
O002103,C0403,2023-08-24,Beauty,1,64.09,64.09,39.74,3.2,False,North,App,Regular
O006791,C1356,2024-12-15,Sports,2,208.22,541.38,205.72,0.0,False,West,Online,Regular
O002507,C0491,2024-11-03,Sports,1,134.83,175.28,66.61,0.0,False,West,Retail,Premium
O000291,C0056,2024-12-10,Sports,2,35.45,92.16,35.02,0.0,False,East,App,Regular
O006749,C1349,2023-06-15,Clothing,2,70.26,140.51,77.28,7.03,False,West,Partner,Premium
O008872,C1783,2023-06-20,Electronics,1,182.43,182.43,40.13,0.0,True,Central,Online,Regular
O002972,C0584,2024-07-07,Beauty,1,32.13,32.13,19.92,1.61,False,East,Retail,Occasional
O008992,C1812,2024-10-09,Clothing,2,79.45,158.91,87.4,0.0,False,North,Retail,Premium
O002000,C0381,2023-01-07,Home & Kitchen,1,96.61,82.12,34.49,8.21,False,West,Partner,Regular
O004668,C0935,2024-12-10,Clothing,1,90.99,118.28,65.05,17.74,False,South,App,Regular
O002165,C0415,2023-09-07,Beauty,1,31.66,31.66,19.63,6.33,False,East,App,Premium
O000667,C0122,2023-10-26,Electronics,1,468.55,468.55,103.08,23.43,False,South,Retail,Premium
O007987,C1586,2024-11-19,Clothing,1,75.49,98.14,53.98,0.0,False,Central,Online,Premium
O009800,C1957,2023-01-01,Sports,1,127.53,108.4,41.19,0.0,False,West,App,Regular
O008493,C1711,2024-07-26,Beauty,1,66.42,66.42,41.18,9.96,True,East,Online,Premium
O005877,C1167,2024-11-14,Clothing,1,99.96,129.95,71.47,19.49,False,North,Partner,Premium
O001217,C0230,2024-01-18,Beauty,1,52.19,44.36,27.5,6.65,False,East,App,Premium
O008512,C1713,2023-05-28,Beauty,2,49.64,99.27,61.55,19.85,False,East,Online,Premium
O000764,C0141,2024-12-28,Clothing,3,106.21,414.2,227.81,0.0,False,West,App,Premium
O001914,C0366,2023-09-14,Electronics,1,352.94,352.94,77.65,0.0,True,South,Online,Occasional
O006269,C1243,2024-08-03,Electronics,1,347.34,347.34,76.41,52.1,False,West,Online,Regular
O002158,C0415,2023-04-30,Clothing,1,89.59,89.59,49.27,17.92,False,East,App,Premium
O001566,C0299,2023-11-05,Electronics,1,508.98,661.68,145.57,33.08,False,South,App,Regular
O004048,C0819,2023-09-24,Sports,1,90.25,90.25,34.3,0.0,False,West,Retail,Premium
O003977,C0800,2023-11-12,Clothing,1,101.74,132.26,72.74,0.0,False,East,Online,Premium
O003452,C0688,2024-04-20,Home & Kitchen,1,218.18,218.18,91.64,32.73,False,West,App,Regular
O005579,C1112,2024-12-02,Electronics,1,138.56,180.12,39.63,27.02,False,North,Partner,Premium
O005658,C1123,2023-01-22,Sports,1,28.81,24.49,9.31,0.0,False,West,Online,Premium
O005644,C1121,2023-05-17,Sports,1,152.29,152.29,57.87,7.61,False,Central,Online,Premium
O002487,C0490,2023-02-20,Clothing,1,38.85,33.02,18.16,0.0,False,East,Partner,Premium
O007137,C1419,2023-08-14,Beauty,1,5.22,5.22,3.24,0.78,False,East,Retail,Premium
O006059,C1198,2024-09-26,Electronics,2,247.0,494.0,108.68,74.1,False,West,Partner,Premium
O000061,C0011,2024-06-15,Home & Kitchen,1,182.88,182.88,76.81,0.0,False,East,App,Regular
O001097,C0209,2023-08-31,Beauty,1,63.88,63.88,39.61,0.0,False,Central,Retail,Occasional
O006148,C1211,2023-07-15,Electronics,1,161.13,161.13,35.45,24.17,False,East,Online,Regular
O001715,C0329,2024-05-25,Electronics,1,777.58,777.58,171.07,0.0,False,West,Online,Regular
O004981,C0996,2023-12-22,Clothing,1,75.1,97.63,53.7,14.64,False,North,Retail,Regular
O001768,C0337,2024-01-03,Electronics,1,625.6,531.76,116.99,106.35,False,East,App,Regular
O007673,C1524,2024-04-14,Sports,1,19.76,19.76,7.51,0.0,False,East,Online,Regular
O004019,C0812,2023-11-09,Beauty,1,17.66,22.96,14.24,0.0,False,West,App,Regular
O000540,C0103,2024-08-21,Clothing,2,42.29,84.57,46.51,8.46,False,West,App,Premium
O006315,C1251,2023-06-21,Clothing,1,18.31,18.31,10.07,0.0,False,South,Online,Regular
O002127,C0409,2023-01-11,Home & Kitchen,1,151.95,129.16,54.25,0.0,False,East,Online,Regular
O007734,C1535,2024-08-08,Clothing,1,26.17,26.17,14.39,0.0,False,West,Partner,Regular
O001531,C0292,2023-11-16,Sports,1,160.24,208.32,79.16,0.0,False,Central,App,Regular
O009585,C1928,2023-12-29,Home & Kitchen,1,77.92,101.3,42.55,20.26,False,North,App,Regular
O000550,C0104,2024-10-19,Beauty,1,77.54,77.54,48.07,11.63,False,North,App,Premium
O002887,C0569,2023-12-16,Sports,1,22.6,29.38,11.16,1.47,False,South,Online,Premium
O006396,C1277,2024-01-24,Clothing,2,75.12,127.71,70.24,0.0,True,Central,Online,Premium
O007880,C1558,2024-08-21,Home & Kitchen,1,25.6,25.6,10.75,0.0,False,West,App,Premium
O008623,C1737,2024-08-07,Electronics,2,524.36,1048.71,230.72,104.87,False,East,Online,Regular
O009754,C1950,2024-09-04,Electronics,2,359.51,719.03,158.19,0.0,False,West,App,Regular
O006467,C1291,2024-05-20,Electronics,1,249.35,249.35,54.86,24.94,False,West,App,Regular
O000578,C0106,2024-05-29,Home & Kitchen,1,82.43,82.43,34.62,16.49,True,West,Partner,Regular
O005747,C1139,2024-05-30,Sports,3,39.48,118.43,45.0,23.69,True,South,Online,Premium
O007839,C1551,2023-05-30,Electronics,1,630.16,630.16,138.64,126.03,False,North,Online,Regular
O001620,C0310,2023-03-02,Sports,2,208.12,416.25,158.18,83.25,False,East,Retail,Occasional
O007167,C1426,2023-10-22,Home & Kitchen,1,97.18,97.18,40.82,4.86,False,South,Online,Regular
O003495,C0698,2024-11-20,Beauty,2,37.54,97.61,60.52,14.64,False,West,Partner,Premium
O000025,C0005,2024-04-26,Home & Kitchen,1,94.87,94.87,39.85,0.0,False,South,App,Regular
O001301,C0243,2023-10-26,Sports,1,140.21,140.21,53.28,0.0,False,West,Online,Premium
O006145,C1211,2023-06-20,Beauty,3,59.65,178.94,110.94,17.89,False,East,Online,Regular
O008919,C1795,2024-09-19,Beauty,1,54.71,54.71,33.92,0.0,False,West,App,Occasional
O004107,C0825,2024-01-05,Home & Kitchen,1,5.0,4.25,1.78,0.21,False,North,Online,Premium
O006813,C1361,2023-02-06,Sports,1,161.09,136.93,52.03,6.85,True,West,Online,Regular
O004732,C0946,2024-11-22,Sports,1,125.99,163.79,62.24,32.76,False,East,Online,Regular
O006546,C1308,2023-09-29,Clothing,1,51.88,51.88,28.53,7.78,False,West,App,Premium
O008583,C1729,2024-04-10,Sports,1,5.0,5.0,1.9,0.75,False,Central,App,Regular
O001259,C0236,2024-02-28,Home & Kitchen,1,98.99,84.14,35.34,4.21,False,West,App,Occasional
O009628,C1933,2024-01-22,Sports,1,5.0,4.25,1.62,0.0,True,Central,App,Regular
O005867,C1165,2023-10-16,Home & Kitchen,1,85.16,85.16,35.77,0.0,True,Central,App,Regular
O006872,C1374,2023-05-21,Sports,1,104.55,104.55,39.73,20.91,False,East,Retail,Occasional
O000425,C0085,2023-03-16,Sports,2,141.03,282.06,107.18,0.0,False,West,Online,Premium
O000772,C0141,2024-07-27,Clothing,2,65.23,130.46,71.75,6.52,False,West,App,Premium
O001084,C0207,2023-05-26,Electronics,1,327.69,327.69,72.09,49.15,False,North,Retail,Premium
O000377,C0075,2024-01-04,Clothing,1,86.43,73.47,40.41,11.02,False,North,Online,Regular
O007769,C1542,2024-06-29,Beauty,1,42.44,42.44,26.31,2.12,False,South,Online,Regular
O009960,C1988,2023-08-05,Clothing,1,16.56,16.56,9.11,0.0,False,East,Partner,Premium
O005159,C1025,2024-01-26,Electronics,1,100.13,85.11,18.72,4.26,False,North,App,Premium
O002547,C0503,2023-12-31,Electronics,1,313.84,408.0,89.76,0.0,False,Central,Retail,Regular
O009545,C1922,2024-04-15,Beauty,1,49.67,49.67,30.8,4.97,True,North,Online,Regular
O000273,C0052,2023-07-15,Home & Kitchen,2,71.3,142.61,59.9,0.0,False,South,App,Regular
O004925,C0983,2024-12-08,Clothing,2,5.0,13.0,7.15,1.3,False,Central,Online,Premium
O006317,C1252,2024-08-23,Home & Kitchen,1,159.53,159.53,67.0,7.98,False,Central,Partner,Regular
O005277,C1048,2024-06-27,Beauty,1,68.31,68.31,42.35,0.0,False,East,App,Regular
O001548,C0296,2024-05-31,Beauty,1,11.5,11.5,7.13,0.0,False,West,Online,Premium
O002925,C0573,2024-06-21,Sports,1,119.72,119.72,45.49,0.0,False,South,App,Regular
O002661,C0530,2023-07-23,Sports,1,22.13,22.13,8.41,2.21,False,Central,App,Occasional
O002554,C0506,2024-08-05,Clothing,1,5.0,5.0,2.75,0.0,False,South,Online,Occasional
O009247,C1854,2024-11-03,Sports,1,190.1,247.13,93.91,0.0,False,East,Online,Regular
O006265,C1243,2024-04-06,Sports,1,138.21,138.21,52.52,27.64,False,West,Online,Regular
O002387,C0468,2023-05-30,Sports,1,175.77,175.77,66.79,0.0,False,West,App,Premium
O003104,C0612,2024-02-25,Home & Kitchen,1,88.74,75.43,31.68,7.54,False,North,App,Regular
O008255,C1647,2023-12-12,Home & Kitchen,1,5.16,6.71,2.82,0.0,False,West,Partner,Regular
O002726,C0543,2024-01-18,Sports,2,126.17,214.5,81.51,0.0,False,South,App,Premium
O004207,C0846,2023-06-02,Sports,1,81.15,81.15,30.84,0.0,False,West,Online,Regular
O007342,C1455,2023-07-17,Clothing,1,41.47,41.47,22.81,0.0,False,Central,Online,Premium
O004847,C0964,2024-05-21,Home & Kitchen,1,112.95,112.95,47.44,5.65,False,West,App,Occasional
O002149,C0413,2023-10-11,Sports,1,194.07,194.07,73.75,0.0,False,North,Online,Regular
O009786,C1956,2024-10-12,Clothing,1,63.83,63.83,35.11,0.0,False,South,App,Premium
O003555,C0710,2023-11-24,Electronics,3,295.08,1150.83,253.18,0.0,False,Central,App,Regular
O008377,C1686,2024-08-17,Electronics,1,140.68,140.68,30.95,21.1,False,South,Online,Regular
O004485,C0904,2023-01-29,Beauty,1,77.29,65.69,40.73,13.14,False,West,App,Occasional
O002978,C0585,2024-03-12,Electronics,1,693.13,693.13,152.49,34.66,False,North,Retail,Regular
O004398,C0887,2023-10-14,Clothing,1,71.25,71.25,39.19,7.12,True,Central,Online,Premium
O002116,C0405,2023-04-01,Sports,2,129.76,259.53,98.62,0.0,False,Central,Online,Premium
O009578,C1927,2024-10-01,Home & Kitchen,1,164.38,164.38,69.04,24.66,False,North,App,Regular
O000779,C0142,2024-09-20,Beauty,1,28.28,28.28,17.53,0.0,True,Central,Partner,Premium
O005662,C1123,2023-02-23,Sports,1,111.96,95.17,36.16,14.28,False,West,Online,Premium
O003206,C0635,2023-07-17,Beauty,2,47.43,94.86,58.81,0.0,False,South,Online,Premium
O002454,C0479,2023-10-30,Beauty,1,28.4,28.4,17.61,5.68,False,South,Online,Regular
O006180,C1222,2024-08-18,Beauty,1,33.54,33.54,20.79,6.71,False,Central,Online,Regular
O007050,C1407,2023-12-11,Electronics,1,340.23,442.29,97.3,88.46,False,West,App,Regular
O004501,C0906,2024-10-13,Beauty,1,66.74,66.74,41.38,3.34,False,West,Online,Occasional
O002573,C0512,2024-10-11,Sports,1,49.7,49.7,18.89,9.94,True,South,Retail,Occasional
O006348,C1261,2024-05-20,Electronics,2,479.37,958.74,210.92,47.94,False,South,Online,Regular
O004434,C0892,2023-12-14,Beauty,2,68.24,177.41,109.99,0.0,False,South,App,Regular
O001007,C0193,2023-11-14,Electronics,1,322.8,419.65,92.32,62.95,False,Central,Online,Regular
O000819,C0149,2023-05-24,Beauty,1,20.02,20.02,12.41,0.0,False,Central,App,Premium
O008289,C1659,2023-06-20,Sports,1,185.92,185.92,70.65,0.0,False,East,App,Regular
O001152,C0218,2023-06-26,Home & Kitchen,3,75.02,225.06,94.53,0.0,False,South,App,Premium
O000773,C0142,2024-04-18,Beauty,1,19.31,19.31,11.97,0.0,False,Central,Partner,Premium
O002207,C0424,2024-06-07,Electronics,1,133.04,133.04,29.27,0.0,False,West,Online,Premium
O009680,C1940,2024-12-30,Electronics,1,331.52,430.98,94.82,0.0,False,North,App,Premium
O008449,C1703,2024-07-15,Home & Kitchen,1,125.77,125.77,52.82,0.0,False,North,App,Premium
O001037,C0197,2023-09-19,Clothing,2,46.59,93.18,51.25,18.64,False,West,Online,Premium
O004850,C0965,2024-08-20,Home & Kitchen,1,112.25,112.25,47.14,16.84,False,North,Online,Regular
O000612,C0113,2024-11-04,Beauty,2,11.91,30.96,19.2,0.0,False,East,Partner,Premium
O007338,C1454,2023-03-10,Clothing,2,87.05,174.11,95.76,0.0,False,West,Online,Premium
O005079,C1009,2023-08-12,Sports,1,100.03,100.03,38.01,5.0,False,Central,Partner,Premium
O000336,C0065,2024-08-10,Electronics,1,276.74,276.74,60.88,0.0,False,South,Retail,Regular
O006663,C1328,2024-07-13,Sports,1,202.65,202.65,77.01,0.0,False,Central,App,Occasional
O002709,C0539,2024-10-14,Electronics,1,5.0,5.0,1.1,0.75,False,South,Online,Regular
O009164,C1841,2024-10-04,Electronics,1,364.67,364.67,80.23,54.7,False,South,Online,Regular
O002496,C0490,2024-01-13,Beauty,1,49.55,42.12,26.11,8.42,False,East,Partner,Premium
O006187,C1223,2023-07-20,Clothing,1,62.69,62.69,34.48,12.54,True,West,Online,Regular
O006491,C1297,2024-12-18,Beauty,1,28.0,36.4,22.57,3.64,False,East,App,Regular
O004518,C0910,2023-05-07,Beauty,2,40.9,81.8,50.72,12.27,False,Central,Partner,Regular
O008586,C1730,2024-04-03,Sports,1,95.53,95.53,36.3,0.0,False,North,App,Regular
O002307,C0454,2023-09-26,Clothing,1,34.75,34.75,19.11,3.48,False,West,Online,Regular
O003257,C0646,2023-03-13,Electronics,1,83.99,83.99,18.48,8.4,False,South,App,Regular
O006381,C1272,2023-01-11,Electronics,1,508.03,431.82,95.0,0.0,False,North,Online,Regular
O005124,C1018,2024-07-06,Electronics,1,634.09,634.09,139.5,0.0,False,East,Partner,Regular
O001188,C0226,2023-08-13,Home & Kitchen,2,9.36,18.72,7.86,1.87,False,South,Online,Regular
O008270,C1653,2024-07-17,Sports,1,182.04,182.04,69.18,27.31,False,North,Online,Occasional
O009855,C1967,2023-06-18,Home & Kitchen,1,113.59,113.59,47.71,0.0,True,South,App,Premium
O008957,C1804,2023-01-08,Home & Kitchen,1,22.74,19.33,8.12,2.9,False,Central,App,Regular
O006072,C1200,2023-04-18,Beauty,1,63.43,63.43,39.33,0.0,False,West,Online,Regular
O005596,C1116,2023-05-17,Electronics,1,272.29,272.29,59.9,27.23,False,East,Partner,Regular
O003865,C0779,2023-11-21,Sports,1,5.0,6.5,2.47,0.32,False,North,Retail,Regular
O003836,C0774,2024-08-28,Electronics,1,421.19,421.19,92.66,21.06,False,South,Retail,Premium
O003679,C0737,2024-12-07,Sports,1,44.59,57.96,22.02,11.59,False,South,Retail,Regular
O009293,C1865,2024-08-10,Beauty,1,28.24,28.24,17.51,0.0,False,East,App,Premium
O002457,C0480,2023-01-01,Home & Kitchen,2,126.14,214.44,90.06,42.89,False,South,Online,Regular
O003584,C0714,2023-11-22,Clothing,1,36.36,47.27,26.0,4.73,False,North,Online,Occasional
O008368,C1683,2024-08-02,Home & Kitchen,1,5.0,5.0,2.1,0.25,False,South,App,Regular
O008501,C1713,2023-01-29,Electronics,1,523.39,444.88,97.87,66.73,False,East,Online,Premium
O004244,C0854,2024-04-16,Beauty,1,45.46,45.46,28.19,6.82,False,West,Online,Regular
O001655,C0316,2024-05-22,Sports,1,21.44,21.44,8.15,4.29,False,North,App,Occasional
O001375,C0261,2024-01-17,Sports,2,81.12,137.91,52.41,0.0,False,North,Retail,Occasional
O009228,C1851,2024-11-29,Electronics,1,462.44,601.17,132.26,120.23,False,South,Online,Regular
O003728,C0752,2023-03-11,Sports,1,159.27,159.27,60.52,0.0,True,Central,App,Occasional
O002065,C0399,2024-05-08,Home & Kitchen,2,153.08,306.16,128.59,61.23,False,West,Online,Regular
O007527,C1489,2024-10-25,Beauty,2,27.11,54.21,33.61,0.0,False,Central,App,Regular
O004657,C0934,2023-07-18,Home & Kitchen,1,21.14,21.14,8.88,3.17,False,South,Retail,Regular
O007347,C1455,2024-02-17,Home & Kitchen,1,69.19,58.81,24.7,0.0,False,Central,Online,Premium
O004891,C0976,2023-05-22,Home & Kitchen,1,119.95,119.95,50.38,23.99,False,Central,Partner,Regular
O008208,C1637,2023-11-15,Clothing,2,69.55,180.83,99.46,9.04,False,East,App,Premium
O004085,C0824,2023-08-29,Beauty,1,17.12,17.12,10.61,0.86,True,Central,Retail,Premium
O002606,C0521,2024-03-16,Beauty,1,73.69,73.69,45.69,0.0,False,Central,App,Premium
O007341,C1455,2024-10-05,Home & Kitchen,1,94.38,94.38,39.64,0.0,False,Central,Online,Premium
O009952,C1985,2023-02-09,Electronics,1,423.45,359.93,79.18,71.99,False,South,Partner,Premium
O010027,C1999,2023-01-04,Clothing,1,65.88,55.99,30.79,0.0,False,West,Retail,Regular
O008950,C1803,2024-08-29,Electronics,1,376.47,376.47,82.82,0.0,False,Central,Online,Premium
O002277,C0447,2023-10-21,Electronics,1,70.23,70.23,15.45,3.51,False,North,Retail,Regular
O006275,C1244,2023-01-06,Sports,1,105.44,89.62,34.06,0.0,False,West,Online,Premium
O005889,C1167,2024-02-04,Sports,1,207.91,176.73,67.16,8.84,False,North,Partner,Premium
O007633,C1518,2024-07-01,Sports,1,97.35,97.35,36.99,0.0,False,East,Online,Premium
O002335,C0460,2023-06-09,Clothing,1,54.36,54.36,29.9,0.0,False,East,App,Regular
O009846,C1967,2023-02-01,Sports,1,56.94,48.4,18.39,0.0,False,South,App,Premium
O008382,C1687,2024-10-24,Sports,1,131.14,131.14,49.83,26.23,False,Central,App,Regular
O009052,C1824,2024-01-29,Beauty,3,22.37,57.04,35.36,11.41,False,Central,Online,Premium
O004614,C0926,2023-12-03,Sports,1,39.6,51.48,19.56,0.0,True,South,Retail,Premium
O000523,C0101,2024-02-11,Home & Kitchen,2,5.0,8.5,3.57,0.0,False,East,Online,Premium
O002001,C0381,2023-05-23,Clothing,1,67.47,67.47,37.11,3.37,False,West,Partner,Regular
O002290,C0448,2023-10-05,Electronics,1,208.16,208.16,45.8,10.41,False,West,Online,Premium
O007493,C1484,2024-08-15,Clothing,1,104.57,104.57,57.51,0.0,False,Central,Online,Regular
O008563,C1722,2023-08-12,Beauty,1,69.69,69.69,43.21,0.0,False,Central,Online,Regular
O001815,C0346,2023-07-08,Home & Kitchen,2,78.09,156.19,65.6,15.62,False,Central,Online,Premium
O003195,C0631,2023-12-12,Clothing,1,68.93,89.61,49.29,13.44,False,East,App,Regular
O007986,C1586,2023-08-04,Electronics,1,563.04,563.04,123.87,56.3,False,Central,Online,Premium
O000007,C0002,2024-09-29,Electronics,1,512.7,512.7,112.79,25.64,False,North,Retail,Regular
O009836,C1964,2024-02-14,Clothing,1,50.78,43.16,23.74,2.16,False,West,App,Occasional
O004296,C0865,2023-04-30,Home & Kitchen,1,59.43,59.43,24.96,2.97,False,South,Online,Occasional
O004405,C0887,2024-03-28,Electronics,3,363.74,1091.22,240.07,163.68,False,Central,Online,Premium
O007147,C1420,2024-03-20,Sports,1,73.64,73.64,27.98,0.0,False,East,Partner,Occasional
O007503,C1485,2023-12-22,Sports,1,181.62,236.11,89.72,35.42,False,West,App,Premium
O003362,C0665,2023-08-02,Electronics,1,726.52,726.52,159.83,0.0,True,West,Partner,Regular
O007553,C1494,2024-11-10,Beauty,2,61.27,159.3,98.77,0.0,False,South,Online,Regular
O002987,C0586,2024-11-17,Home & Kitchen,1,171.49,222.94,93.63,44.59,False,East,App,Regular
O005684,C1125,2023-05-16,Home & Kitchen,1,73.53,73.53,30.88,3.68,False,Central,Online,Premium
O001344,C0254,2023-03-10,Electronics,1,153.42,153.42,33.75,0.0,False,West,Online,Occasional
O007687,C1525,2023-03-23,Sports,1,5.0,5.0,1.9,1.0,False,West,Online,Regular
O002644,C0527,2023-07-25,Home & Kitchen,1,124.98,124.98,52.49,25.0,False,North,App,Occasional
O006953,C1389,2024-03-26,Beauty,1,5.0,5.0,3.1,0.5,False,Central,Online,Premium
O007645,C1519,2023-02-19,Home & Kitchen,1,113.9,96.81,40.66,4.84,False,Central,App,Regular
O002609,C0521,2024-11-18,Sports,1,129.02,167.72,63.73,8.39,False,Central,App,Premium
O007055,C1407,2023-12-30,Clothing,1,73.31,95.3,52.42,4.76,False,West,App,Regular
O001869,C0353,2024-02-03,Beauty,1,81.68,69.42,43.04,10.41,False,East,Online,Regular
O000297,C0058,2023-10-23,Sports,1,151.47,151.47,57.56,22.72,False,Central,Partner,Regular
O002522,C0496,2023-12-27,Sports,1,138.47,180.01,68.4,0.0,False,Central,Partner,Regular
O003121,C0617,2024-08-16,Clothing,1,127.06,127.06,69.88,0.0,False,West,App,Premium
O007612,C1510,2023-04-19,Sports,1,5.0,5.0,1.9,0.25,False,West,Partner,Regular
O006079,C1200,2024-04-22,Sports,1,76.16,76.16,28.94,3.81,False,West,Online,Regular
O006747,C1349,2024-11-26,Beauty,1,58.51,76.06,47.16,0.0,True,West,Partner,Premium
O009773,C1955,2023-12-01,Beauty,1,55.56,72.23,44.78,0.0,False,North,Retail,Premium
O009809,C1958,2023-12-17,Electronics,1,387.68,503.99,110.88,50.4,False,North,Online,Premium
O005821,C1147,2024-02-08,Home & Kitchen,1,156.55,133.07,55.89,19.96,False,South,Online,Premium
O009916,C1977,2023-11-24,Home & Kitchen,1,112.42,146.15,61.38,14.62,False,Central,Online,Regular
O001059,C0202,2024-04-21,Clothing,2,52.47,104.94,57.72,20.99,False,East,Online,Regular
O004568,C0922,2024-05-10,Home & Kitchen,1,97.99,97.99,41.16,0.0,False,North,Online,Regular
O009170,C1843,2024-09-14,Sports,1,69.92,69.92,26.57,0.0,False,North,Retail,Regular
O006810,C1361,2024-07-18,Home & Kitchen,1,30.88,30.88,12.97,1.54,False,West,Online,Regular
O009095,C1831,2024-12-24,Sports,1,5.0,6.5,2.47,0.65,True,Central,Partner,Regular
O004292,C0864,2024-08-13,Beauty,1,10.99,10.99,6.81,0.0,True,Central,Online,Regular
O009169,C1843,2023-07-26,Home & Kitchen,1,33.2,33.2,13.94,6.64,False,North,Retail,Regular
O007804,C1547,2024-04-28,Beauty,1,44.58,44.58,27.64,6.69,False,West,App,Regular
O009782,C1956,2023-03-10,Beauty,1,23.8,23.8,14.76,0.0,True,South,App,Premium
O005279,C1048,2023-09-12,Clothing,2,97.79,195.58,107.57,0.0,False,East,App,Regular
O002538,C0502,2023-11-04,Electronics,1,413.72,537.84,118.32,0.0,False,West,Retail,Regular
O002403,C0470,2023-11-27,Beauty,2,40.79,106.06,65.76,0.0,False,West,App,Premium
O003333,C0662,2024-10-09,Sports,1,117.23,117.23,44.55,11.72,False,East,Online,Premium
O005505,C1101,2024-10-06,Sports,1,107.8,107.8,40.96,16.17,False,Central,Online,Premium
O002815,C0557,2023-01-07,Sports,2,21.37,36.32,13.8,0.0,False,West,App,Occasional
O009955,C1986,2023-12-18,Sports,1,137.23,178.4,67.79,35.68,False,West,Retail,Occasional
O003492,C0698,2024-06-29,Electronics,1,27.9,27.9,6.14,0.0,False,West,Partner,Premium
O010009,C1996,2024-12-02,Sports,1,88.2,114.66,43.57,5.73,False,East,Retail,Premium
O009559,C1924,2023-02-22,Electronics,1,113.33,96.33,21.19,4.82,False,South,App,Regular
O008092,C1614,2023-10-11,Beauty,1,27.49,27.49,17.04,1.37,False,West,Online,Regular
O006828,C1363,2023-05-09,Electronics,1,224.69,224.69,49.43,11.23,False,Central,Retail,Regular
O007371,C1460,2023-01-01,Home & Kitchen,1,118.46,100.69,42.29,0.0,False,North,App,Regular
O002698,C0538,2023-05-29,Beauty,1,27.29,27.29,16.92,4.09,False,Central,Online,Regular
O010014,C1996,2023-09-22,Home & Kitchen,1,21.36,21.36,8.97,0.0,False,East,Retail,Premium
O004630,C0928,2023-12-28,Clothing,1,31.86,41.42,22.78,8.28,False,North,App,Regular
O008785,C1766,2024-02-23,Beauty,1,23.02,19.57,12.13,0.0,False,South,App,Premium
O008233,C1643,2024-03-08,Beauty,2,42.78,85.55,53.04,0.0,False,South,App,Regular
O000814,C0149,2024-05-13,Beauty,1,61.44,61.44,38.09,9.22,False,Central,App,Premium
O002132,C0409,2024-06-12,Beauty,2,93.39,186.78,115.8,28.02,False,East,Online,Regular
O005333,C1063,2023-08-27,Home & Kitchen,1,5.0,5.0,2.1,0.0,False,North,Online,Premium
O007868,C1557,2024-10-11,Sports,1,102.41,102.41,38.92,0.0,False,West,Online,Regular
O005400,C1082,2024-12-13,Electronics,1,288.31,374.8,82.46,18.74,False,South,Retail,Occasional
O003183,C0630,2023-12-29,Sports,1,116.79,151.83,57.7,30.37,False,South,Retail,Regular
O000862,C0157,2023-07-31,Electronics,1,362.93,362.93,79.84,72.59,False,South,Partner,Premium
O002238,C0434,2023-08-23,Home & Kitchen,1,85.28,85.28,35.82,17.06,False,East,App,Regular
O000371,C0073,2024-01-28,Sports,1,109.87,93.39,35.49,0.0,False,West,App,Regular
O006371,C1268,2023-03-23,Clothing,1,23.5,23.5,12.92,2.35,False,South,Retail,Regular
O004979,C0994,2023-04-04,Sports,1,139.33,139.33,52.95,0.0,False,South,App,Premium
O008511,C1713,2024-06-04,Home & Kitchen,1,78.99,78.99,33.18,3.95,False,East,Online,Premium
O001405,C0264,2023-02-21,Beauty,1,36.7,31.19,19.34,0.0,False,Central,Partner,Premium
O002517,C0495,2023-07-04,Clothing,2,110.79,221.58,121.87,22.16,False,West,Retail,Regular
O004842,C0963,2024-05-25,Electronics,1,266.12,266.12,58.55,26.61,False,East,App,Regular
O006158,C1214,2023-12-27,Electronics,1,5.0,6.5,1.43,1.3,False,East,Retail,Premium
O005965,C1180,2023-10-06,Beauty,1,17.64,17.64,10.94,0.0,False,South,App,Premium
O003444,C0687,2024-04-15,Sports,1,149.3,149.3,56.73,29.86,False,East,App,Premium
O008364,C1683,2024-03-20,Clothing,1,77.47,77.47,42.61,11.62,False,South,App,Regular
O005411,C1085,2023-04-09,Clothing,1,74.43,74.43,40.94,0.0,False,South,Retail,Premium
O001397,C0264,2024-06-02,Electronics,1,582.03,582.03,128.05,29.1,False,Central,Partner,Premium
O002618,C0522,2023-05-30,Electronics,1,387.69,387.69,85.29,19.38,False,West,Online,Regular
O006904,C1381,2024-03-13,Clothing,1,72.41,72.41,39.83,14.48,False,Central,Retail,Regular
O007608,C1509,2023-09-25,Sports,2,86.47,172.94,65.72,8.65,False,West,Online,Occasional
O004796,C0958,2024-01-04,Sports,1,138.27,117.53,44.66,0.0,False,West,Online,Premium
O002958,C0579,2023-05-01,Clothing,1,5.0,5.0,2.75,0.0,True,North,Online,Regular
O001784,C0340,2023-09-15,Electronics,1,371.81,371.81,81.8,0.0,False,West,Online,Premium
O007946,C1575,2024-08-05,Electronics,1,279.22,279.22,61.43,0.0,True,West,Partner,Regular
O002745,C0547,2024-08-08,Beauty,1,27.77,27.77,17.22,2.78,False,North,App,Regular
O004741,C0950,2023-05-10,Electronics,2,375.19,750.38,165.08,112.56,False,North,Partner,Premium
O007354,C1456,2023-07-02,Home & Kitchen,1,9.34,9.34,3.92,0.0,False,East,Online,Regular
O008671,C1746,2024-12-13,Clothing,1,71.42,92.84,51.06,18.57,False,South,Online,Regular
O004816,C0960,2024-12-29,Sports,1,163.3,212.29,80.67,0.0,False,Central,App,Premium
O008178,C1632,2024-02-29,Sports,1,53.26,45.27,17.2,9.05,False,East,Online,Regular
O003135,C0618,2024-04-29,Sports,1,60.49,60.49,22.99,6.05,False,West,App,Regular
O000431,C0085,2024-02-23,Electronics,1,204.91,174.17,38.32,0.0,True,West,Online,Premium
O000622,C0113,2024-02-03,Beauty,1,48.94,41.6,25.79,6.24,False,East,Partner,Premium
O002073,C0401,2023-03-27,Sports,1,145.96,145.96,55.46,0.0,False,North,Partner,Premium
O003580,C0713,2024-04-01,Beauty,1,63.77,63.77,39.54,9.57,False,East,Online,Premium
O004190,C0842,2024-03-09,Electronics,2,674.08,1348.17,296.6,0.0,False,North,Online,Occasional
O000742,C0137,2024-06-15,Clothing,1,27.28,27.28,15.0,2.73,False,South,Retail,Regular
O005715,C1131,2024-11-16,Sports,1,205.37,266.98,101.45,0.0,False,West,App,Occasional
O008126,C1624,2023-07-26,Sports,1,48.96,48.96,18.6,0.0,False,Central,Online,Regular
O004817,C0960,2023-05-02,Sports,1,5.0,5.0,1.9,0.0,False,Central,App,Premium
O007644,C1519,2024-04-10,Electronics,1,756.96,756.96,166.53,37.85,False,Central,App,Regular
O005377,C1072,2023-07-03,Clothing,1,18.97,18.97,10.43,3.79,False,Central,App,Regular
O006932,C1386,2024-04-18,Home & Kitchen,1,70.84,70.84,29.75,0.0,False,East,Retail,Regular
O002266,C0442,2023-05-05,Sports,1,97.14,97.14,36.91,0.0,True,East,App,Regular
O009310,C1866,2024-11-03,Home & Kitchen,1,203.8,264.94,111.27,52.99,False,South,Online,Premium
O000707,C0130,2024-11-29,Beauty,1,13.29,17.28,10.71,3.46,False,Central,Online,Regular
O008046,C1598,2023-07-24,Beauty,1,41.72,41.72,25.87,4.17,False,North,App,Regular
O002285,C0448,2023-08-22,Home & Kitchen,1,212.85,212.85,89.4,0.0,False,West,Online,Premium
O007468,C1478,2023-04-01,Sports,1,133.1,133.1,50.58,0.0,False,East,Retail,Regular
O006748,C1349,2023-08-19,Home & Kitchen,1,149.78,149.78,62.91,0.0,False,West,Partner,Premium
O006850,C1370,2023-09-08,Sports,1,52.71,52.71,20.03,0.0,False,West,App,Regular
O003443,C0687,2023-06-15,Electronics,1,96.63,96.63,21.26,14.49,False,East,App,Premium
O009023,C1817,2024-12-01,Electronics,1,598.23,777.7,171.09,77.77,False,East,Online,Premium
O008904,C1793,2023-04-20,Clothing,1,25.8,25.8,14.19,0.0,False,West,App,Regular
O006497,C1298,2023-06-20,Electronics,1,612.46,612.46,134.74,0.0,False,West,Online,Premium
O000967,C0186,2024-12-08,Electronics,1,515.19,669.75,147.34,0.0,False,North,Retail,Regular
O008509,C1713,2023-12-05,Beauty,1,56.97,74.06,45.92,0.0,False,East,Online,Premium
O003354,C0664,2024-03-04,Beauty,1,49.79,49.79,30.87,0.0,False,Central,Online,Occasional
O001674,C0322,2023-01-01,Home & Kitchen,1,142.55,121.17,50.89,24.23,False,West,Online,Regular
O001908,C0364,2024-08-03,Clothing,2,6.97,13.94,7.67,2.79,False,West,App,Regular
O001728,C0331,2024-09-15,Electronics,1,142.8,142.8,31.42,21.42,False,West,App,Premium
O004579,C0924,2023-07-28,Electronics,2,279.58,559.17,123.02,111.83,False,West,App,Premium
O006356,C1264,2023-10-19,Clothing,1,51.09,51.09,28.1,0.0,False,South,Online,Regular
O000437,C0086,2024-01-22,Home & Kitchen,2,62.94,106.99,44.94,5.35,False,Central,App,Regular
O009611,C1931,2024-03-29,Beauty,1,47.39,47.39,29.38,0.0,False,East,Online,Premium
O001368,C0259,2023-05-28,Sports,1,194.75,194.75,74.0,19.48,False,Central,Retail,Premium
O008674,C1746,2023-08-17,Electronics,2,420.54,841.09,185.04,0.0,False,South,Online,Regular
O002827,C0559,2023-12-06,Clothing,1,72.7,94.5,51.98,0.0,False,West,Retail,Regular
O000069,C0012,2023-10-30,Beauty,1,65.18,65.18,40.41,0.0,False,Central,Retail,Regular
O004774,C0954,2024-08-15,Beauty,1,79.53,79.53,49.31,7.95,False,West,App,Regular
O001017,C0195,2023-01-13,Beauty,1,34.79,29.57,18.33,4.44,False,North,App,Premium
O001506,C0287,2024-04-13,Electronics,1,211.99,211.99,46.64,0.0,False,West,App,Premium
O008753,C1759,2024-10-13,Sports,1,186.69,186.69,70.94,9.33,False,South,Online,Premium
O006821,C1362,2024-09-14,Home & Kitchen,1,133.08,133.08,55.89,26.62,False,South,Partner,Premium
O009993,C1991,2023-10-08,Sports,2,213.86,427.72,162.53,42.77,False,East,Partner,Premium
O001132,C0215,2023-05-24,Electronics,2,112.6,225.21,49.55,0.0,False,East,Online,Regular
O000981,C0189,2024-02-01,Beauty,1,70.49,59.92,37.15,11.98,False,Central,App,Occasional
O009378,C1881,2024-05-29,Home & Kitchen,1,67.12,67.12,28.19,0.0,False,South,App,Occasional
O004864,C0969,2024-08-20,Clothing,1,108.83,108.83,59.86,0.0,False,East,App,Premium
O005973,C1181,2023-03-21,Clothing,2,112.02,224.05,123.23,44.81,False,South,App,Regular
O008519,C1715,2023-03-14,Home & Kitchen,1,58.0,58.0,24.36,5.8,False,North,Partner,Occasional
O004492,C0905,2023-05-06,Home & Kitchen,1,162.82,162.82,68.38,16.28,False,South,Online,Premium
O007094,C1414,2023-04-19,Sports,1,35.25,35.25,13.4,0.0,False,North,Online,Premium
O002318,C0457,2023-11-30,Sports,1,95.8,124.54,47.33,24.91,False,South,Retail,Premium
O002980,C0585,2024-09-02,Home & Kitchen,1,9.03,9.03,3.79,0.9,False,North,Retail,Regular
O001713,C0329,2024-11-05,Clothing,1,48.9,63.57,34.96,6.36,False,West,Online,Regular
O002420,C0473,2024-12-08,Clothing,1,118.55,154.12,84.77,7.71,False,East,Online,Premium
O008908,C1793,2023-08-31,Electronics,1,477.65,477.65,105.08,95.53,False,West,App,Regular
O005445,C1090,2024-03-20,Clothing,1,70.02,70.02,38.51,0.0,True,North,App,Regular
O001381,C0262,2023-04-11,Clothing,1,5.0,5.0,2.75,1.0,False,South,App,Regular
O000217,C0042,2024-07-03,Home & Kitchen,1,75.29,75.29,31.62,0.0,False,East,Online,Premium
O007584,C1505,2024-03-10,Sports,1,150.46,150.46,57.17,15.05,False,South,Retail,Premium
O006897,C1380,2023-12-23,Electronics,3,461.44,1799.61,395.91,0.0,False,North,App,Regular
O009178,C1844,2024-06-08,Beauty,1,13.2,13.2,8.18,2.64,False,Central,Retail,Premium
O003629,C0725,2024-11-12,Home & Kitchen,1,161.36,209.76,88.1,0.0,False,Central,Online,Regular
O001383,C0263,2023-11-04,Electronics,1,174.7,227.11,49.96,34.07,False,Central,Online,Premium
O005833,C1151,2023-01-14,Clothing,1,66.15,56.23,30.93,11.25,False,North,Online,Regular
O002212,C0426,2024-07-07,Beauty,1,35.97,35.97,22.3,0.0,False,North,Online,Regular
O007215,C1437,2023-12-06,Home & Kitchen,1,35.5,46.14,19.38,2.31,False,North,Online,Premium
O002431,C0474,2023-04-20,Sports,1,127.18,127.18,48.33,0.0,False,Central,Online,Premium
O000930,C0175,2024-05-03,Beauty,1,5.0,5.0,3.1,0.0,False,West,Online,Occasional
O003440,C0687,2024-10-25,Home & Kitchen,1,51.53,51.53,21.64,0.0,False,East,App,Premium
O007233,C1440,2023-03-17,Clothing,1,15.61,15.61,8.59,1.56,False,East,Online,Occasional
O002518,C0495,2024-02-16,Sports,1,111.93,95.14,36.15,9.51,False,West,Retail,Regular
O009199,C1846,2024-02-02,Sports,1,134.2,114.07,43.35,17.11,False,North,App,Premium
O002300,C0452,2023-06-20,Home & Kitchen,2,173.15,346.31,145.45,17.32,False,West,Online,Regular
O006562,C1311,2024-06-19,Sports,1,121.72,121.72,46.25,0.0,False,North,Online,Regular
O001806,C0343,2023-11-27,Sports,3,15.86,61.85,23.5,6.18,False,Central,App,Premium
O007692,C1526,2024-07-06,Electronics,1,5.0,5.0,1.1,1.0,False,East,Online,Premium
O008357,C1678,2024-11-13,Sports,2,190.19,494.5,187.91,98.9,False,East,App,Regular
O000984,C0190,2024-11-30,Beauty,1,48.05,62.46,38.73,0.0,False,Central,Retail,Premium
O000075,C0013,2023-12-28,Electronics,1,448.65,583.25,128.32,58.32,False,North,Online,Premium
O005165,C1026,2024-01-25,Electronics,1,286.89,243.86,53.65,12.19,False,Central,App,Regular
O002663,C0531,2024-12-30,Electronics,1,127.44,165.67,36.45,0.0,False,East,Retail,Regular
O005750,C1139,2024-12-14,Beauty,1,65.32,84.92,52.65,0.0,False,South,Online,Premium
O002128,C0409,2024-11-03,Home & Kitchen,1,5.0,6.5,2.73,1.3,False,East,Online,Regular
O002883,C0568,2023-11-04,Electronics,1,173.12,225.05,49.51,22.51,False,East,Partner,Premium
O004954,C0989,2024-06-14,Clothing,1,61.39,61.39,33.76,0.0,False,North,App,Regular
O006521,C1301,2023-09-21,Home & Kitchen,1,164.33,164.33,69.02,24.65,False,West,Retail,Premium
O003534,C0706,2024-12-29,Sports,1,98.24,127.72,48.53,12.77,False,East,Online,Premium
O007750,C1537,2024-01-20,Beauty,2,47.25,80.33,49.8,8.03,False,East,Online,Premium
O001154,C0219,2023-10-09,Sports,1,115.67,115.67,43.95,0.0,False,West,Partner,Premium
O009534,C1919,2023-05-01,Beauty,1,39.01,39.01,24.19,5.85,False,South,App,Regular
O007949,C1576,2024-03-29,Electronics,1,162.52,162.52,35.75,32.5,False,West,Partner,Regular
O008625,C1737,2023-11-18,Electronics,1,460.11,598.15,131.59,89.72,False,East,Online,Regular
O000564,C0105,2023-03-11,Home & Kitchen,1,64.72,64.72,27.18,9.71,False,Central,Online,Premium
O004022,C0813,2023-09-13,Beauty,1,57.19,57.19,35.46,5.72,False,West,Retail,Regular
O002632,C0523,2024-07-04,Clothing,1,92.0,92.0,50.6,0.0,False,South,Online,Premium
O003804,C0767,2024-09-30,Sports,1,5.0,5.0,1.9,0.0,False,West,Online,Regular
O008436,C1699,2023-04-06,Electronics,1,271.69,271.69,59.77,0.0,False,East,Retail,Occasional
O007994,C1586,2023-11-30,Electronics,1,558.31,725.8,159.68,72.58,False,Central,Online,Premium
O000468,C0090,2024-07-06,Clothing,1,114.9,114.9,63.2,0.0,False,West,Online,Premium
O006608,C1318,2023-11-17,Beauty,3,31.93,124.51,77.2,12.45,False,East,Retail,Regular
O007007,C1398,2024-01-06,Clothing,2,46.33,78.76,43.32,0.0,False,West,Retail,Regular
O008444,C1703,2023-10-28,Sports,1,5.0,5.0,1.9,0.5,False,North,App,Premium
O008603,C1733,2024-07-13,Electronics,1,326.14,326.14,71.75,48.92,False,Central,Online,Premium
O008526,C1717,2023-07-05,Beauty,1,35.32,35.32,21.9,0.0,False,Central,Online,Regular
O008634,C1738,2023-07-02,Beauty,2,50.64,101.28,62.79,10.13,True,West,Partner,Regular
O007312,C1451,2024-11-23,Home & Kitchen,1,72.84,94.69,39.77,0.0,False,North,App,Premium
O004117,C0827,2023-07-13,Beauty,1,17.16,17.16,10.64,0.0,False,West,Partner,Occasional
O007237,C1441,2024-07-08,Beauty,1,49.4,49.4,30.63,4.94,False,West,App,Regular
O002295,C0450,2023-01-24,Home & Kitchen,3,113.06,288.3,121.09,0.0,False,Central,Online,Occasional
O003915,C0788,2023-06-04,Beauty,2,39.96,79.91,49.54,11.99,False,West,Online,Premium
O008655,C1744,2024-09-28,Electronics,1,518.24,518.24,114.01,77.74,True,South,App,Occasional
O007034,C1404,2023-06-20,Sports,1,141.76,141.76,53.87,0.0,False,North,Online,Premium
O002631,C0523,2023-08-03,Sports,1,47.07,47.07,17.89,7.06,False,South,Online,Premium
O006128,C1207,2023-03-21,Electronics,3,314.68,944.04,207.69,141.61,False,Central,App,Regular
O009211,C1848,2023-01-12,Home & Kitchen,1,97.03,82.47,34.64,0.0,True,South,Online,Regular
O004704,C0940,2023-12-08,Beauty,1,57.04,74.15,45.97,7.42,False,Central,Retail,Regular
O007228,C1439,2023-05-07,Sports,2,148.7,297.41,113.02,59.48,False,South,Online,Regular
O004406,C0888,2023-12-20,Clothing,1,11.7,15.21,8.37,3.04,True,East,App,Premium
O001171,C0220,2024-05-06,Clothing,1,5.0,5.0,2.75,0.5,False,North,Online,Regular
O002752,C0549,2024-06-15,Electronics,1,192.23,192.23,42.29,19.22,False,East,Retail,Premium
O007206,C1434,2023-12-28,Beauty,1,31.53,40.99,25.41,8.2,False,East,Online,Regular
O001841,C0348,2024-05-13,Beauty,1,54.29,54.29,33.66,0.0,False,South,App,Regular
O007204,C1433,2024-01-24,Sports,2,213.6,363.11,137.98,0.0,False,Central,Online,Regular
O005938,C1175,2023-06-11,Home & Kitchen,1,133.21,133.21,55.95,0.0,True,West,App,Regular
O009957,C1987,2023-12-12,Electronics,1,529.16,687.9,151.34,0.0,False,North,Retail,Regular
O009118,C1835,2023-06-05,Home & Kitchen,1,77.21,77.21,32.43,0.0,False,Central,Online,Regular
O005498,C1099,2024-01-26,Beauty,1,36.7,31.2,19.34,4.68,False,South,Online,Regular
O006978,C1393,2024-01-13,Sports,1,95.45,81.13,30.83,0.0,False,North,Online,Occasional
O001968,C0377,2023-06-19,Electronics,2,263.97,527.94,116.15,105.59,False,Central,Online,Premium
O008539,C1718,2024-12-25,Home & Kitchen,1,105.18,136.74,57.43,6.84,False,East,App,Regular
O004837,C0963,2024-11-10,Sports,1,139.62,181.5,68.97,18.15,False,East,App,Regular
O002777,C0552,2024-04-10,Beauty,1,65.15,65.15,40.39,0.0,False,West,Partner,Premium
O007250,C1445,2024-01-21,Sports,2,32.94,55.99,21.28,0.0,False,West,Online,Premium
O008288,C1659,2024-12-11,Clothing,1,49.73,64.65,35.56,6.47,False,East,App,Regular
O000542,C0103,2023-06-06,Home & Kitchen,1,111.95,111.95,47.02,0.0,False,West,App,Premium
O005060,C1005,2024-03-01,Home & Kitchen,2,108.31,216.62,90.98,21.66,True,North,Online,Premium
O007331,C1454,2024-12-19,Home & Kitchen,1,41.68,54.18,22.76,0.0,False,West,Online,Premium
O009912,C1976,2024-04-04,Electronics,3,592.8,1778.41,391.25,0.0,False,West,Online,Regular
O000045,C0007,2023-07-24,Electronics,1,245.93,245.93,54.1,0.0,False,East,App,Regular
O008327,C1669,2024-06-17,Sports,1,54.96,54.96,20.88,0.0,False,North,App,Regular
O002877,C0568,2024-07-27,Home & Kitchen,1,115.19,115.19,48.38,23.04,False,East,Partner,Premium
O004053,C0820,2024-04-09,Beauty,1,50.92,50.92,31.57,10.18,False,West,Online,Occasional
O003261,C0646,2024-08-03,Sports,1,124.19,124.19,47.19,12.42,False,South,App,Regular
O008907,C1793,2023-06-07,Clothing,1,29.49,29.49,16.22,2.95,False,West,App,Regular
O002845,C0563,2023-05-18,Home & Kitchen,1,94.26,94.26,39.59,0.0,False,South,Online,Occasional
O003862,C0777,2023-10-01,Electronics,1,324.91,324.91,71.48,0.0,False,North,Online,Occasional
O009676,C1940,2024-07-15,Beauty,1,46.05,46.05,28.55,2.3,False,North,App,Premium
O007020,C1403,2023-05-09,Beauty,1,40.02,40.02,24.81,4.0,False,North,Partner,Regular
O002849,C0564,2024-06-21,Sports,1,277.17,277.17,105.32,0.0,False,West,App,Premium
O002947,C0576,2024-04-23,Home & Kitchen,1,23.17,23.17,9.73,0.0,False,North,Online,Regular
O006848,C1369,2023-11-18,Home & Kitchen,1,5.0,6.5,2.73,0.0,False,East,Retail,Occasional
O000027,C0006,2024-01-18,Clothing,1,168.63,143.34,78.84,0.0,False,South,Online,Premium
O009016,C1815,2023-05-25,Electronics,1,339.85,339.85,74.77,0.0,False,East,Online,Regular
O005412,C1085,2024-04-30,Home & Kitchen,2,118.97,237.94,99.93,0.0,False,South,Retail,Premium
O004145,C0834,2024-11-28,Clothing,1,30.79,40.03,22.02,6.0,False,North,App,Regular
O000629,C0114,2023-04-11,Beauty,1,39.2,39.2,24.3,1.96,False,West,App,Regular
O005142,C1023,2023-06-18,Sports,1,230.41,230.41,87.56,34.56,False,South,App,Premium
O009183,C1844,2023-07-30,Home & Kitchen,1,150.49,150.49,63.21,0.0,False,Central,Retail,Premium
O002440,C0475,2023-05-18,Beauty,1,17.89,17.89,11.09,0.0,False,Central,Online,Regular
O007855,C1555,2023-10-30,Beauty,1,20.96,20.96,13.0,3.14,False,East,App,Premium
O006276,C1244,2024-06-18,Electronics,3,178.56,535.68,117.85,80.35,False,West,Online,Premium
O004456,C0898,2024-06-22,Beauty,1,68.43,68.43,42.43,3.42,False,Central,Online,Regular
O008613,C1734,2023-11-26,Home & Kitchen,2,74.75,194.34,81.62,19.43,False,West,Online,Regular
O007576,C1501,2024-01-21,Beauty,1,29.97,25.48,15.8,5.1,False,South,App,Occasional
O000673,C0122,2024-01-25,Sports,1,182.46,155.09,58.93,0.0,False,South,Retail,Premium
O002934,C0574,2023-12-15,Beauty,1,61.68,80.18,49.71,4.01,False,East,App,Regular
O009367,C1878,2023-02-05,Electronics,1,318.36,270.6,59.53,0.0,False,West,Retail,Regular
O002201,C0424,2024-07-08,Clothing,1,97.21,97.21,53.47,0.0,False,West,Online,Premium
O008786,C1766,2024-10-21,Home & Kitchen,1,105.09,105.09,44.14,0.0,False,South,App,Premium
O004636,C0929,2024-01-15,Electronics,1,436.83,371.31,81.69,0.0,False,South,Partner,Regular
O002713,C0540,2023-01-27,Sports,2,193.42,328.81,124.95,65.76,False,North,Online,Regular
O002617,C0522,2024-03-28,Sports,1,82.94,82.94,31.52,8.29,False,West,Online,Regular
O004742,C0950,2024-06-05,Beauty,1,84.19,84.19,52.2,0.0,False,North,Partner,Premium
O002629,C0523,2024-04-05,Sports,2,140.69,281.38,106.92,14.07,False,South,Online,Premium
O004015,C0812,2024-10-07,Clothing,1,101.25,101.25,55.69,5.06,False,West,App,Regular
O007710,C1531,2024-09-05,Electronics,1,514.08,514.08,113.1,102.82,False,Central,Online,Premium
O008558,C1721,2024-01-19,Beauty,3,56.94,145.21,90.03,29.04,False,South,App,Premium
O002749,C0547,2023-04-22,Beauty,2,33.78,67.56,41.89,3.38,False,North,App,Regular
O009869,C1969,2024-01-11,Sports,1,214.82,182.6,69.39,27.39,False,North,Retail,Premium
O000473,C0090,2024-08-14,Electronics,1,217.7,217.7,47.89,21.77,False,West,Online,Premium
O008688,C1748,2024-07-22,Electronics,2,309.14,618.28,136.02,123.66,False,East,Online,Occasional
O002566,C0508,2023-02-27,Home & Kitchen,1,122.68,104.28,43.8,20.86,False,East,App,Regular
O006091,C1201,2023-10-13,Sports,2,132.47,264.94,100.68,13.25,False,East,Partner,Premium
O005784,C1144,2024-10-26,Home & Kitchen,1,14.4,14.4,6.05,0.0,False,West,Online,Regular
O006556,C1309,2024-04-10,Clothing,1,89.66,89.66,49.31,8.97,False,Central,Partner,Occasional
O003710,C0746,2024-08-30,Sports,1,184.81,184.81,70.23,0.0,False,South,Online,Regular
O006789,C1355,2024-02-13,Beauty,1,5.0,4.25,2.64,0.43,False,North,Retail,Regular
O003014,C0594,2023-03-14,Clothing,1,95.44,95.44,52.49,19.09,False,North,Partner,Regular
O000737,C0136,2023-12-06,Home & Kitchen,1,68.42,88.94,37.35,17.79,False,West,Online,Regular
O009106,C1833,2024-03-20,Electronics,1,75.39,75.39,16.59,11.31,False,Central,Partner,Regular
O005365,C1069,2023-11-13,Clothing,1,116.45,151.38,83.26,15.14,False,South,Online,Regular
O007960,C1580,2023-10-18,Beauty,1,72.5,72.5,44.95,10.88,False,East,Online,Regular
O009359,C1876,2023-03-30,Electronics,2,97.87,195.75,43.06,9.79,False,West,Online,Regular
O000189,C0037,2023-12-20,Sports,1,112.5,146.26,55.58,7.31,False,East,Partner,Premium
O002104,C0403,2024-12-17,Electronics,1,234.36,304.66,67.03,0.0,False,North,App,Regular
O006564,C1311,2024-11-11,Clothing,1,42.54,55.3,30.42,0.0,False,North,Online,Regular
O007093,C1414,2024-09-12,Electronics,1,250.6,250.6,55.13,50.12,False,North,Online,Premium
O005090,C1010,2023-12-07,Electronics,1,337.79,439.13,96.61,0.0,False,West,Online,Regular
O005313,C1060,2023-04-02,Electronics,1,301.74,301.74,66.38,0.0,False,West,Partner,Regular
O008181,C1633,2024-06-15,Electronics,1,460.56,460.56,101.32,0.0,False,West,App,Regular
O009608,C1931,2023-04-13,Beauty,1,39.26,39.26,24.34,7.85,False,East,Online,Premium
O007696,C1526,2023-08-09,Clothing,1,100.64,100.64,55.35,20.13,False,East,Online,Premium
O004433,C0891,2023-01-06,Beauty,2,39.58,67.29,41.72,3.36,False,North,App,Premium
O002534,C0500,2023-02-05,Electronics,1,5.0,4.25,0.94,0.0,False,West,Online,Occasional
O008453,C1703,2024-12-12,Sports,1,19.07,24.79,9.42,0.0,False,North,App,Premium
O002248,C0440,2023-05-18,Sports,1,142.94,142.94,54.32,28.59,False,North,App,Regular
O007776,C1543,2024-06-29,Home & Kitchen,1,158.84,158.84,66.71,31.77,False,Central,Online,Premium
O009321,C1870,2023-04-21,Electronics,1,673.65,673.65,148.2,33.68,False,West,Online,Regular
O006392,C1275,2023-02-19,Electronics,1,278.25,236.51,52.03,0.0,False,North,App,Occasional
O001996,C0380,2023-08-17,Beauty,2,44.81,89.61,55.56,8.96,False,Central,App,Regular
O003113,C0613,2023-10-14,Sports,1,170.46,170.46,64.77,8.52,False,North,Online,Occasional
O006557,C1310,2023-12-22,Beauty,1,37.13,48.27,29.93,0.0,False,North,Online,Regular
O003378,C0669,2023-01-30,Sports,1,123.64,105.1,39.94,5.26,False,North,Online,Regular
O006314,C1251,2023-03-07,Electronics,1,353.15,353.15,77.69,17.66,False,South,Online,Regular
O003667,C0736,2023-04-09,Sports,1,126.42,126.42,48.04,12.64,False,South,Partner,Premium
O006400,C1278,2023-05-10,Electronics,1,304.11,304.11,66.9,0.0,False,South,App,Regular
O001947,C0376,2024-10-03,Home & Kitchen,2,92.88,185.77,78.02,0.0,False,West,App,Premium
O001240,C0233,2024-09-18,Clothing,2,57.58,115.16,63.34,0.0,False,West,Online,Occasional
O007216,C1437,2023-08-09,Beauty,3,27.43,82.3,51.03,8.23,False,North,Online,Premium
O005712,C1130,2024-05-18,Sports,2,20.78,41.56,15.79,0.0,False,West,Online,Regular
O003200,C0632,2023-03-11,Home & Kitchen,1,137.87,137.87,57.91,0.0,False,North,App,Regular
O007640,C1518,2023-12-12,Sports,1,110.16,143.21,54.42,21.48,False,East,Online,Premium
O002842,C0562,2024-03-13,Clothing,1,45.06,45.06,24.78,9.01,False,South,Online,Occasional
O008920,C1795,2023-02-27,Sports,1,114.73,97.52,37.06,14.63,False,West,App,Occasional
O000378,C0075,2023-08-30,Sports,2,5.0,10.0,3.8,0.0,False,North,Online,Regular
O003246,C0645,2024-05-24,Beauty,2,64.03,128.06,79.4,0.0,False,North,Retail,Regular
O008372,C1686,2023-04-21,Electronics,1,5.0,5.0,1.1,0.5,False,South,Online,Regular
O004178,C0840,2023-05-04,Home & Kitchen,1,224.3,224.3,94.21,0.0,False,East,Retail,Regular
O000561,C0105,2023-01-07,Sports,1,149.53,127.1,48.3,6.36,False,Central,Online,Premium
O000650,C0120,2024-02-03,Home & Kitchen,1,111.18,94.5,39.69,0.0,False,Central,Retail,Regular
O002867,C0566,2023-08-27,Beauty,1,31.51,31.51,19.54,4.73,False,South,Online,Regular
O005972,C1181,2024-07-26,Beauty,1,55.2,55.2,34.22,5.52,False,South,App,Regular
O007782,C1543,2024-03-04,Home & Kitchen,1,17.24,17.24,7.24,0.86,False,Central,Online,Premium
O003018,C0594,2023-09-02,Home & Kitchen,1,31.01,31.01,13.02,3.1,False,North,Partner,Regular
O007962,C1580,2024-06-28,Sports,1,116.94,116.94,44.44,0.0,False,East,Online,Regular
O008261,C1650,2023-12-17,Home & Kitchen,1,62.31,81.0,34.02,16.2,False,East,Retail,Regular
O005048,C1004,2024-01-22,Clothing,2,81.63,138.77,76.32,27.75,False,East,Partner,Premium
O002556,C0507,2023-11-29,Home & Kitchen,1,122.86,159.72,67.08,31.94,False,South,Online,Premium
O001128,C0214,2024-04-08,Beauty,2,49.51,99.02,61.39,9.9,False,East,Online,Regular
O001832,C0347,2023-09-07,Clothing,1,116.22,116.22,63.92,0.0,False,West,Retail,Regular
O007845,C1554,2023-12-14,Clothing,1,43.46,56.5,31.08,0.0,False,North,Online,Occasional
O009205,C1847,2024-11-14,Electronics,1,352.11,457.75,100.7,91.55,False,West,Online,Premium
O006086,C1201,2023-03-08,Sports,1,129.12,129.12,49.07,0.0,False,East,Partner,Premium
O000592,C0109,2024-12-01,Home & Kitchen,1,44.85,58.31,24.49,11.66,False,North,Online,Premium
O006454,C1289,2023-08-06,Electronics,1,151.44,151.44,33.32,0.0,False,West,App,Regular
O005951,C1178,2023-01-14,Electronics,1,473.79,402.72,88.6,0.0,True,Central,App,Regular
O008452,C1703,2023-08-18,Electronics,2,461.73,923.47,203.16,184.69,False,North,App,Premium
O009209,C1847,2023-02-01,Clothing,2,96.58,164.19,90.3,16.42,False,West,Online,Premium
O004452,C0897,2024-03-11,Beauty,1,61.76,61.76,38.29,0.0,False,South,App,Occasional
O003712,C0747,2023-09-17,Sports,1,176.43,176.43,67.04,0.0,False,South,Retail,Regular
O000841,C0152,2024-08-09,Sports,1,133.89,133.89,50.88,0.0,False,South,Online,Premium
O008371,C1685,2023-02-13,Electronics,1,593.57,504.53,111.0,50.45,False,West,Online,Occasional
O007481,C1481,2023-02-24,Clothing,1,28.66,24.36,13.4,1.22,False,Central,App,Regular
O001194,C0228,2024-08-28,Beauty,3,91.29,273.88,169.81,0.0,False,West,Partner,Regular
O007886,C1559,2024-10-21,Sports,1,251.8,251.8,95.68,0.0,False,East,Online,Occasional
O008571,C1724,2024-03-31,Beauty,1,27.43,27.43,17.01,0.0,False,West,Partner,Regular
O007494,C1484,2023-12-24,Clothing,1,5.0,6.5,3.58,1.3,False,Central,Online,Regular
O005170,C1027,2023-12-08,Beauty,1,7.55,9.81,6.08,0.0,False,North,Partner,Regular
O008348,C1676,2024-01-07,Clothing,1,93.97,79.87,43.93,0.0,False,Central,Online,Premium
O008524,C1717,2024-09-07,Electronics,1,558.77,558.77,122.93,111.75,False,Central,Online,Regular
O005777,C1143,2023-02-10,Electronics,1,321.67,273.42,60.15,41.01,True,West,Online,Regular
O000125,C0024,2023-07-25,Home & Kitchen,1,25.13,25.13,10.55,5.03,False,North,App,Premium
O002242,C0436,2024-03-18,Home & Kitchen,1,39.24,39.24,16.48,7.85,False,Central,Retail,Occasional
O004942,C0985,2023-06-25,Electronics,1,108.62,108.62,23.9,0.0,False,South,App,Regular
O004466,C0901,2024-06-01,Clothing,2,111.18,222.36,122.3,0.0,False,North,Online,Occasional
O009839,C1966,2023-09-06,Home & Kitchen,1,56.26,56.26,23.63,0.0,False,East,App,Occasional
O004372,C0882,2023-09-09,Home & Kitchen,1,33.01,33.01,13.86,0.0,False,North,Online,Regular
O006287,C1244,2024-12-09,Home & Kitchen,1,102.99,133.89,56.23,0.0,False,West,Online,Premium
O002061,C0399,2024-03-06,Home & Kitchen,1,151.36,151.36,63.57,0.0,False,West,Online,Regular
O000176,C0035,2023-10-24,Electronics,1,619.81,619.81,136.36,92.97,False,North,App,Regular
O001200,C0229,2023-11-13,Clothing,1,91.65,119.14,65.53,0.0,False,South,App,Premium
O000538,C0103,2023-05-30,Home & Kitchen,1,49.59,49.59,20.83,0.0,False,West,App,Premium
O002657,C0529,2023-04-12,Sports,2,63.24,126.48,48.06,0.0,False,Central,App,Premium
O002658,C0529,2024-05-11,Beauty,1,37.92,37.92,23.51,7.58,False,Central,App,Premium
O001838,C0348,2024-06-13,Beauty,1,52.89,52.89,32.79,10.58,False,South,App,Regular
O006651,C1326,2023-01-01,Sports,2,228.43,388.34,147.57,0.0,False,West,App,Regular
O007370,C1460,2024-05-01,Electronics,1,516.44,516.44,113.62,103.29,False,North,App,Regular
O005434,C1088,2023-03-26,Clothing,2,70.19,140.38,77.21,0.0,True,Central,Online,Regular
O007485,C1481,2023-11-20,Clothing,1,94.91,123.38,67.86,6.17,False,Central,App,Regular
O009738,C1947,2023-11-06,Clothing,1,18.84,24.49,13.47,1.22,False,West,Online,Premium
O001977,C0378,2023-03-06,Clothing,1,51.24,51.24,28.18,0.0,False,South,Online,Regular
O003892,C0784,2023-03-20,Beauty,1,55.78,55.78,34.58,8.37,False,Central,App,Occasional
O000547,C0104,2024-12-02,Electronics,1,157.14,204.28,44.94,0.0,False,North,App,Premium
O002163,C0415,2024-01-22,Electronics,2,440.99,749.68,164.93,74.97,False,East,App,Premium
O007745,C1537,2023-12-27,Beauty,1,39.24,51.01,31.63,5.1,False,East,Online,Premium
O002012,C0386,2024-11-22,Sports,1,89.39,116.21,44.16,5.81,False,Central,Online,Occasional
O005954,C1178,2023-02-02,Sports,1,44.19,37.56,14.27,3.76,False,Central,App,Regular
O007487,C1482,2023-07-12,Electronics,1,436.68,436.68,96.07,0.0,False,West,Online,Regular
O009813,C1958,2024-07-15,Electronics,1,270.05,270.05,59.41,54.01,False,North,Online,Premium
O005482,C1096,2023-11-17,Beauty,2,56.73,147.5,91.45,14.75,True,East,Retail,Premium
O007955,C1578,2024-02-21,Clothing,2,21.68,36.85,20.27,3.69,False,North,Online,Regular
O009479,C1903,2024-10-23,Beauty,2,24.38,48.75,30.22,9.75,False,West,Online,Regular
O002470,C0484,2024-07-18,Beauty,1,53.44,53.44,33.13,0.0,False,West,App,Occasional
O001645,C0315,2024-11-08,Clothing,1,57.55,74.82,41.15,11.22,False,Central,Partner,Regular
O000481,C0091,2024-08-28,Beauty,1,38.43,38.43,23.83,5.76,False,Central,App,Regular
O005846,C1157,2023-06-17,Sports,2,197.79,395.58,150.32,0.0,False,East,Retail,Occasional
O001279,C0240,2024-10-31,Clothing,1,55.29,55.29,30.41,0.0,False,West,Online,Premium
O000946,C0179,2024-11-24,Beauty,1,23.13,30.08,18.65,0.0,False,East,Retail,Premium
O004391,C0886,2024-11-07,Home & Kitchen,1,94.63,123.02,51.67,12.3,False,West,Online,Occasional
O008350,C1676,2024-12-19,Electronics,1,210.14,273.18,60.1,13.66,False,Central,Online,Premium
O003776,C0763,2023-12-13,Home & Kitchen,1,153.38,199.39,83.74,0.0,True,North,Online,Regular
O009059,C1824,2023-07-17,Electronics,1,402.13,402.13,88.47,80.43,False,Central,Online,Premium
O000966,C0186,2024-09-14,Clothing,1,10.06,10.06,5.53,0.0,False,North,Retail,Regular
O002836,C0561,2024-04-11,Sports,3,167.74,503.21,191.22,75.48,False,West,App,Regular
O006347,C1261,2023-07-21,Electronics,1,256.42,256.42,56.41,0.0,False,South,Online,Regular
O005992,C1185,2024-07-18,Home & Kitchen,1,177.18,177.18,74.42,0.0,False,West,Online,Regular
O005709,C1130,2023-10-14,Beauty,2,59.78,119.57,74.13,11.96,True,West,Online,Regular
O003217,C0635,2023-07-09,Home & Kitchen,1,173.32,173.32,72.79,0.0,False,South,Online,Premium
O000920,C0174,2023-09-14,Home & Kitchen,1,119.52,119.52,50.2,0.0,False,South,Retail,Regular
O007828,C1550,2024-06-30,Beauty,1,10.96,10.96,6.8,1.64,False,East,App,Regular
O005636,C1121,2024-03-25,Beauty,1,38.61,38.61,23.94,5.79,False,Central,Online,Premium
O001999,C0381,2024-05-08,Clothing,1,57.34,57.34,31.54,5.73,False,West,Partner,Regular
O008488,C1711,2024-09-25,Clothing,1,103.6,103.6,56.98,5.18,False,East,Online,Premium
O002351,C0463,2023-09-13,Home & Kitchen,2,5.0,10.0,4.2,0.0,False,South,Online,Regular
O009614,C1931,2024-01-25,Beauty,1,91.73,77.97,48.34,0.0,False,East,Online,Premium
O001254,C0235,2023-12-25,Home & Kitchen,1,83.01,107.91,45.32,0.0,False,East,Retail,Regular
O001463,C0274,2024-11-07,Beauty,1,53.65,69.74,43.24,0.0,True,West,Online,Premium
O005486,C1097,2023-04-12,Clothing,1,22.32,22.32,12.28,3.35,False,South,Partner,Regular
O008963,C1805,2023-03-03,Electronics,2,687.0,1373.99,302.28,137.4,False,South,Partner,Regular
O008807,C1769,2024-02-26,Electronics,1,361.16,306.99,67.54,0.0,False,West,Retail,Occasional
O005780,C1143,2023-02-22,Home & Kitchen,1,67.48,57.36,24.09,8.6,False,West,Online,Regular
O004385,C0884,2023-06-18,Clothing,2,64.74,129.48,71.21,6.47,False,West,App,Occasional
O004886,C0975,2023-12-04,Beauty,1,48.31,62.8,38.94,0.0,False,Central,Online,Regular
O002971,C0583,2024-09-19,Beauty,1,65.78,65.78,40.78,0.0,False,North,App,Occasional
O004731,C0946,2023-12-14,Electronics,1,226.62,294.61,64.81,44.19,False,East,Online,Regular
O002320,C0457,2024-07-07,Electronics,1,394.38,394.38,86.76,0.0,False,South,Retail,Premium
O008055,C1599,2024-12-17,Home & Kitchen,1,66.94,87.02,36.55,13.05,False,West,App,Regular
O004548,C0916,2023-11-11,Home & Kitchen,1,76.7,99.71,41.88,4.99,False,East,Online,Regular
O002686,C0535,2023-06-06,Home & Kitchen,1,82.41,82.41,34.61,4.12,False,West,App,Occasional
O005944,C1177,2023-07-06,Electronics,1,444.34,444.34,97.75,22.22,True,Central,App,Regular
O004489,C0905,2023-10-18,Electronics,2,410.26,820.53,180.52,0.0,False,South,Online,Premium
O002626,C0523,2023-10-22,Beauty,1,29.47,29.47,18.27,0.0,False,South,Online,Premium
O001972,C0377,2024-08-02,Electronics,2,257.94,515.88,113.49,77.38,False,Central,Online,Premium
O001911,C0364,2024-10-22,Clothing,1,5.0,5.0,2.75,0.5,False,West,App,Regular
O008630,C1738,2024-07-04,Beauty,1,61.25,61.25,37.98,0.0,False,West,Partner,Regular
O000685,C0127,2023-07-20,Sports,1,109.17,109.17,41.48,5.46,False,West,App,Regular
O003523,C0705,2024-07-15,Electronics,1,263.02,263.02,57.86,13.15,False,North,App,Occasional
O008965,C1806,2024-11-21,Beauty,1,57.79,75.13,46.58,15.03,False,West,Online,Occasional
O002375,C0465,2023-10-16,Beauty,1,64.42,64.42,39.94,0.0,False,Central,Online,Regular
O007905,C1563,2023-01-13,Beauty,1,44.46,37.79,23.43,7.56,False,East,Online,Regular
O002594,C0517,2023-03-29,Beauty,2,45.65,91.31,56.61,4.57,False,East,App,Premium
O007428,C1470,2024-07-12,Sports,2,150.43,300.87,114.33,60.17,False,South,Partner,Regular
O008667,C1745,2024-05-14,Beauty,1,35.91,35.91,22.26,0.0,False,Central,Online,Premium
O002228,C0429,2024-04-27,Clothing,3,73.89,221.67,121.92,22.17,False,North,App,Regular
O001347,C0255,2023-11-30,Electronics,1,404.02,525.23,115.55,105.05,False,East,App,Occasional
O004245,C0854,2024-02-19,Electronics,1,306.51,260.54,57.32,52.11,False,West,Online,Regular
O001770,C0337,2024-09-22,Clothing,1,83.56,83.56,45.96,16.71,False,East,App,Regular
O009927,C1980,2023-07-16,Sports,2,136.89,273.79,104.04,0.0,False,Central,Online,Regular
O007707,C1531,2024-02-29,Sports,1,115.78,98.42,37.4,14.76,False,Central,Online,Premium
O002914,C0571,2023-06-19,Beauty,1,53.24,53.24,33.01,5.32,False,Central,Online,Premium
O006191,C1224,2024-10-22,Electronics,1,484.54,484.54,106.6,72.68,False,South,Online,Occasional
O006963,C1390,2024-06-03,Electronics,1,590.79,590.79,129.97,29.54,False,South,App,Regular
O004854,C0965,2023-08-29,Clothing,1,76.55,76.55,42.1,3.83,False,North,Online,Regular
O006073,C1200,2024-01-20,Beauty,3,28.63,73.02,45.27,0.0,False,West,Online,Regular
O006335,C1255,2024-07-29,Home & Kitchen,1,21.05,21.05,8.84,0.0,True,South,Online,Premium
O009265,C1858,2024-04-28,Home & Kitchen,1,58.82,58.82,24.7,5.88,False,South,Online,Regular
O001302,C0244,2024-04-29,Sports,1,95.07,95.07,36.13,19.01,False,North,Online,Occasional
O005212,C1031,2024-03-13,Beauty,1,42.4,42.4,26.29,0.0,False,North,App,Premium
O005059,C1005,2023-06-21,Home & Kitchen,1,200.41,200.41,84.17,0.0,False,North,Online,Premium
O004632,C0928,2024-09-07,Sports,1,207.1,207.1,78.7,0.0,False,North,App,Regular
O008618,C1735,2024-12-01,Electronics,2,522.2,1357.73,298.7,203.66,False,North,Online,Regular
O009082,C1828,2023-09-25,Electronics,1,566.74,566.74,124.68,0.0,False,South,Online,Regular
O000738,C0136,2024-03-16,Clothing,2,86.02,172.03,94.62,0.0,False,West,Online,Regular
O006685,C1333,2023-01-29,Beauty,1,25.07,21.31,13.21,0.0,False,East,Partner,Regular
O003514,C0702,2023-03-06,Clothing,1,64.55,64.55,35.5,0.0,False,North,Retail,Regular
O009102,C1833,2024-05-03,Clothing,1,135.65,135.65,74.61,0.0,False,Central,Partner,Regular
O007533,C1489,2024-09-23,Electronics,1,249.41,249.41,54.87,12.47,False,Central,App,Regular
O009769,C1955,2023-01-25,Beauty,1,72.41,61.55,38.16,3.08,False,North,Retail,Premium
O005452,C1091,2024-02-08,Home & Kitchen,1,67.44,57.32,24.07,5.73,False,North,Retail,Regular
O000187,C0037,2023-11-17,Electronics,1,411.94,535.52,117.81,107.1,False,East,Partner,Premium
O009049,C1823,2024-07-30,Clothing,2,42.73,85.46,47.0,4.27,False,East,App,Occasional
O000638,C0117,2023-08-22,Home & Kitchen,2,223.13,446.26,187.43,0.0,True,North,App,Regular
O005185,C1029,2024-03-22,Electronics,1,642.28,642.28,141.3,0.0,False,East,Online,Premium
O007311,C1451,2024-03-21,Beauty,1,35.85,35.85,22.23,0.0,False,North,App,Premium
O000161,C0032,2024-05-29,Clothing,1,38.97,38.97,21.43,5.85,False,North,Online,Regular
O007512,C1486,2023-09-25,Home & Kitchen,1,133.95,133.95,56.26,0.0,False,South,App,Regular
O003609,C0719,2023-01-07,Beauty,1,58.76,49.95,30.97,2.5,False,West,App,Regular
O008649,C1743,2023-12-05,Sports,1,69.86,90.82,34.51,0.0,False,South,App,Premium
O004598,C0925,2024-06-30,Beauty,1,65.44,65.44,40.57,6.54,False,West,Partner,Premium
O003437,C0687,2024-02-21,Sports,1,145.11,123.35,46.87,0.0,False,East,App,Premium
O006270,C1243,2024-09-13,Electronics,1,651.96,651.96,143.43,130.39,False,West,Online,Regular
O004328,C0871,2024-01-01,Electronics,1,128.5,109.23,24.03,16.38,False,South,Online,Regular
O004811,C0960,2024-04-12,Clothing,1,66.98,66.98,36.84,0.0,False,Central,App,Premium
O008200,C1637,2023-08-17,Beauty,1,8.61,8.61,5.34,0.0,False,East,App,Premium
O004402,C0887,2023-07-30,Clothing,1,48.39,48.39,26.61,4.84,False,Central,Online,Premium
O006403,C1279,2024-02-28,Sports,1,139.58,118.64,45.08,17.8,False,South,Online,Regular
O003709,C0746,2024-11-06,Home & Kitchen,1,77.87,101.23,42.52,10.12,False,South,Online,Regular
O006095,C1202,2023-08-07,Sports,1,79.57,79.57,30.24,0.0,False,East,Online,Regular
O000467,C0090,2024-03-25,Electronics,1,339.48,339.48,74.69,0.0,False,West,Online,Premium
O001956,C0376,2024-07-06,Electronics,3,255.6,766.8,168.7,38.34,False,West,App,Premium
O005496,C1099,2023-03-18,Home & Kitchen,1,36.3,36.3,15.25,3.63,False,South,Online,Regular
O005799,C1145,2024-12-05,Clothing,1,39.93,51.91,28.55,2.6,False,West,Online,Premium
O000276,C0054,2024-02-27,Electronics,1,356.05,302.64,66.58,45.4,False,South,Online,Regular
O003132,C0618,2023-11-08,Beauty,1,30.6,39.78,24.66,5.97,False,West,App,Regular
O002569,C0509,2023-05-04,Clothing,2,123.53,247.07,135.89,49.41,False,West,App,Regular
O004464,C0900,2024-03-02,Sports,1,110.1,110.1,41.84,22.02,False,North,App,Regular
O008815,C1771,2023-03-08,Clothing,1,6.09,6.09,3.35,0.0,False,North,Retail,Regular
O005820,C1147,2023-07-01,Home & Kitchen,2,139.87,279.73,117.49,55.95,False,South,Online,Premium
O005945,C1177,2023-05-24,Beauty,1,41.1,41.1,25.48,6.16,False,Central,App,Regular
O006384,C1273,2024-03-22,Home & Kitchen,1,110.91,110.91,46.58,0.0,False,East,Partner,Regular
O004137,C0831,2023-08-06,Sports,1,189.7,189.7,72.09,18.97,False,South,Retail,Premium
O008850,C1778,2023-01-21,Electronics,2,113.14,192.34,42.31,9.62,False,East,App,Regular
O009668,C1939,2023-07-10,Electronics,2,412.19,824.37,181.36,0.0,True,West,Online,Regular
O005067,C1006,2023-05-04,Sports,1,78.65,78.65,29.89,0.0,False,North,Partner,Regular
O003945,C0796,2023-03-07,Sports,1,155.49,155.49,59.09,7.77,False,Central,Online,Occasional
O007861,C1556,2023-05-24,Sports,1,151.46,151.46,57.55,0.0,False,West,Online,Regular
O005872,C1165,2023-06-04,Clothing,1,132.01,132.01,72.61,0.0,False,Central,App,Regular
O008987,C1812,2023-06-06,Home & Kitchen,1,153.62,153.62,64.52,0.0,False,North,Retail,Premium
O009166,C1842,2023-09-30,Sports,1,132.64,132.64,50.4,13.26,False,North,Online,Regular
O001517,C0288,2023-04-01,Beauty,1,49.37,49.37,30.61,0.0,False,Central,Online,Regular
O009848,C1967,2023-11-12,Clothing,1,68.49,89.04,48.97,0.0,False,South,App,Premium
O006010,C1187,2024-05-30,Sports,1,238.31,238.31,90.56,0.0,False,South,Partner,Regular
O008876,C1785,2024-03-19,Beauty,1,50.06,50.06,31.04,0.0,False,North,Partner,Regular
O008101,C1615,2024-02-16,Home & Kitchen,1,126.15,107.23,45.04,10.72,False,East,Partner,Regular
O003893,C0785,2023-11-06,Home & Kitchen,1,132.51,172.26,72.35,17.23,False,West,Online,Regular
O003621,C0723,2024-05-20,Home & Kitchen,1,181.75,181.75,76.33,18.18,False,East,App,Regular
O005068,C1006,2023-08-07,Beauty,1,35.19,35.19,21.82,0.0,True,North,Partner,Regular
O001423,C0267,2024-08-08,Electronics,1,341.5,341.5,75.13,68.3,False,South,App,Premium
O002038,C0391,2024-11-06,Home & Kitchen,2,112.3,291.97,122.63,29.2,False,Central,App,Premium
O006444,C1286,2024-04-17,Electronics,1,226.03,226.03,49.73,0.0,False,West,Online,Occasional
O007038,C1404,2023-04-14,Beauty,1,27.34,27.34,16.95,0.0,False,North,Online,Premium
O000268,C0050,2024-09-26,Sports,1,59.26,59.26,22.52,11.85,False,North,App,Premium
O006311,C1249,2023-07-24,Sports,1,149.36,149.36,56.76,14.94,False,South,Online,Regular
O000867,C0157,2024-07-05,Beauty,3,11.52,34.55,21.42,0.0,False,South,Partner,Premium
O000384,C0077,2023-11-15,Home & Kitchen,1,118.68,154.29,64.8,23.14,False,South,App,Regular
O009823,C1960,2024-05-09,Home & Kitchen,1,77.87,77.87,32.71,0.0,False,East,Online,Regular
O005341,C1063,2023-11-17,Home & Kitchen,1,79.44,103.27,43.37,5.16,False,North,Online,Premium
O005246,C1039,2023-03-23,Sports,1,94.1,94.1,35.76,0.0,False,South,Online,Regular
O003639,C0727,2023-09-22,Electronics,1,99.7,99.7,21.93,14.96,False,West,Partner,Premium
O003311,C0655,2023-04-19,Home & Kitchen,1,51.05,51.05,21.44,0.0,False,East,Online,Regular
O006464,C1291,2024-02-17,Electronics,1,580.17,493.15,108.49,0.0,False,West,App,Regular
O004142,C0832,2024-05-25,Sports,3,136.34,409.03,155.43,61.35,False,North,App,Regular
O002449,C0479,2024-04-24,Electronics,1,314.57,314.57,69.21,0.0,False,South,Online,Regular
O007235,C1441,2024-03-01,Sports,2,73.05,146.1,55.52,0.0,False,West,App,Regular
O003436,C0687,2023-01-13,Home & Kitchen,1,51.41,43.69,18.35,6.55,False,East,App,Premium
O006109,C1204,2024-02-19,Electronics,1,119.02,101.16,22.26,0.0,False,Central,Online,Premium
O008896,C1792,2023-07-17,Sports,2,21.3,42.61,16.19,2.13,False,East,Online,Premium
O006981,C1394,2023-04-19,Beauty,1,65.52,65.52,40.62,6.55,False,East,Online,Regular
O009255,C1855,2023-01-02,Home & Kitchen,1,138.22,117.49,49.35,17.62,False,East,App,Premium
O006640,C1325,2023-07-29,Clothing,1,28.93,28.93,15.91,2.89,True,West,App,Premium
O007321,C1453,2024-09-11,Clothing,1,82.09,82.09,45.15,0.0,True,West,Online,Regular
O005361,C1069,2023-10-18,Clothing,1,72.4,72.4,39.82,0.0,True,South,Online,Regular
O000962,C0185,2023-10-11,Clothing,2,31.64,63.28,34.8,9.49,False,East,App,Regular
O006503,C1298,2023-09-28,Electronics,1,5.0,5.0,1.1,0.0,False,West,Online,Premium
O008115,C1620,2023-07-13,Beauty,2,34.41,68.82,42.67,13.76,True,South,Online,Regular
O001009,C0194,2023-09-02,Clothing,1,29.14,29.14,16.03,0.0,True,West,App,Regular
O007866,C1557,2023-10-26,Sports,1,158.66,158.66,60.29,0.0,False,West,Online,Regular
O003894,C0785,2023-11-04,Clothing,1,103.21,134.18,73.8,6.71,False,West,Online,Regular
O009466,C1899,2023-08-19,Sports,1,232.83,232.83,88.48,46.57,False,West,Online,Occasional
O008263,C1650,2023-03-06,Clothing,1,103.03,103.03,56.67,20.61,False,East,Retail,Regular
O009764,C1952,2024-12-29,Home & Kitchen,1,151.1,196.43,82.5,19.64,True,North,App,Regular
O003520,C0703,2023-12-01,Beauty,1,18.81,24.46,15.17,1.22,False,Central,App,Regular
O008771,C1762,2024-03-07,Sports,1,197.12,197.12,74.91,9.86,False,East,Partner,Premium
O001883,C0358,2024-11-07,Beauty,2,90.25,234.65,145.48,0.0,False,South,Online,Occasional
O007773,C1543,2024-04-05,Sports,1,112.95,112.95,42.92,0.0,False,Central,Online,Premium
O007536,C1491,2024-02-13,Beauty,1,49.58,42.15,26.13,2.11,False,Central,App,Occasional
O003784,C0764,2023-10-07,Home & Kitchen,1,167.19,167.19,70.22,33.44,False,West,Online,Premium
O001831,C0347,2024-09-20,Sports,2,107.93,215.87,82.03,21.59,False,West,Retail,Regular
O008482,C1710,2023-12-23,Electronics,1,247.58,321.85,70.81,48.28,False,Central,Retail,Regular
O007432,C1470,2023-06-06,Home & Kitchen,1,198.53,198.53,83.38,29.78,True,South,Partner,Regular
O001083,C0207,2024-05-18,Home & Kitchen,1,108.65,108.65,45.63,0.0,False,North,Retail,Premium
O001901,C0363,2024-02-27,Beauty,1,59.46,50.54,31.33,7.58,False,South,Partner,Regular
O006291,C1245,2024-12-26,Home & Kitchen,1,119.12,154.85,65.04,15.48,False,East,App,Regular
O001303,C0245,2023-04-29,Home & Kitchen,1,95.4,95.4,40.07,0.0,False,West,Retail,Regular
O004572,C0923,2024-08-23,Home & Kitchen,1,184.76,184.76,77.6,27.71,False,South,Online,Premium
O009013,C1814,2023-03-10,Electronics,1,305.09,305.09,67.12,0.0,False,West,Online,Premium
O009704,C1944,2023-04-23,Home & Kitchen,1,5.0,5.0,2.1,0.75,False,East,App,Regular
O007260,C1445,2024-07-13,Clothing,1,68.51,68.51,37.68,10.28,False,West,Online,Premium
O000219,C0042,2023-05-18,Clothing,1,12.87,12.87,7.08,0.0,False,East,Online,Premium
O001119,C0212,2023-08-09,Electronics,2,642.28,1284.57,282.61,256.91,False,North,App,Premium
O005271,C1045,2023-12-05,Home & Kitchen,1,108.53,141.09,59.26,28.22,False,North,Partner,Premium
O004091,C0824,2024-09-26,Beauty,3,29.48,88.45,54.84,4.42,False,Central,Retail,Premium
O003610,C0719,2024-10-16,Electronics,1,138.54,138.54,30.48,0.0,False,West,App,Regular
O001048,C0199,2024-11-02,Home & Kitchen,1,111.36,144.77,60.8,7.24,False,West,Online,Premium
O005912,C1173,2024-08-14,Beauty,3,53.38,160.15,99.29,32.03,False,South,Retail,Occasional
O004083,C0824,2024-07-24,Beauty,1,26.54,26.54,16.45,0.0,False,Central,Retail,Premium
O004524,C0911,2024-05-02,Sports,1,115.91,115.91,44.05,11.59,False,East,Retail,Regular
O003105,C0612,2024-08-13,Sports,1,75.36,75.36,28.64,0.0,False,North,App,Regular
O006122,C1206,2023-06-14,Sports,1,22.59,22.59,8.58,3.39,False,East,Retail,Premium
O006912,C1383,2024-06-15,Home & Kitchen,3,87.8,263.41,110.63,0.0,False,South,Partner,Regular
O007149,C1422,2024-09-17,Home & Kitchen,1,160.53,160.53,67.42,0.0,False,West,Retail,Regular
O000347,C0069,2023-10-19,Clothing,1,28.23,28.23,15.53,1.41,False,North,App,Regular
O007549,C1494,2023-11-04,Home & Kitchen,1,120.82,157.06,65.97,15.71,False,South,Online,Regular
O002096,C0402,2024-07-26,Sports,1,45.44,45.44,17.27,4.54,False,Central,Online,Regular
O006141,C1208,2024-08-15,Sports,1,163.42,163.42,62.1,0.0,False,South,Online,Premium
O007075,C1410,2024-07-31,Sports,1,36.68,36.68,13.94,3.67,False,West,Online,Premium
O006991,C1395,2024-10-26,Sports,2,30.12,60.25,22.9,0.0,False,North,App,Regular
O005406,C1083,2024-08-12,Electronics,1,223.44,223.44,49.16,0.0,False,West,Partner,Premium
O006096,C1202,2024-08-04,Clothing,1,47.67,47.67,26.22,0.0,False,East,Online,Regular
O003616,C0722,2024-01-26,Beauty,2,56.08,95.33,59.1,0.0,False,East,Retail,Regular
O003545,C0708,2023-07-30,Home & Kitchen,2,5.0,10.0,4.2,1.0,False,North,Retail,Regular
O007648,C1519,2024-05-16,Clothing,1,54.55,54.55,30.0,2.73,False,Central,App,Regular
O007697,C1527,2024-03-23,Clothing,1,5.0,5.0,2.75,0.0,False,West,Online,Occasional
O004907,C0979,2024-07-19,Beauty,1,51.1,51.1,31.68,10.22,False,East,App,Premium
O000472,C0090,2024-08-12,Electronics,1,538.64,538.64,118.5,0.0,False,West,Online,Premium
O000850,C0154,2023-09-11,Sports,2,212.11,424.21,161.2,0.0,False,North,Online,Regular
O004682,C0937,2023-08-18,Home & Kitchen,1,9.88,9.88,4.15,0.0,False,South,Online,Premium
O003386,C0670,2023-04-23,Beauty,2,44.75,89.5,55.49,0.0,False,Central,Online,Regular
O001825,C0346,2024-09-25,Clothing,1,54.95,54.95,30.22,5.5,False,Central,Online,Premium
O002587,C0517,2023-10-24,Electronics,1,302.16,302.16,66.48,60.43,False,East,App,Premium
O006698,C1335,2024-05-30,Electronics,2,442.57,885.14,194.73,0.0,False,West,Online,Premium
O003136,C0619,2023-06-23,Clothing,1,63.55,63.55,34.95,6.36,False,West,Partner,Occasional
O005456,C1092,2024-08-21,Sports,1,205.58,205.58,78.12,20.56,False,North,App,Regular
O009779,C1956,2024-11-13,Beauty,2,68.65,178.48,110.66,35.7,False,South,App,Premium
O006824,C1362,2023-01-19,Electronics,1,147.18,125.11,27.52,12.51,False,South,Partner,Premium
O005704,C1129,2023-07-06,Beauty,1,57.89,57.89,35.89,0.0,False,South,App,Regular
O008036,C1594,2023-12-17,Electronics,1,369.01,479.71,105.54,0.0,True,East,Online,Regular
O009828,C1963,2023-09-21,Clothing,1,68.09,68.09,37.45,0.0,True,North,Partner,Regular
O005337,C1063,2023-12-15,Clothing,1,42.75,55.58,30.57,8.34,False,North,Online,Premium
O004261,C0858,2024-05-07,Electronics,1,321.93,321.93,70.82,48.29,False,North,Online,Regular
O002975,C0585,2024-11-22,Clothing,1,146.92,191.0,105.05,0.0,False,North,Retail,Regular
O001043,C0199,2023-01-13,Home & Kitchen,1,72.9,61.96,26.02,0.0,True,West,Online,Premium
O003252,C0645,2024-02-05,Clothing,1,44.3,37.66,20.71,3.77,False,North,Retail,Regular
O009970,C1988,2023-10-25,Beauty,1,47.9,47.9,29.7,4.79,False,East,Partner,Premium
O005828,C1148,2024-06-23,Home & Kitchen,1,37.79,37.79,15.87,0.0,False,North,App,Occasional
O006960,C1390,2023-02-15,Electronics,1,267.07,227.01,49.94,22.7,False,South,App,Regular
O001079,C0206,2024-11-04,Home & Kitchen,1,93.05,120.97,50.81,6.05,False,North,Online,Occasional
O004144,C0833,2023-01-27,Electronics,1,464.36,394.71,86.84,0.0,False,North,App,Occasional
O001541,C0294,2023-05-18,Sports,1,224.15,224.15,85.18,0.0,False,North,Online,Regular
O006605,C1317,2024-03-23,Clothing,3,62.01,186.04,102.32,0.0,True,West,Retail,Premium
O007729,C1534,2024-06-29,Home & Kitchen,3,169.02,507.05,212.96,76.06,False,West,Retail,Regular
O008310,C1663,2023-05-28,Beauty,1,63.25,63.25,39.21,3.16,False,North,Online,Regular
O005327,C1061,2024-10-21,Electronics,1,354.87,354.87,78.07,0.0,False,North,Online,Regular
O003140,C0621,2023-10-21,Sports,1,72.27,72.27,27.46,3.61,False,South,Partner,Premium
O006514,C1299,2024-05-30,Sports,1,233.41,233.41,88.7,0.0,False,North,App,Regular
O010016,C1996,2024-11-18,Sports,2,73.69,191.59,72.8,0.0,False,East,Retail,Premium
O004057,C0821,2023-07-15,Home & Kitchen,1,165.37,165.37,69.46,33.07,False,West,Partner,Regular
O004551,C0916,2023-11-30,Clothing,1,31.52,40.98,22.54,0.0,False,East,Online,Regular
O000032,C0006,2023-04-17,Clothing,1,149.35,149.35,82.14,29.87,False,South,Online,Premium
O003723,C0749,2023-12-23,Clothing,1,22.71,29.52,16.24,0.0,False,East,Partner,Regular
O001427,C0267,2023-07-31,Clothing,1,6.06,6.06,3.33,0.0,False,South,App,Premium
O008926,C1797,2024-12-03,Sports,3,133.64,521.19,198.05,0.0,False,South,App,Regular
O001051,C0199,2023-11-24,Electronics,3,5.0,19.5,4.29,0.0,False,West,Online,Premium
O009703,C1943,2023-06-29,Sports,1,60.12,60.12,22.85,9.02,False,North,Online,Premium
O003316,C0659,2023-12-12,Home & Kitchen,1,56.64,73.63,30.92,14.73,False,West,App,Regular
O000010,C0002,2024-07-02,Electronics,1,515.78,515.78,113.47,0.0,False,North,Retail,Regular
O007624,C1514,2024-03-08,Sports,1,76.65,76.65,29.13,15.33,False,West,Partner,Regular
O005792,C1145,2024-10-02,Electronics,1,180.77,180.77,39.77,36.15,False,West,Online,Premium
O000046,C0007,2023-11-20,Beauty,2,55.83,145.16,90.0,0.0,False,East,App,Regular
O007141,C1419,2023-07-11,Beauty,2,52.64,105.27,65.27,15.79,False,East,Retail,Premium
O000086,C0017,2023-05-10,Beauty,1,22.23,22.23,13.78,0.0,False,West,App,Premium
O007499,C1485,2024-08-22,Home & Kitchen,2,64.34,128.68,54.05,6.43,False,West,App,Premium
O005234,C1037,2023-05-18,Electronics,1,242.06,242.06,53.25,0.0,False,South,Online,Premium
O005800,C1145,2024-10-31,Home & Kitchen,1,168.5,168.5,70.77,0.0,False,West,Online,Premium
O000606,C0111,2023-08-05,Clothing,2,93.19,186.38,102.51,37.28,False,Central,Online,Regular
O005135,C1021,2023-07-29,Home & Kitchen,1,190.97,190.97,80.21,0.0,False,West,Online,Regular
O004540,C0913,2024-06-24,Electronics,1,522.47,522.47,114.94,0.0,False,West,App,Premium
O009838,C1965,2023-11-03,Home & Kitchen,1,62.6,81.38,34.18,0.0,False,Central,App,Occasional
O009065,C1825,2023-12-02,Home & Kitchen,1,77.18,100.33,42.14,0.0,True,Central,Online,Regular
O006827,C1363,2024-01-22,Clothing,1,105.79,89.92,49.46,13.49,False,Central,Retail,Regular
O002229,C0429,2023-12-18,Sports,2,8.68,22.57,8.58,0.0,False,North,App,Regular
O000243,C0046,2024-04-12,Sports,1,153.65,153.65,58.39,0.0,False,North,Retail,Regular
O003912,C0788,2024-06-18,Beauty,1,33.49,33.49,20.76,0.0,False,West,Online,Premium
O002736,C0545,2023-07-01,Sports,1,25.1,25.1,9.54,1.26,False,East,Partner,Regular
O004934,C0984,2024-02-05,Beauty,1,32.86,27.93,17.32,1.4,False,East,App,Regular
O009429,C1890,2024-11-06,Clothing,1,24.9,32.37,17.8,3.24,True,East,Online,Premium
O009495,C1907,2024-07-02,Beauty,1,14.54,14.54,9.01,1.45,False,South,Online,Regular
O003939,C0795,2024-10-21,Beauty,1,26.51,26.51,16.44,5.3,True,West,Online,Premium
O001639,C0312,2024-08-01,Electronics,1,753.87,753.87,165.85,0.0,False,South,Online,Premium
O002627,C0523,2023-12-18,Home & Kitchen,3,25.18,98.19,41.24,14.73,False,South,Online,Premium
O003499,C0698,2023-07-03,Beauty,1,113.16,113.16,70.16,0.0,False,West,Partner,Premium
O001278,C0240,2023-02-01,Sports,1,143.89,122.31,46.48,6.12,False,West,Online,Premium
O009999,C1992,2023-02-22,Sports,1,57.32,48.73,18.52,2.44,False,North,App,Regular
O006422,C1283,2024-04-24,Home & Kitchen,1,93.26,93.26,39.17,18.65,False,Central,Retail,Occasional
O003561,C0712,2024-08-10,Home & Kitchen,1,34.92,34.92,14.67,5.24,False,South,Online,Premium
O001363,C0259,2024-01-28,Beauty,1,32.77,27.85,17.27,4.18,False,Central,Retail,Premium
O000805,C0147,2023-11-17,Electronics,2,207.75,540.16,118.84,0.0,False,East,App,Premium
O001446,C0270,2023-01-08,Sports,1,5.0,4.25,1.62,0.43,False,South,Retail,Regular
O004358,C0879,2024-06-02,Beauty,1,40.18,40.18,24.91,2.01,False,South,Online,Regular
O007852,C1555,2024-05-18,Electronics,1,270.81,270.81,59.58,54.16,False,East,App,Premium
O009037,C1821,2023-11-17,Clothing,1,89.82,116.76,64.22,17.51,False,West,App,Premium
O005088,C1010,2024-02-02,Electronics,1,5.0,4.25,0.94,0.64,False,West,Online,Regular
O004554,C0917,2024-02-04,Home & Kitchen,1,145.0,123.25,51.76,0.0,False,South,App,Occasional
O003093,C0611,2024-03-11,Home & Kitchen,1,63.99,63.99,26.88,6.4,False,North,App,Regular
O006657,C1327,2024-06-01,Clothing,1,105.9,105.9,58.24,5.3,False,North,App,Premium
O004903,C0979,2023-08-21,Sports,1,177.11,177.11,67.3,26.57,True,East,App,Premium
O001965,C0377,2024-05-29,Home & Kitchen,1,35.98,35.98,15.11,0.0,False,Central,Online,Premium
O006034,C1195,2024-11-30,Home & Kitchen,1,65.06,84.58,35.52,4.23,False,South,Online,Occasional
O006843,C1368,2023-09-13,Home & Kitchen,3,165.7,497.11,208.79,99.42,False,Central,App,Regular
O001196,C0228,2023-12-27,Clothing,1,46.96,61.05,33.58,6.1,False,West,Partner,Regular
O002097,C0402,2024-05-10,Beauty,2,25.61,51.23,31.76,0.0,False,Central,Online,Regular
O009090,C1830,2024-07-22,Electronics,2,229.71,459.43,101.07,0.0,False,North,Online,Premium
O005123,C1018,2023-09-06,Clothing,1,88.84,88.84,48.86,0.0,True,East,Partner,Regular
O003340,C0662,2024-08-30,Beauty,1,46.87,46.87,29.06,0.0,False,East,Online,Premium
O007129,C1418,2024-06-17,Clothing,1,21.51,21.51,11.83,0.0,False,East,Online,Premium
O006847,C1369,2023-10-17,Clothing,1,86.94,86.94,47.82,0.0,False,East,Retail,Occasional
O006224,C1230,2024-02-06,Beauty,1,5.0,4.25,2.64,0.85,False,East,Partner,Regular
O002280,C0448,2023-12-12,Clothing,1,34.63,45.02,24.76,2.25,False,West,Online,Premium
O008597,C1732,2024-06-16,Home & Kitchen,1,63.71,63.71,26.76,0.0,False,Central,App,Regular
O000744,C0137,2024-08-12,Beauty,1,32.55,32.55,20.18,0.0,False,South,Retail,Regular
O001562,C0297,2024-04-30,Sports,1,57.12,57.12,21.71,8.57,False,East,Online,Premium
O007843,C1553,2023-06-23,Sports,3,5.0,15.0,5.7,0.0,False,North,Online,Regular
O003708,C0745,2023-02-03,Clothing,1,58.28,49.54,27.25,9.91,False,West,Online,Occasional
O009487,C1905,2024-07-29,Sports,1,140.34,140.34,53.33,0.0,False,West,Partner,Occasional
O002872,C0566,2023-05-01,Home & Kitchen,1,110.85,110.85,46.56,16.63,True,South,Online,Regular
O000270,C0050,2024-11-28,Home & Kitchen,3,17.92,69.87,29.35,0.0,False,North,App,Premium
O006451,C1289,2023-09-29,Clothing,1,35.36,35.36,19.45,0.0,False,West,App,Regular
O006658,C1327,2024-02-05,Beauty,1,59.73,50.77,31.48,0.0,False,North,App,Premium
O002468,C0483,2024-06-20,Beauty,1,95.54,95.54,59.23,14.33,False,East,Online,Regular
O004240,C0853,2023-01-19,Electronics,2,170.17,289.29,63.64,0.0,False,Central,App,Regular
O008315,C1666,2024-08-28,Home & Kitchen,1,120.07,120.07,50.43,0.0,False,North,Online,Occasional
O002398,C0470,2024-04-16,Clothing,2,46.14,92.29,50.76,13.84,False,West,App,Premium
O002844,C0563,2023-10-27,Sports,1,70.87,70.87,26.93,3.54,False,South,Online,Occasional
O009243,C1854,2024-03-18,Clothing,1,90.89,90.89,49.99,18.18,False,East,Online,Regular
O005948,C1178,2024-02-26,Electronics,1,411.65,349.9,76.98,52.48,False,Central,App,Regular
O001326,C0250,2024-05-01,Sports,1,42.71,42.71,16.23,4.27,False,East,App,Regular
O007262,C1445,2023-08-18,Sports,2,107.91,215.82,82.01,21.58,False,West,Online,Premium
O006980,C1393,2024-08-28,Beauty,2,36.85,73.7,45.69,0.0,False,North,Online,Occasional
O002262,C0442,2024-01-05,Clothing,1,63.01,53.56,29.46,0.0,False,East,App,Regular
O002425,C0474,2023-04-04,Home & Kitchen,1,122.1,122.1,51.28,18.31,False,Central,Online,Premium
O009707,C1944,2023-02-13,Clothing,1,91.36,77.66,42.71,0.0,False,East,App,Regular
O005914,C1173,2023-08-13,Home & Kitchen,1,117.87,117.87,49.51,17.68,False,South,Retail,Occasional
O006799,C1357,2023-07-29,Electronics,1,63.97,63.97,14.07,6.4,False,Central,Online,Premium
O003336,C0662,2024-05-13,Sports,1,74.68,74.68,28.38,0.0,False,East,Online,Premium
O008574,C1725,2023-05-04,Home & Kitchen,2,30.28,60.55,25.43,12.11,False,East,Online,Regular
O006782,C1354,2024-12-21,Electronics,1,491.5,638.95,140.57,0.0,False,South,App,Occasional
O003205,C0635,2023-10-18,Sports,1,186.06,186.06,70.7,0.0,False,South,Online,Premium
O005533,C1108,2024-06-25,Sports,1,160.97,160.97,61.17,0.0,False,Central,Retail,Premium
O005316,C1060,2023-12-01,Electronics,1,554.6,720.99,158.62,36.05,False,West,Partner,Regular
O001362,C0259,2024-02-25,Electronics,2,559.73,951.53,209.34,0.0,False,Central,Retail,Premium
O005698,C1126,2023-02-22,Clothing,1,61.47,52.25,28.74,0.0,False,North,Retail,Occasional
O001539,C0294,2024-06-20,Beauty,2,28.69,57.38,35.58,0.0,False,North,Online,Regular
O000324,C0062,2023-12-05,Home & Kitchen,3,48.76,190.15,79.86,28.52,False,Central,App,Regular
O005077,C1009,2024-09-30,Sports,2,91.69,183.38,69.68,0.0,False,Central,Partner,Premium
O004758,C0952,2023-01-09,Clothing,1,23.01,19.56,10.76,1.96,False,West,App,Regular
O002642,C0527,2023-09-19,Beauty,1,62.12,62.12,38.51,0.0,False,North,App,Occasional
O001650,C0315,2024-07-25,Beauty,1,37.56,37.56,23.29,3.76,False,Central,Partner,Regular
O007166,C1426,2023-08-13,Clothing,1,31.17,31.17,17.14,0.0,False,South,Online,Regular
O002107,C0404,2023-12-13,Beauty,1,33.51,43.56,27.01,8.71,False,West,App,Regular
O003707,C0745,2023-07-21,Sports,1,190.94,190.94,72.56,0.0,False,West,Online,Occasional
O001420,C0266,2023-10-19,Sports,1,125.22,125.22,47.58,0.0,False,South,Online,Regular
O006949,C1389,2023-02-20,Electronics,2,328.81,558.98,122.98,0.0,False,Central,Online,Premium
O003478,C0695,2024-10-26,Home & Kitchen,2,172.06,344.12,144.53,17.21,False,East,Partner,Occasional
O004535,C0913,2024-08-26,Sports,2,116.83,233.67,88.79,0.0,False,West,App,Premium
O006871,C1373,2023-03-22,Beauty,1,29.87,29.87,18.52,0.0,False,Central,Retail,Regular
O001126,C0213,2023-06-28,Sports,1,5.0,5.0,1.9,0.0,False,South,Online,Occasional
O003197,C0632,2023-11-17,Clothing,1,59.93,77.9,42.85,7.79,False,North,App,Regular
O001093,C0208,2024-02-08,Sports,1,238.15,202.43,76.92,0.0,False,West,Online,Regular
O002822,C0558,2023-12-24,Electronics,3,813.76,3173.67,698.21,0.0,False,West,Online,Regular
O003575,C0713,2023-07-19,Sports,1,121.11,121.11,46.02,12.11,True,East,Online,Premium
O003447,C0687,2024-04-10,Home & Kitchen,1,71.94,71.94,30.21,3.6,False,East,App,Premium
O009925,C1980,2023-02-04,Sports,2,113.31,192.63,73.2,0.0,False,Central,Online,Regular
O004076,C0822,2023-11-28,Home & Kitchen,1,5.0,6.5,2.73,0.98,False,Central,App,Premium
O000188,C0037,2023-11-23,Clothing,1,9.33,12.12,6.67,1.82,True,East,Partner,Premium
O007878,C1558,2023-08-05,Electronics,1,320.73,320.73,70.56,32.07,False,West,App,Premium
O007082,C1412,2023-02-12,Home & Kitchen,1,135.68,115.33,48.44,23.07,False,North,App,Occasional
O002995,C0591,2024-04-21,Clothing,1,50.75,50.75,27.91,2.54,False,Central,Online,Regular
O005408,C1083,2023-06-01,Clothing,1,38.73,38.73,21.3,1.94,False,West,Partner,Premium
O002746,C0547,2024-07-03,Electronics,2,5.33,10.65,2.34,1.07,True,North,App,Regular
O006599,C1317,2024-07-21,Clothing,1,92.13,92.13,50.67,0.0,False,West,Retail,Premium
O005071,C1008,2024-02-16,Electronics,1,280.57,238.49,52.47,35.77,False,West,Retail,Regular
O008973,C1808,2023-11-23,Electronics,3,95.09,370.85,81.59,18.54,False,South,Online,Regular
O000456,C0089,2023-04-26,Sports,1,151.3,151.3,57.49,0.0,False,South,Retail,Premium
O006076,C1200,2024-02-02,Sports,2,253.9,431.64,164.02,86.33,False,West,Online,Regular
O005522,C1104,2023-04-02,Electronics,3,649.15,1947.44,428.44,0.0,False,East,App,Regular
O000258,C0050,2024-08-20,Sports,1,84.49,84.49,32.11,0.0,False,North,App,Premium
O007505,C1485,2023-10-23,Sports,2,54.79,109.58,41.64,0.0,False,West,App,Premium
O009116,C1834,2024-05-23,Home & Kitchen,1,169.09,169.09,71.02,0.0,False,East,Online,Regular
O002866,C0565,2023-07-04,Beauty,1,32.95,32.95,20.43,3.3,False,South,App,Regular
O002718,C0543,2023-08-26,Electronics,2,115.1,230.21,50.65,0.0,False,South,App,Premium
O005209,C1031,2024-08-23,Home & Kitchen,1,56.78,56.78,23.85,0.0,False,North,App,Premium
O004860,C0967,2023-05-18,Home & Kitchen,3,5.0,15.0,6.3,3.0,False,South,App,Occasional
O001155,C0219,2024-04-01,Beauty,1,44.77,44.77,27.76,0.0,False,West,Partner,Premium
O009806,C1957,2024-11-19,Beauty,1,56.24,73.11,45.33,3.66,False,West,App,Regular
O005461,C1093,2024-09-05,Electronics,1,280.1,280.1,61.62,42.02,False,West,Retail,Regular
O008490,C1711,2024-03-22,Clothing,1,92.64,92.64,50.95,0.0,False,East,Online,Premium
O000446,C0087,2023-08-17,Beauty,1,39.43,39.43,24.45,7.89,False,East,Partner,Regular
O002256,C0441,2024-12-08,Beauty,1,45.35,58.96,36.56,0.0,False,West,App,Regular
O003033,C0598,2024-04-19,Home & Kitchen,1,87.29,87.29,36.66,0.0,False,North,App,Regular
O006705,C1335,2024-07-30,Sports,1,162.68,162.68,61.82,0.0,False,West,Online,Premium
O000145,C0030,2024-08-24,Home & Kitchen,1,52.38,52.38,22.0,0.0,False,South,Online,Premium
O003889,C0782,2024-06-27,Clothing,1,83.85,83.85,46.12,4.19,False,North,Online,Occasional
O003470,C0693,2023-02-11,Beauty,1,49.09,41.72,25.87,0.0,False,West,Online,Regular
O005666,C1123,2024-05-06,Sports,1,75.77,75.77,28.79,0.0,False,West,Online,Premium
O000296,C0058,2023-11-01,Home & Kitchen,1,177.58,230.86,96.96,46.17,False,Central,Partner,Regular
O002915,C0571,2024-09-12,Clothing,1,48.02,48.02,26.41,2.4,False,Central,Online,Premium
O003029,C0595,2024-11-16,Electronics,1,206.32,268.21,59.01,0.0,False,North,App,Regular
O009815,C1959,2024-11-11,Home & Kitchen,1,227.38,295.6,124.15,0.0,False,South,Online,Regular
O009204,C1847,2024-09-03,Sports,1,53.49,53.49,20.33,0.0,False,West,Online,Premium
O004831,C0962,2023-10-14,Clothing,1,69.75,69.75,38.36,13.95,False,Central,Online,Regular
O004089,C0824,2023-02-16,Electronics,2,249.47,424.1,93.3,0.0,False,Central,Retail,Premium
O009805,C1957,2024-04-24,Beauty,1,41.96,41.96,26.02,0.0,False,West,App,Regular
O007650,C1519,2024-09-05,Electronics,1,5.0,5.0,1.1,0.75,False,Central,App,Regular
O005587,C1114,2023-12-20,Sports,1,136.98,178.08,67.67,0.0,False,Central,Retail,Regular
O001767,C0337,2024-07-08,Home & Kitchen,1,118.64,118.64,49.83,0.0,False,East,App,Regular
O005298,C1054,2024-01-30,Electronics,1,79.09,67.23,14.79,0.0,False,South,Online,Regular
O002832,C0560,2024-11-07,Beauty,1,40.87,53.13,32.94,7.97,False,Central,Online,Occasional
O001122,C0212,2023-09-12,Electronics,1,738.13,738.13,162.39,0.0,False,North,App,Premium
O002366,C0464,2023-04-24,Electronics,2,316.87,633.75,139.43,95.06,False,North,Retail,Premium
O007040,C1404,2024-03-17,Clothing,1,35.51,35.51,19.53,0.0,False,North,Online,Premium
O001994,C0379,2023-03-21,Home & Kitchen,1,77.29,77.29,32.46,7.73,False,West,Online,Premium
O005713,C1130,2023-12-09,Electronics,1,593.52,771.58,169.75,0.0,False,West,Online,Regular
O005746,C1139,2024-03-05,Clothing,1,28.38,28.38,15.61,2.84,False,South,Online,Premium
O003859,C0776,2024-04-16,Sports,1,84.78,84.78,32.22,12.72,False,South,App,Premium
O008053,C1599,2023-01-23,Electronics,1,560.93,476.79,104.89,0.0,False,West,App,Regular
O008494,C1711,2023-02-28,Clothing,2,85.16,144.77,79.62,0.0,False,East,Online,Premium
O004364,C0881,2024-03-01,Home & Kitchen,1,91.61,91.61,38.48,18.32,False,South,App,Regular
O007992,C1586,2023-06-11,Clothing,1,90.23,90.23,49.63,9.02,False,Central,Online,Premium
O006075,C1200,2023-03-16,Sports,1,108.22,108.22,41.12,0.0,False,West,Online,Regular
O007440,C1474,2024-07-11,Clothing,1,94.79,94.79,52.13,0.0,False,Central,Online,Regular
O008088,C1614,2024-04-24,Electronics,1,194.88,194.88,42.87,19.49,False,West,Online,Regular
O003072,C0604,2024-12-29,Sports,1,103.06,133.97,50.91,6.7,False,East,Partner,Occasional
O001809,C0345,2024-11-08,Home & Kitchen,2,207.47,539.43,226.56,0.0,False,West,Partner,Premium
O006017,C1191,2023-06-15,Electronics,1,237.44,237.44,52.24,0.0,False,South,App,Regular
O008395,C1689,2024-04-12,Home & Kitchen,1,158.22,158.22,66.45,31.64,False,North,Retail,Regular
O002834,C0560,2024-08-09,Beauty,2,61.65,123.3,76.45,24.66,False,Central,Online,Occasional
O005958,C1179,2024-03-09,Clothing,1,83.65,83.65,46.01,12.55,False,North,App,Regular
O001917,C0368,2023-12-05,Clothing,2,95.42,248.09,136.45,0.0,False,West,Online,Regular
O001498,C0285,2023-07-19,Sports,3,132.71,398.12,151.29,39.81,False,Central,Online,Regular
O005181,C1029,2023-03-14,Sports,1,175.68,175.68,66.76,8.78,False,East,Online,Premium
O006026,C1194,2024-09-15,Beauty,1,31.73,31.73,19.67,4.76,False,East,Online,Premium
O001111,C0212,2023-08-01,Clothing,2,34.75,69.5,38.22,3.48,False,North,App,Premium
O006445,C1287,2023-04-23,Beauty,2,14.0,28.0,17.36,0.0,False,West,App,Regular
O003987,C0805,2024-12-02,Sports,1,39.93,51.91,19.73,0.0,False,Central,Retail,Regular
O004855,C0965,2023-08-12,Sports,1,250.54,250.54,95.21,0.0,False,North,Online,Regular
O003882,C0781,2024-08-10,Clothing,1,110.41,110.41,60.73,5.52,False,West,App,Premium
O008027,C1592,2024-08-30,Electronics,1,5.0,5.0,1.1,0.25,False,East,Online,Regular
O000806,C0147,2023-09-02,Sports,1,67.85,67.85,25.78,0.0,False,East,App,Premium
O005011,C1001,2023-12-18,Clothing,2,60.47,157.21,86.47,23.58,False,West,Online,Regular
O001870,C0353,2023-05-02,Sports,1,61.86,61.86,23.51,6.19,True,East,Online,Regular
O004346,C0874,2024-04-13,Home & Kitchen,1,227.16,227.16,95.41,45.43,True,North,Partner,Regular
O002739,C0545,2024-04-13,Clothing,3,77.85,233.54,128.45,0.0,False,East,Partner,Regular
O000801,C0147,2024-11-20,Sports,1,69.89,90.85,34.52,13.63,False,East,App,Premium
O005424,C1085,2024-01-20,Electronics,1,263.03,223.57,49.19,44.71,False,South,Retail,Premium
O005089,C1010,2024-12-11,Sports,3,5.0,19.5,7.41,0.0,False,West,Online,Regular
O004231,C0852,2024-04-10,Sports,3,151.58,454.74,172.8,90.95,False,North,App,Regular
O007133,C1419,2024-10-11,Sports,1,75.64,75.64,28.74,11.35,False,East,Retail,Premium
O000486,C0092,2024-10-20,Home & Kitchen,1,132.31,132.31,55.57,19.85,False,South,Online,Occasional
O001210,C0229,2023-11-28,Beauty,3,60.15,234.57,145.43,0.0,False,South,App,Premium
O003268,C0649,2023-12-15,Sports,2,98.16,255.2,96.98,0.0,False,Central,App,Premium
O001601,C0307,2024-11-24,Beauty,2,5.0,13.0,8.06,0.0,False,Central,Online,Premium
O005329,C1062,2024-01-26,Sports,1,143.33,121.83,46.3,18.27,False,East,App,Regular
O000699,C0128,2024-12-12,Home & Kitchen,2,125.73,326.89,137.29,49.03,False,North,App,Regular
O006412,C1280,2023-10-31,Sports,1,189.16,189.16,71.88,28.37,False,West,Online,Regular
O001291,C0243,2024-07-16,Sports,1,111.62,111.62,42.42,22.32,False,West,Online,Premium
O001246,C0234,2023-06-21,Clothing,1,36.99,36.99,20.34,5.55,False,South,Online,Regular
O002647,C0529,2024-04-21,Electronics,1,512.76,512.76,112.81,76.91,False,Central,App,Premium
O006876,C1375,2023-05-06,Sports,1,5.0,5.0,1.9,0.0,False,East,Online,Regular
O009009,C1814,2024-03-21,Home & Kitchen,1,181.61,181.61,76.28,36.32,True,West,Online,Premium
O009104,C1833,2024-01-20,Sports,1,40.88,34.74,13.2,3.47,False,Central,Partner,Regular
O005255,C1042,2023-01-08,Sports,1,163.24,138.76,52.73,20.81,False,Central,Online,Occasional
O007401,C1465,2024-11-17,Sports,1,160.18,208.24,79.13,0.0,False,West,App,Regular
O000131,C0028,2024-07-18,Home & Kitchen,1,46.39,46.39,19.48,0.0,False,West,Online,Occasional
O000095,C0017,2023-03-20,Beauty,1,33.12,33.12,20.53,3.31,False,West,App,Premium
O006831,C1364,2023-04-29,Home & Kitchen,2,88.04,176.09,73.96,8.8,False,North,Online,Regular
O001512,C0287,2024-10-11,Clothing,1,67.1,67.1,36.9,0.0,False,West,App,Premium
O004902,C0979,2024-02-12,Beauty,1,30.37,25.82,16.01,0.0,False,East,App,Premium
O005826,C1147,2024-10-22,Beauty,1,69.36,69.36,43.0,3.47,False,South,Online,Premium
O005107,C1014,2023-03-23,Home & Kitchen,1,143.92,143.92,60.45,0.0,False,East,Partner,Premium
O006649,C1326,2024-12-05,Sports,1,99.78,129.72,49.29,0.0,False,West,App,Regular
O009098,C1831,2023-05-12,Beauty,1,77.65,77.65,48.14,0.0,True,Central,Partner,Regular
O003147,C0621,2023-04-25,Electronics,3,482.35,1447.04,318.35,144.7,False,South,Partner,Premium
O007821,C1549,2023-02-03,Clothing,2,93.84,159.52,87.74,23.93,False,South,Partner,Premium
O009935,C1982,2023-11-28,Home & Kitchen,1,46.68,60.68,25.49,3.03,False,South,Online,Regular
O005692,C1125,2023-11-10,Beauty,1,45.83,59.58,36.94,8.94,False,Central,Online,Premium
O006387,C1273,2024-01-13,Beauty,1,73.33,62.33,38.64,12.47,True,East,Partner,Regular
O009315,C1867,2024-10-17,Sports,1,204.96,204.96,77.88,30.74,False,West,Online,Occasional
O006336,C1255,2024-01-30,Electronics,1,265.84,225.97,49.71,0.0,False,South,Online,Premium
O001989,C0379,2024-07-11,Electronics,3,218.14,654.42,143.97,65.44,False,West,Online,Premium
O000447,C0087,2023-01-04,Clothing,1,84.99,72.24,39.73,14.45,False,East,Partner,Regular
O000791,C0145,2023-04-27,Beauty,1,48.53,48.53,30.09,0.0,False,West,Online,Regular
O007088,C1413,2023-06-19,Home & Kitchen,1,17.81,17.81,7.48,0.0,False,Central,Retail,Regular
O008456,C1704,2023-08-10,Home & Kitchen,1,46.1,46.1,19.36,0.0,False,South,Online,Regular
O000836,C0152,2023-08-19,Sports,2,87.69,175.37,66.64,17.54,False,South,Online,Premium
O007813,C1549,2023-07-01,Sports,2,212.18,424.36,161.26,21.22,True,South,Partner,Premium
O005745,C1138,2023-03-11,Clothing,2,16.94,33.89,18.64,1.69,False,Central,Retail,Occasional
O003239,C0642,2024-09-20,Home & Kitchen,1,108.12,108.12,45.41,16.22,False,Central,Retail,Occasional
O005769,C1141,2024-06-21,Beauty,2,58.73,117.46,72.83,0.0,True,North,Online,Regular
O008165,C1630,2023-01-17,Electronics,1,14.97,12.73,2.8,0.0,False,East,Retail,Premium
O007637,C1518,2024-01-28,Electronics,2,337.21,573.25,126.12,114.65,False,East,Online,Premium
O004644,C0930,2023-11-07,Electronics,1,519.57,675.44,148.6,135.09,False,South,App,Regular
O008193,C1636,2023-05-28,Home & Kitchen,1,54.44,54.44,22.86,2.72,False,West,App,Regular
O004084,C0824,2023-02-23,Home & Kitchen,2,62.2,105.73,44.41,0.0,False,Central,Retail,Premium
O005749,C1139,2024-09-05,Clothing,1,105.11,105.11,57.81,0.0,False,South,Online,Premium
O004064,C0822,2024-11-24,Beauty,1,44.25,57.52,35.66,0.0,False,Central,App,Premium
O009989,C1991,2024-04-05,Electronics,2,27.52,55.03,12.11,0.0,False,East,Partner,Premium
O001701,C0327,2023-09-18,Clothing,1,5.0,5.0,2.75,0.5,False,North,Partner,Occasional
O003531,C0706,2023-12-28,Sports,2,124.18,322.87,122.69,0.0,False,East,Online,Premium
O004206,C0845,2024-05-04,Sports,2,94.46,188.92,71.79,0.0,False,South,Online,Regular
O008838,C1775,2023-09-13,Sports,1,209.01,209.01,79.42,0.0,False,West,Online,Occasional
O007728,C1534,2024-05-25,Sports,3,92.65,277.96,105.62,0.0,False,West,Retail,Regular
O003946,C0796,2024-01-08,Clothing,1,16.08,13.67,7.52,2.05,False,Central,Online,Occasional
O005602,C1117,2023-09-13,Clothing,1,47.54,47.54,26.15,9.51,False,East,Online,Premium
O004728,C0946,2024-01-29,Electronics,1,549.8,467.33,102.81,23.37,False,East,Online,Regular
O003460,C0690,2024-09-19,Sports,1,163.71,163.71,62.21,16.37,False,East,App,Premium
O000557,C0104,2024-10-19,Home & Kitchen,1,33.22,33.22,13.95,0.0,False,North,App,Premium
O008245,C1644,2024-05-07,Clothing,1,105.83,105.83,58.21,5.29,False,South,Online,Premium
O008337,C1674,2023-02-11,Electronics,1,294.85,250.62,55.14,12.53,False,West,Online,Regular
O007122,C1418,2023-12-10,Home & Kitchen,1,91.33,118.74,49.87,0.0,False,East,Online,Premium
O002219,C0427,2023-11-20,Sports,1,13.01,16.92,6.43,2.54,False,North,Online,Regular
O002041,C0391,2024-04-09,Sports,1,183.71,183.71,69.81,18.37,False,Central,App,Premium
O008194,C1636,2023-02-17,Clothing,1,65.51,55.69,30.63,5.57,False,West,App,Regular
O009579,C1927,2023-10-11,Clothing,1,98.47,98.47,54.16,0.0,False,North,App,Regular
O001626,C0311,2024-09-17,Sports,1,79.3,79.3,30.13,3.96,False,West,Online,Regular
O002312,C0455,2023-10-18,Home & Kitchen,1,72.64,72.64,30.51,3.63,True,West,App,Regular
O002635,C0524,2023-09-22,Electronics,3,183.61,550.84,121.18,55.08,False,South,App,Regular
O003139,C0621,2024-10-01,Home & Kitchen,1,61.76,61.76,25.94,0.0,False,South,Partner,Premium
O009862,C1968,2024-07-07,Clothing,1,21.2,21.2,11.66,1.06,False,East,Partner,Regular
O001671,C0321,2023-04-16,Beauty,1,73.01,73.01,45.27,3.65,False,North,App,Occasional
O006196,C1225,2024-11-05,Beauty,1,46.68,60.68,37.62,0.0,False,South,Online,Regular
O006585,C1314,2023-02-02,Sports,2,57.11,97.08,36.89,4.85,False,South,App,Regular
O002439,C0475,2024-01-02,Beauty,1,25.72,21.86,13.55,3.28,False,Central,Online,Regular
O009789,C1956,2024-09-23,Clothing,1,96.13,96.13,52.87,4.81,False,South,App,Premium
O001662,C0318,2024-01-23,Clothing,1,19.84,16.86,9.27,0.84,False,South,Online,Regular
O000310,C0059,2024-03-28,Sports,1,269.05,269.05,102.24,40.36,False,Central,Online,Premium
O008300,C1660,2024-05-02,Beauty,1,25.62,25.62,15.88,1.28,False,East,Online,Premium
O002386,C0468,2023-03-24,Beauty,1,62.35,62.35,38.66,12.47,False,West,App,Premium
O000208,C0041,2023-04-03,Beauty,1,31.18,31.18,19.33,1.56,True,East,App,Premium
O003716,C0747,2023-05-07,Clothing,1,51.77,51.77,28.47,5.18,True,South,Retail,Regular
O007107,C1416,2024-03-31,Home & Kitchen,1,150.45,150.45,63.19,15.04,False,West,Online,Regular
O000059,C0010,2024-05-23,Sports,1,80.79,80.79,30.7,12.12,False,North,Partner,Regular
O004905,C0979,2023-08-28,Sports,1,110.51,110.51,41.99,11.05,False,East,App,Premium
O001354,C0257,2024-02-29,Home & Kitchen,1,15.25,12.96,5.44,0.0,False,East,Online,Regular
O000589,C0109,2024-04-15,Clothing,1,39.42,39.42,21.68,3.94,False,North,Online,Premium
O005022,C1002,2024-12-31,Home & Kitchen,2,80.52,209.36,87.93,10.47,False,East,App,Premium
O002675,C0533,2023-09-21,Sports,3,84.32,252.97,96.13,12.65,False,West,Online,Regular
O004388,C0885,2024-10-18,Clothing,1,47.6,47.6,26.18,0.0,False,South,Online,Regular
O004701,C0938,2023-04-21,Home & Kitchen,1,52.99,52.99,22.26,2.65,False,West,Online,Regular
O000846,C0154,2024-03-27,Electronics,1,326.18,326.18,71.76,32.62,False,North,Online,Regular
O009826,C1962,2024-02-19,Electronics,1,434.99,369.74,81.34,0.0,False,Central,Online,Regular
O006703,C1335,2023-06-05,Clothing,2,123.23,246.46,135.55,0.0,False,West,Online,Premium
O006227,C1231,2023-11-27,Electronics,1,408.24,530.72,116.76,0.0,False,Central,App,Occasional
O003273,C0649,2024-01-29,Home & Kitchen,2,93.04,158.16,66.43,23.72,False,Central,App,Premium
O007854,C1555,2023-09-24,Clothing,1,109.74,109.74,60.36,0.0,False,East,App,Premium
O004932,C0983,2024-09-09,Sports,1,5.0,5.0,1.9,0.5,False,Central,Online,Premium
O000671,C0122,2024-08-08,Sports,3,15.32,45.95,17.46,4.6,False,South,Retail,Premium
O007597,C1506,2024-10-23,Electronics,1,90.49,90.49,19.91,0.0,False,North,Online,Regular
O005803,C1145,2023-07-31,Beauty,1,73.86,73.86,45.79,14.77,False,West,Online,Premium
O007736,C1536,2024-07-28,Electronics,1,351.44,351.44,77.32,0.0,False,East,Online,Regular
O003498,C0698,2023-03-24,Beauty,1,35.67,35.67,22.12,1.78,False,West,Partner,Premium
O000050,C0008,2024-10-24,Sports,1,132.25,132.25,50.26,0.0,False,West,Online,Premium
O000015,C0003,2024-09-21,Sports,1,115.02,115.02,43.71,0.0,False,Central,Retail,Premium
O009537,C1919,2024-09-04,Beauty,1,100.93,100.93,62.58,20.19,False,South,App,Regular
O006875,C1375,2024-07-20,Home & Kitchen,2,168.14,336.27,141.23,0.0,False,East,Online,Regular
O001085,C0207,2023-10-14,Clothing,1,5.0,5.0,2.75,0.0,False,North,Retail,Premium
O000225,C0042,2024-01-07,Electronics,1,403.13,342.66,75.39,34.27,False,East,Online,Premium
O001162,C0219,2023-03-31,Electronics,1,265.1,265.1,58.32,0.0,False,West,Partner,Premium
O008852,C1779,2023-12-19,Electronics,1,570.69,741.89,163.22,0.0,False,South,Online,Occasional
O008954,C1803,2024-03-12,Beauty,1,48.91,48.91,30.32,0.0,False,Central,Online,Premium
O006728,C1340,2023-08-26,Beauty,1,25.78,25.78,15.98,5.16,False,West,Partner,Premium
O000950,C0180,2023-06-18,Sports,1,125.22,125.22,47.58,6.26,False,South,Retail,Occasional
O009373,C1879,2024-12-01,Clothing,1,72.48,94.22,51.82,0.0,False,Central,App,Regular
O009546,C1922,2023-12-16,Beauty,1,47.75,62.07,38.48,0.0,False,North,Online,Regular
O000582,C0108,2023-04-09,Home & Kitchen,1,82.72,82.72,34.74,8.27,False,North,App,Occasional
O004275,C0861,2023-09-06,Electronics,1,267.46,267.46,58.84,0.0,False,South,Online,Regular
O001448,C0270,2024-01-19,Electronics,1,440.72,374.62,82.42,37.46,False,South,Retail,Regular
O005949,C1178,2023-12-12,Electronics,1,306.23,398.1,87.58,19.9,False,Central,App,Regular
O005227,C1035,2023-04-10,Clothing,1,61.18,61.18,33.65,0.0,False,North,Online,Regular
O003560,C0712,2024-04-30,Home & Kitchen,2,27.69,55.39,23.26,0.0,False,South,Online,Premium
O004822,C0960,2023-11-22,Beauty,1,53.69,69.79,43.27,6.98,False,Central,App,Premium
O004511,C0908,2023-10-12,Clothing,1,87.25,87.25,47.99,13.09,False,North,Retail,Regular
O007774,C1543,2023-07-01,Sports,1,84.27,84.27,32.02,4.21,False,Central,Online,Premium
O002154,C0415,2024-02-21,Sports,1,43.78,37.21,14.14,3.72,True,East,App,Premium
O000224,C0042,2024-07-29,Beauty,2,35.9,71.8,44.52,0.0,False,East,Online,Premium
O008834,C1774,2024-07-29,Clothing,1,91.24,91.24,50.18,9.12,True,North,App,Regular
O002835,C0561,2024-07-29,Home & Kitchen,1,133.82,133.82,56.2,0.0,False,West,App,Regular
O009425,C1890,2023-01-25,Sports,1,85.21,72.43,27.52,0.0,False,East,Online,Premium
O003098,C0611,2023-12-30,Sports,1,56.47,73.41,27.9,0.0,False,North,App,Regular
O004688,C0937,2024-08-08,Sports,1,156.47,156.47,59.46,31.29,False,South,Online,Premium
O007771,C1543,2024-02-18,Electronics,1,451.73,383.97,84.47,19.2,False,Central,Online,Premium
O006063,C1198,2024-01-18,Beauty,1,17.64,14.99,9.29,0.0,False,West,Partner,Premium
O003586,C0715,2023-02-27,Sports,1,176.38,149.92,56.97,22.49,False,South,Online,Regular
O008580,C1729,2024-05-24,Electronics,1,463.33,463.33,101.93,0.0,False,Central,App,Regular
O000721,C0132,2024-05-05,Clothing,1,98.04,98.04,53.92,9.8,False,South,App,Premium
O005830,C1149,2023-04-13,Sports,1,67.5,67.5,25.65,3.38,False,North,Partner,Occasional
O004183,C0840,2024-01-03,Electronics,1,256.88,218.35,48.04,32.75,False,East,Retail,Regular
O006299,C1246,2023-10-15,Home & Kitchen,1,182.19,182.19,76.52,9.11,False,Central,Retail,Regular
O008530,C1717,2024-02-18,Clothing,3,94.92,242.04,133.12,24.2,False,Central,Online,Regular
O005571,C1112,2023-06-19,Clothing,1,45.53,45.53,25.04,4.55,False,North,Partner,Premium
O000559,C0105,2023-03-18,Beauty,1,47.64,47.64,29.54,9.53,False,Central,Online,Premium
O004309,C0866,2023-05-15,Sports,1,53.79,53.79,20.44,0.0,False,Central,App,Premium
O005667,C1123,2023-10-16,Sports,1,143.98,143.98,54.71,7.2,False,West,Online,Premium
O000838,C0152,2024-04-13,Home & Kitchen,1,136.95,136.95,57.52,13.7,False,South,Online,Premium
O000506,C0098,2024-07-02,Electronics,1,306.45,306.45,67.42,45.97,False,South,Partner,Premium
O001286,C0240,2024-07-07,Sports,1,223.88,223.88,85.07,0.0,False,West,Online,Premium
O008840,C1776,2024-03-31,Beauty,1,51.96,51.96,32.22,0.0,False,East,Retail,Occasional
O009229,C1851,2023-02-01,Sports,2,20.77,35.31,13.42,1.77,False,South,Online,Regular
O003775,C0763,2024-01-08,Beauty,1,19.97,16.98,10.53,0.0,False,North,Online,Regular
O006489,C1295,2023-01-04,Home & Kitchen,1,167.22,142.14,59.7,0.0,False,West,Retail,Premium
O005797,C1145,2024-07-04,Clothing,1,74.4,74.4,40.92,11.16,False,West,Online,Premium
O001426,C0267,2023-08-19,Sports,1,211.5,211.5,80.37,31.72,False,South,App,Premium
O001492,C0282,2023-10-29,Clothing,1,63.7,63.7,35.04,3.19,False,South,App,Regular
O006051,C1197,2024-04-16,Home & Kitchen,2,171.71,343.43,144.24,0.0,False,North,Online,Regular
O009574,C1926,2023-07-29,Home & Kitchen,1,60.5,60.5,25.41,0.0,False,North,Retail,Regular
O000924,C0174,2024-10-02,Sports,1,5.0,5.0,1.9,0.0,False,South,Retail,Regular
O000939,C0179,2023-03-14,Sports,1,205.81,205.81,78.21,0.0,False,East,Retail,Premium
O001637,C0312,2024-11-25,Sports,1,189.54,246.41,93.64,24.64,False,South,Online,Premium
O009387,C1886,2024-04-07,Electronics,1,34.59,34.59,7.61,0.0,False,North,Online,Premium
O009745,C1948,2023-07-29,Beauty,1,34.7,34.7,21.51,1.74,False,North,Retail,Regular
O001487,C0279,2023-04-02,Beauty,1,50.57,50.57,31.35,0.0,False,South,App,Occasional
O004236,C0853,2023-07-09,Sports,1,5.0,5.0,1.9,0.0,False,Central,App,Regular
O000493,C0097,2024-07-04,Sports,2,85.08,170.17,64.66,8.51,False,North,Partner,Regular
O002139,C0412,2024-02-14,Sports,2,182.8,310.76,118.09,0.0,False,East,App,Premium
O009207,C1847,2024-09-23,Home & Kitchen,1,54.62,54.62,22.94,0.0,False,West,Online,Premium
O001214,C0230,2023-04-24,Home & Kitchen,2,96.94,193.88,81.43,38.78,False,East,App,Premium
O000023,C0005,2024-06-03,Electronics,1,624.62,624.62,137.42,62.46,False,South,App,Regular
O009225,C1851,2023-09-27,Beauty,1,37.14,37.14,23.03,1.86,True,South,Online,Regular
O006461,C1291,2024-01-27,Home & Kitchen,2,156.97,266.86,112.08,40.03,False,West,App,Regular
O002829,C0559,2024-03-02,Home & Kitchen,1,108.42,108.42,45.54,0.0,False,West,Retail,Regular
O003219,C0635,2023-09-17,Home & Kitchen,1,103.43,103.43,43.44,0.0,False,South,Online,Premium
O008507,C1713,2024-07-05,Home & Kitchen,1,187.05,187.05,78.56,28.06,False,East,Online,Premium
O008931,C1797,2024-05-02,Clothing,1,84.03,84.03,46.22,16.81,False,South,App,Regular
O001679,C0322,2023-07-31,Electronics,1,477.75,477.75,105.1,71.66,False,West,Online,Regular
O004208,C0846,2024-12-01,Clothing,1,38.69,50.3,27.66,0.0,False,West,Online,Regular
O006759,C1349,2024-07-13,Beauty,1,44.71,44.71,27.72,8.94,False,West,Partner,Premium
O001574,C0301,2023-10-17,Clothing,1,72.8,72.8,40.04,0.0,False,Central,Online,Regular
O006806,C1357,2023-02-06,Beauty,1,45.13,38.36,23.78,0.0,False,Central,Online,Premium
O009500,C1909,2024-12-12,Home & Kitchen,1,87.05,113.17,47.53,11.32,False,South,App,Regular
O004595,C0925,2024-08-22,Beauty,2,59.46,118.91,73.72,23.78,False,West,Partner,Premium
O000879,C0160,2023-11-26,Clothing,1,78.38,101.9,56.05,20.38,False,West,Online,Regular
O005448,C1091,2023-03-07,Sports,1,98.71,98.71,37.51,14.81,False,North,Retail,Regular
O005536,C1108,2023-10-05,Home & Kitchen,1,72.14,72.14,30.3,7.21,False,Central,Retail,Premium
O001672,C0321,2024-02-27,Clothing,1,69.58,59.14,32.53,0.0,False,North,App,Occasional
O005845,C1156,2024-07-30,Home & Kitchen,1,51.87,51.87,21.79,2.59,False,Central,Online,Regular
O003125,C0617,2024-04-09,Electronics,1,367.88,367.88,80.93,36.79,False,West,App,Premium
O008983,C1810,2024-04-21,Clothing,2,61.94,123.88,68.13,6.19,False,Central,Online,Occasional
O001377,C0262,2023-11-07,Beauty,1,17.69,23.0,14.26,0.0,False,South,App,Regular
O007108,C1416,2023-05-10,Electronics,2,86.45,172.9,38.04,34.58,True,West,Online,Regular
O003367,C0666,2023-06-30,Home & Kitchen,1,129.58,129.58,54.42,0.0,False,East,Online,Occasional
O003368,C0667,2024-11-17,Electronics,2,311.09,808.83,177.94,0.0,False,South,App,Regular
O004968,C0993,2023-07-27,Electronics,1,183.37,183.37,40.34,18.34,False,Central,Online,Regular
O006702,C1335,2023-06-28,Clothing,1,5.0,5.0,2.75,0.75,False,West,Online,Premium
O007654,C1521,2023-01-25,Home & Kitchen,2,100.12,170.2,71.48,17.02,False,East,App,Regular
O003583,C0714,2023-07-19,Clothing,1,137.68,137.68,75.72,6.88,False,North,Online,Occasional
O006077,C1200,2024-04-18,Clothing,1,53.77,53.77,29.57,8.07,False,West,Online,Regular
O009572,C1926,2023-04-09,Beauty,1,5.0,5.0,3.1,0.75,False,North,Retail,Regular
O002311,C0455,2023-09-11,Home & Kitchen,1,72.69,72.69,30.53,10.9,False,West,App,Regular
O002921,C0573,2024-02-28,Clothing,2,30.11,51.19,28.15,0.0,False,South,App,Regular
O003361,C0665,2024-10-03,Home & Kitchen,1,71.19,71.19,29.9,10.68,False,West,Partner,Regular
O003771,C0762,2023-05-27,Clothing,1,60.7,60.7,33.39,3.04,False,Central,App,Regular
O008050,C1599,2024-11-07,Clothing,2,61.95,161.08,88.59,0.0,False,West,App,Regular
O000201,C0040,2023-06-13,Home & Kitchen,1,103.79,103.79,43.59,20.76,False,North,Retail,Regular
O009901,C1973,2024-12-23,Electronics,1,403.17,524.12,115.31,104.82,False,East,Online,Regular
O005863,C1164,2024-01-29,Clothing,1,81.0,68.85,37.87,10.33,False,East,Online,Occasional
O000022,C0005,2024-06-03,Sports,1,158.66,158.66,60.29,31.73,False,South,App,Regular
O004963,C0992,2024-03-18,Home & Kitchen,1,100.85,100.85,42.36,20.17,False,East,Partner,Regular
O009895,C1973,2023-12-13,Clothing,1,78.62,102.21,56.22,15.33,False,East,Online,Regular
O001384,C0263,2024-03-29,Sports,1,105.95,105.95,40.26,21.19,False,Central,Online,Premium
O008974,C1808,2024-01-02,Sports,1,145.64,123.8,47.04,18.57,False,South,Online,Regular
O004909,C0980,2024-04-17,Beauty,1,17.18,17.18,10.65,0.0,False,West,Retail,Occasional
O002970,C0582,2023-03-14,Sports,1,187.83,187.83,71.38,0.0,False,North,Retail,Occasional
O007478,C1480,2024-11-28,Sports,1,172.81,224.66,85.37,33.7,False,South,App,Occasional
O002066,C0399,2024-01-26,Electronics,1,225.9,192.01,42.24,0.0,True,West,Online,Regular
O002760,C0549,2023-10-20,Clothing,1,33.91,33.91,18.65,1.7,False,East,Retail,Premium
O004563,C0921,2024-05-31,Sports,1,50.66,50.66,19.25,2.53,False,East,Online,Regular
O001157,C0219,2024-09-26,Electronics,1,407.63,407.63,89.68,40.76,False,West,Partner,Premium
O007287,C1448,2024-12-07,Home & Kitchen,1,49.96,64.95,27.28,0.0,False,North,App,Premium
O003526,C0706,2023-11-10,Clothing,2,53.73,139.69,76.83,0.0,False,East,Online,Premium
O001165,C0220,2024-10-20,Beauty,3,35.96,107.89,66.89,21.58,False,North,Online,Regular
O001600,C0307,2023-10-25,Beauty,1,16.49,16.49,10.22,0.0,False,Central,Online,Premium
O004862,C0968,2024-03-31,Beauty,1,42.97,42.97,26.64,4.3,False,South,Online,Regular
O000928,C0174,2024-12-21,Beauty,1,38.65,50.24,31.15,0.0,False,South,Retail,Regular
O004994,C0998,2023-06-11,Home & Kitchen,3,22.6,67.81,28.48,0.0,False,West,Partner,Premium
O008620,C1736,2023-02-12,Beauty,1,37.78,32.11,19.91,0.0,False,West,Online,Occasional
O007489,C1483,2023-10-30,Sports,1,168.71,168.71,64.11,0.0,False,South,Online,Regular
O007072,C1409,2023-04-10,Clothing,1,99.45,99.45,54.7,0.0,False,Central,App,Regular
O006513,C1299,2023-08-22,Clothing,1,46.29,46.29,25.46,4.63,False,North,App,Regular
O007726,C1534,2024-03-31,Clothing,1,78.65,78.65,43.26,0.0,False,West,Retail,Regular
O006147,C1211,2023-12-23,Sports,2,122.14,317.57,120.68,0.0,False,East,Online,Regular
O001500,C0285,2024-11-28,Electronics,1,314.23,408.51,89.87,20.43,False,Central,Online,Regular
O009289,C1865,2024-10-02,Beauty,1,62.86,62.86,38.97,0.0,False,East,App,Premium
O008220,C1640,2024-11-06,Home & Kitchen,1,155.03,201.54,84.65,0.0,False,East,App,Regular
O006288,C1244,2023-10-02,Home & Kitchen,1,142.3,142.3,59.77,0.0,False,West,Online,Premium
O002168,C0415,2024-04-16,Beauty,1,57.17,57.17,35.45,5.72,False,East,App,Premium
O002230,C0429,2023-07-08,Beauty,1,34.16,34.16,21.18,1.71,False,North,App,Regular
O003107,C0612,2024-08-04,Beauty,1,47.78,47.78,29.62,2.39,False,North,App,Regular
O008598,C1732,2024-11-10,Clothing,1,98.39,127.91,70.35,19.19,False,Central,App,Regular
O007303,C1450,2023-04-27,Clothing,1,11.5,11.5,6.32,0.0,False,East,Online,Regular
O000049,C0008,2023-09-17,Sports,1,239.28,239.28,90.93,0.0,False,West,Online,Premium
O003210,C0635,2023-08-11,Beauty,1,55.43,55.43,34.37,5.54,False,South,Online,Premium
O009911,C1976,2023-06-01,Beauty,1,86.6,86.6,53.69,0.0,False,West,Online,Regular
O000631,C0115,2023-03-19,Beauty,2,50.69,101.39,62.86,0.0,False,Central,Online,Regular
O000909,C0169,2023-04-12,Sports,1,53.8,53.8,20.44,8.07,False,West,Online,Regular
O000983,C0190,2024-01-10,Clothing,2,96.7,164.39,90.41,16.44,False,Central,Retail,Premium
O006487,C1295,2024-12-23,Clothing,1,55.8,72.54,39.9,7.25,False,West,Retail,Premium
O001430,C0267,2024-11-29,Electronics,1,227.59,295.87,65.09,0.0,False,South,App,Premium
O009861,C1968,2023-01-09,Beauty,2,75.04,127.57,79.09,0.0,False,East,Partner,Regular
O003711,C0746,2024-04-25,Beauty,2,31.84,63.68,39.48,0.0,False,South,Online,Regular
O003471,C0693,2024-01-11,Clothing,1,175.85,149.47,82.21,0.0,False,West,Online,Regular
O001443,C0270,2024-11-24,Sports,1,137.25,178.42,67.8,17.84,False,South,Retail,Regular
O003664,C0732,2023-11-05,Sports,2,33.28,86.53,32.88,0.0,False,West,App,Regular
O001465,C0275,2023-01-27,Home & Kitchen,1,93.35,79.35,33.33,11.9,False,West,Retail,Regular
O002979,C0585,2023-07-03,Beauty,1,48.51,48.51,30.08,7.28,False,North,Retail,Regular
O009897,C1973,2024-04-29,Home & Kitchen,1,191.04,191.04,80.24,38.21,False,East,Online,Regular
O001741,C0333,2023-10-25,Home & Kitchen,1,5.0,5.0,2.1,0.75,False,North,Online,Regular
O005537,C1108,2023-04-12,Electronics,1,5.0,5.0,1.1,0.0,False,Central,Retail,Premium
O001300,C0243,2023-06-24,Electronics,1,123.12,123.12,27.09,18.47,True,West,Online,Premium
O002040,C0391,2024-12-03,Sports,1,262.43,341.16,129.64,0.0,True,Central,App,Premium
O008318,C1667,2023-08-20,Home & Kitchen,1,131.62,131.62,55.28,0.0,False,North,Online,Regular
O004931,C0983,2024-08-04,Beauty,1,17.56,17.56,10.89,2.63,False,Central,Online,Premium
O000321,C0062,2023-08-20,Clothing,1,46.7,46.7,25.68,7.0,False,Central,App,Regular
O008176,C1632,2024-11-07,Sports,1,116.99,152.09,57.79,0.0,False,East,Online,Regular
O004408,C0888,2023-07-22,Sports,1,84.34,84.34,32.05,0.0,False,East,App,Premium
O004262,C0859,2023-05-29,Home & Kitchen,1,5.0,5.0,2.1,0.75,False,North,Online,Occasional
O005791,C1145,2023-11-29,Electronics,1,585.64,761.33,167.49,0.0,False,West,Online,Premium
O009301,C1866,2023-01-05,Sports,2,226.02,384.24,146.01,0.0,False,South,Online,Premium
O002064,C0399,2023-08-23,Beauty,1,71.32,71.32,44.22,14.26,False,West,Online,Regular
O006022,C1193,2024-11-28,Home & Kitchen,1,144.97,188.46,79.15,28.27,False,East,Retail,Regular
O006323,C1252,2023-11-27,Clothing,1,51.24,66.61,36.64,3.33,True,Central,Partner,Regular
O002481,C0486,2023-02-02,Electronics,1,230.12,195.61,43.03,19.56,False,West,App,Regular
O002637,C0524,2023-05-25,Clothing,1,85.21,85.21,46.87,12.78,False,South,App,Regular
O006710,C1337,2024-10-22,Electronics,2,314.15,628.3,138.23,31.42,False,East,Partner,Regular
O007756,C1538,2024-08-07,Electronics,1,440.73,440.73,96.96,0.0,False,East,Online,Regular
O004959,C0991,2024-03-04,Beauty,1,56.86,56.86,35.25,2.84,False,South,Retail,Occasional
O008846,C1777,2024-12-05,Home & Kitchen,1,177.55,230.81,96.94,46.16,False,West,Online,Premium
O007152,C1422,2024-12-05,Beauty,2,41.81,108.72,67.41,0.0,False,West,Retail,Regular
O004992,C0998,2024-02-07,Clothing,3,58.96,150.35,82.69,22.55,False,West,Partner,Premium
O000796,C0145,2024-09-17,Clothing,2,8.42,16.84,9.26,0.84,False,West,Online,Regular
O000475,C0091,2023-11-25,Sports,1,245.51,319.16,121.28,0.0,False,Central,App,Regular
O004532,C0913,2023-03-28,Beauty,1,23.49,23.49,14.56,4.7,False,West,App,Premium
O005046,C1004,2023-02-23,Clothing,2,28.88,49.1,27.01,4.91,False,East,Partner,Premium
O004533,C0913,2024-06-30,Beauty,1,27.53,27.53,17.07,2.75,False,West,App,Premium
O003867,C0779,2023-11-27,Clothing,1,75.32,97.92,53.86,9.79,False,North,Retail,Regular
O008976,C1808,2024-05-26,Home & Kitchen,1,10.43,10.43,4.38,0.0,False,South,Online,Regular
O001140,C0218,2023-09-23,Home & Kitchen,1,52.35,52.35,21.99,10.47,False,South,App,Premium
O000464,C0089,2024-12-21,Beauty,2,66.23,172.19,106.76,34.44,False,South,Retail,Premium
O003222,C0637,2024-04-09,Electronics,1,468.58,468.58,103.09,0.0,False,South,App,Premium
O004611,C0926,2024-11-09,Clothing,1,41.62,54.11,29.76,0.0,False,South,Retail,Premium
O005696,C1125,2023-03-04,Electronics,1,289.98,289.98,63.8,29.0,False,Central,Online,Premium
O001673,C0321,2024-07-24,Home & Kitchen,1,167.06,167.06,70.17,16.71,False,North,App,Occasional
O003527,C0706,2023-09-24,Sports,2,91.92,183.85,69.86,0.0,False,East,Online,Premium
O003304,C0653,2024-12-19,Clothing,1,55.12,71.66,39.41,10.75,True,West,Partner,Premium
O004707,C0940,2024-03-25,Home & Kitchen,1,47.07,47.07,19.77,9.41,False,Central,Retail,Regular
O001036,C0197,2024-01-12,Clothing,2,40.74,69.26,38.09,0.0,False,West,Online,Premium
O007953,C1577,2024-04-12,Electronics,1,478.84,478.84,105.34,0.0,False,West,Retail,Occasional
O000499,C0098,2024-03-02,Home & Kitchen,1,33.17,33.17,13.93,3.32,False,South,Partner,Premium
O008332,C1673,2023-11-02,Sports,2,106.87,277.85,105.58,55.57,False,Central,Online,Regular
O007570,C1500,2024-05-03,Sports,1,189.43,189.43,71.98,0.0,False,North,Online,Regular
O001294,C0243,2023-01-04,Electronics,1,402.86,342.43,75.33,17.12,False,West,Online,Premium
O006383,C1272,2024-12-05,Home & Kitchen,1,73.19,95.15,39.96,14.27,True,North,Online,Regular
O005386,C1076,2024-02-05,Sports,1,65.05,55.3,21.01,2.76,False,East,App,Regular
O004799,C0958,2023-06-28,Electronics,1,323.66,323.66,71.21,0.0,False,West,Online,Premium
O008738,C1756,2024-02-01,Clothing,2,35.05,59.59,32.77,11.92,False,Central,Online,Premium
O004989,C0997,2024-01-29,Beauty,1,56.18,47.75,29.6,7.16,False,East,App,Occasional
O006339,C1257,2023-04-16,Electronics,2,234.69,469.38,103.26,46.94,False,East,Online,Regular
O004349,C0875,2023-04-15,Beauty,1,58.09,58.09,36.02,11.62,False,East,App,Regular
O007453,C1475,2024-05-28,Electronics,1,492.86,492.86,108.43,0.0,False,South,Partner,Premium
O001879,C0356,2024-09-13,Home & Kitchen,2,50.41,100.83,42.35,0.0,False,West,App,Occasional
O003187,C0630,2023-10-04,Sports,1,51.66,51.66,19.63,0.0,False,South,Retail,Regular
O008672,C1746,2024-04-04,Home & Kitchen,1,144.87,144.87,60.85,0.0,False,South,Online,Regular
O003729,C0753,2024-08-15,Sports,2,182.43,364.86,138.65,72.97,False,West,Online,Regular
O000864,C0157,2023-03-02,Beauty,1,43.42,43.42,26.92,4.34,False,South,Partner,Premium
O005055,C1005,2023-07-16,Electronics,1,266.71,266.71,58.68,40.01,False,North,Online,Premium
O001711,C0329,2023-05-07,Clothing,2,21.23,42.47,23.36,8.49,False,West,Online,Regular
O006670,C1331,2023-05-26,Electronics,2,340.64,681.27,149.88,136.25,False,South,Partner,Regular
O004373,C0882,2024-06-26,Electronics,1,5.0,5.0,1.1,0.25,False,North,Online,Regular
O005464,C1094,2023-11-18,Electronics,1,5.0,6.5,1.43,0.0,False,North,Retail,Occasional
O005529,C1107,2023-05-07,Clothing,1,59.67,59.67,32.82,0.0,False,East,Online,Regular
O007614,C1512,2024-12-03,Sports,1,5.0,6.5,2.47,0.98,False,North,App,Premium
O003877,C0780,2024-05-23,Clothing,2,23.66,47.33,26.03,7.1,False,West,Retail,Regular
O006261,C1240,2024-10-02,Beauty,1,33.05,33.05,20.49,0.0,False,North,Retail,Regular
O000703,C0129,2024-02-07,Sports,1,118.84,101.02,38.39,0.0,False,Central,App,Regular
O009581,C1927,2023-08-25,Beauty,1,28.06,28.06,17.4,0.0,False,North,App,Regular
O008646,C1743,2024-12-06,Clothing,1,55.12,71.65,39.41,0.0,False,South,App,Premium
O008447,C1703,2024-03-29,Home & Kitchen,2,72.56,145.11,60.95,29.02,False,North,App,Premium
O005492,C1099,2023-08-10,Home & Kitchen,2,94.91,189.82,79.72,18.98,False,South,Online,Regular
O006753,C1349,2024-10-06,Beauty,2,69.93,139.86,86.71,20.98,False,West,Partner,Premium
O004917,C0982,2024-08-14,Clothing,1,17.66,17.66,9.71,3.53,False,East,App,Regular
O007834,C1551,2024-02-14,Beauty,1,54.86,46.63,28.91,6.99,True,North,Online,Regular
O008203,C1637,2024-04-20,Beauty,1,67.01,67.01,41.55,3.35,False,East,App,Premium
O007548,C1493,2024-06-08,Clothing,1,93.63,93.63,51.5,0.0,False,East,App,Regular
O004045,C0819,2023-06-22,Electronics,1,506.24,506.24,111.37,0.0,False,West,Retail,Premium
O007213,C1437,2023-08-23,Electronics,1,20.41,20.41,4.49,0.0,False,North,Online,Premium
O005834,C1152,2024-10-21,Electronics,1,518.6,518.6,114.09,0.0,False,South,Online,Occasional
O004355,C0878,2023-06-10,Electronics,1,152.24,152.24,33.49,22.84,False,South,App,Occasional
O006965,C1391,2023-03-21,Sports,1,115.47,115.47,43.88,0.0,False,Central,Online,Regular
O008202,C1637,2023-04-26,Clothing,1,44.31,44.31,24.37,2.22,False,East,App,Premium
O003937,C0795,2023-10-12,Electronics,1,331.39,331.39,72.91,49.71,False,West,Online,Premium
O009177,C1844,2024-10-29,Sports,1,146.98,146.98,55.85,22.05,False,Central,Retail,Premium
O007680,C1525,2023-03-22,Sports,1,25.43,25.43,9.66,0.0,False,West,Online,Regular
O005211,C1031,2024-03-09,Home & Kitchen,1,104.65,104.65,43.95,0.0,False,North,App,Premium
O008017,C1591,2023-11-26,Home & Kitchen,1,68.56,89.13,37.43,4.46,False,Central,App,Premium
O008134,C1625,2024-03-30,Home & Kitchen,1,67.58,67.58,28.38,13.52,False,North,Online,Regular
O008460,C1705,2024-03-25,Clothing,1,91.42,91.42,50.28,4.57,False,South,Online,Regular
O002553,C0505,2024-08-07,Home & Kitchen,2,81.97,163.93,68.85,8.2,False,South,App,Regular
O004646,C0930,2024-05-20,Home & Kitchen,1,162.68,162.68,68.33,0.0,False,South,App,Regular
O006455,C1289,2024-02-11,Home & Kitchen,2,228.0,387.59,162.79,38.76,False,West,App,Regular
O007105,C1415,2023-07-28,Clothing,1,11.91,11.91,6.55,0.0,False,South,Retail,Regular
O009399,C1886,2023-11-06,Electronics,1,108.38,140.9,31.0,0.0,False,North,Online,Premium
O001887,C0359,2024-02-05,Beauty,1,5.0,4.25,2.64,0.85,False,South,Retail,Regular
O007333,C1454,2023-04-07,Clothing,1,56.5,56.5,31.08,5.65,False,West,Online,Premium
O007807,C1547,2023-03-08,Sports,2,76.73,153.45,58.31,0.0,False,West,App,Regular
O009125,C1836,2023-03-13,Electronics,1,382.59,382.59,84.17,19.13,False,West,App,Regular
O004846,C0964,2024-12-12,Sports,1,113.42,147.45,56.03,7.37,False,West,App,Occasional
O007620,C1512,2024-01-29,Beauty,2,31.55,53.63,33.25,8.04,False,North,App,Premium
O009730,C1947,2023-01-25,Electronics,1,5.0,4.25,0.94,0.0,False,West,Online,Premium
O005650,C1121,2023-05-02,Electronics,1,393.27,393.27,86.52,19.66,False,Central,Online,Premium
O008251,C1647,2023-09-27,Clothing,1,103.45,103.45,56.9,10.34,False,West,Partner,Regular
O003088,C0609,2023-03-28,Sports,2,119.28,238.56,90.65,0.0,True,East,Online,Regular
O004425,C0891,2023-03-03,Electronics,1,360.35,360.35,79.28,72.07,False,North,App,Premium
O009761,C1951,2024-06-02,Beauty,1,75.2,75.2,46.62,0.0,False,West,Retail,Regular
O006563,C1311,2024-09-30,Clothing,1,25.81,25.81,14.2,2.58,False,North,Online,Regular
O003635,C0727,2023-03-10,Clothing,1,66.69,66.69,36.68,6.67,False,West,Partner,Premium
O005555,C1109,2023-09-13,Sports,3,214.89,644.68,244.98,96.7,False,North,App,Premium
O001744,C0334,2024-10-27,Home & Kitchen,1,66.91,66.91,28.1,0.0,False,East,Partner,Premium
O001799,C0343,2024-07-23,Beauty,1,21.98,21.98,13.63,0.0,False,Central,App,Premium
O003081,C0606,2023-10-23,Beauty,1,23.82,23.82,14.77,4.76,False,South,App,Regular
O000926,C0174,2023-08-28,Home & Kitchen,2,67.42,134.84,56.63,6.74,False,South,Retail,Regular
O002505,C0491,2024-01-30,Electronics,1,457.17,388.6,85.49,0.0,False,West,Retail,Premium
O005049,C1004,2023-07-26,Beauty,1,23.95,23.95,14.85,0.0,False,East,Partner,Premium
O005441,C1090,2023-04-07,Clothing,1,49.47,49.47,27.21,9.89,True,North,App,Regular
O009455,C1894,2024-07-20,Beauty,2,53.29,106.59,66.09,15.99,False,North,Online,Premium
O007529,C1489,2023-11-10,Beauty,1,68.03,88.44,54.83,0.0,False,Central,App,Regular
O007787,C1544,2024-09-26,Clothing,1,50.96,50.96,28.03,5.1,False,Central,Online,Occasional
O005942,C1176,2023-01-13,Clothing,1,43.52,36.99,20.34,3.7,False,North,Online,Regular
O004115,C0826,2024-11-04,Clothing,2,54.35,141.32,77.73,21.2,False,South,Online,Regular
O000354,C0071,2023-06-16,Electronics,1,399.09,399.09,87.8,59.86,False,East,Retail,Premium
O009516,C1916,2023-07-15,Clothing,1,11.99,11.99,6.59,0.0,False,South,App,Regular
O001180,C0223,2024-04-28,Beauty,1,48.68,48.68,30.18,4.87,True,West,Online,Regular
O003958,C0798,2023-11-17,Clothing,1,90.71,117.92,64.86,0.0,False,Central,Online,Premium
O005293,C1053,2024-09-19,Home & Kitchen,1,65.88,65.88,27.67,13.18,True,East,App,Regular
O002622,C0523,2023-06-09,Electronics,1,199.97,199.97,43.99,39.99,False,South,Online,Premium
O002677,C0533,2023-10-14,Home & Kitchen,1,145.22,145.22,60.99,0.0,False,West,Online,Regular
O008849,C1778,2023-07-06,Clothing,1,40.23,40.23,22.13,2.01,False,East,App,Regular
O003788,C0764,2024-02-19,Home & Kitchen,1,63.95,54.36,22.83,2.72,False,West,Online,Premium
O000312,C0059,2024-05-05,Clothing,1,61.86,61.86,34.02,0.0,False,Central,Online,Premium
O007857,C1556,2024-04-06,Electronics,1,763.69,763.69,168.01,114.55,False,West,Online,Regular
O004451,C0896,2023-04-05,Beauty,1,63.39,63.39,39.3,0.0,False,West,Online,Regular
O009123,C1836,2023-12-13,Electronics,1,517.31,672.5,147.95,0.0,False,West,App,Regular
O006935,C1386,2024-01-03,Clothing,2,131.31,223.22,122.77,11.16,False,East,Retail,Regular
O006157,C1214,2024-02-25,Sports,1,27.13,23.06,8.76,0.0,False,East,Retail,Premium
O005694,C1125,2023-08-16,Clothing,1,44.2,44.2,24.31,0.0,False,Central,Online,Premium
O003366,C0666,2024-04-30,Electronics,1,99.14,99.14,21.81,4.96,False,East,Online,Occasional
O002784,C0552,2024-04-05,Clothing,1,44.23,44.23,24.33,6.63,False,West,Partner,Premium
O002002,C0381,2023-06-19,Home & Kitchen,1,139.78,139.78,58.71,0.0,False,West,Partner,Regular
O007516,C1487,2023-05-24,Electronics,1,567.0,567.0,124.74,28.35,False,South,Online,Regular
O002770,C0550,2024-08-22,Electronics,1,540.02,540.02,118.8,81.0,False,North,Online,Premium
O008616,C1735,2024-05-24,Beauty,2,50.17,100.35,62.22,20.07,False,North,Online,Regular
O004415,C0889,2024-06-07,Clothing,2,45.59,91.17,50.14,9.12,False,North,Online,Regular
O008808,C1770,2024-04-24,Electronics,1,362.51,362.51,79.75,0.0,False,East,Online,Regular
O001298,C0243,2023-07-24,Sports,1,57.1,57.1,21.7,0.0,False,West,Online,Premium
O008640,C1741,2023-11-24,Home & Kitchen,1,87.39,113.61,47.72,0.0,True,West,Online,Premium
O001983,C0379,2023-02-17,Clothing,1,66.33,56.38,31.01,0.0,False,West,Online,Premium
O001025,C0197,2023-05-01,Home & Kitchen,1,233.53,233.53,98.08,46.71,False,West,Online,Premium
O007517,C1487,2024-08-23,Home & Kitchen,2,119.07,238.14,100.02,0.0,False,South,Online,Regular
O005195,C1029,2024-12-24,Beauty,2,55.64,144.67,89.7,21.7,False,East,Online,Premium
O009817,C1959,2024-11-14,Beauty,1,55.7,72.41,44.89,10.86,True,South,Online,Regular
O004769,C0954,2023-07-13,Home & Kitchen,1,107.98,107.98,45.35,16.2,False,West,App,Regular
O004310,C0866,2024-12-29,Home & Kitchen,1,127.25,165.43,69.48,8.27,False,Central,App,Premium
O005037,C1004,2024-06-29,Sports,1,172.67,172.67,65.61,0.0,False,East,Partner,Premium
O001263,C0237,2024-05-05,Beauty,1,22.24,22.24,13.79,4.45,False,East,Online,Regular
O003942,C0795,2023-01-21,Home & Kitchen,1,57.76,49.09,20.62,0.0,False,West,Online,Premium
O003054,C0601,2023-11-03,Beauty,1,70.57,91.74,56.88,9.17,False,East,Retail,Premium
O007720,C1531,2024-09-01,Home & Kitchen,1,147.97,147.97,62.15,0.0,False,Central,Online,Premium
O004698,C0938,2023-01-25,Home & Kitchen,1,48.98,41.64,17.49,4.16,False,West,Online,Regular
O007892,C1561,2023-06-23,Beauty,1,35.8,35.8,22.2,7.16,False,East,Retail,Regular
O004330,C0871,2024-05-30,Home & Kitchen,1,56.66,56.66,23.8,0.0,False,South,Online,Regular
O009074,C1826,2023-05-04,Home & Kitchen,2,81.39,162.79,68.37,0.0,False,East,Online,Regular
O005285,C1051,2024-10-15,Sports,1,207.49,207.49,78.85,41.5,False,West,App,Regular
O006431,C1285,2023-06-07,Clothing,1,5.0,5.0,2.75,1.0,False,East,Online,Premium
O003138,C0621,2023-10-26,Sports,1,26.42,26.42,10.04,5.28,False,South,Partner,Premium
O007189,C1431,2023-02-25,Beauty,3,59.59,151.96,94.22,0.0,False,West,Online,Regular
O005096,C1012,2024-08-22,Electronics,1,354.39,354.39,77.97,17.72,False,West,Partner,Regular
O000397,C0081,2023-09-11,Electronics,1,5.0,5.0,1.1,0.75,False,North,App,Regular
O002916,C0571,2023-07-11,Home & Kitchen,1,120.06,120.06,50.43,12.01,False,Central,Online,Premium
O005559,C1110,2023-12-29,Clothing,1,31.92,41.5,22.83,8.3,False,East,Online,Occasional
O004449,C0896,2024-12-29,Electronics,2,329.3,856.18,188.36,42.81,False,West,Online,Regular
O001399,C0264,2024-06-20,Home & Kitchen,1,47.12,47.12,19.79,4.71,False,Central,Partner,Premium
O004943,C0985,2024-11-22,Beauty,1,65.12,84.65,52.48,8.47,False,South,App,Regular
O009083,C1829,2023-05-28,Beauty,1,27.26,27.26,16.9,0.0,False,North,Online,Regular
O001000,C0191,2023-11-14,Clothing,1,111.8,145.34,79.94,0.0,False,South,Online,Regular
O002660,C0530,2023-04-01,Beauty,2,55.57,111.14,68.91,0.0,True,Central,App,Occasional
O005788,C1144,2024-07-16,Sports,2,221.33,442.66,168.21,0.0,False,West,Online,Regular
O005583,C1113,2023-07-14,Electronics,1,535.86,535.86,117.89,107.17,False,East,App,Regular
O002137,C0412,2023-01-01,Beauty,3,44.49,113.45,70.34,0.0,False,East,App,Premium
O003614,C0722,2023-05-21,Beauty,1,45.17,45.17,28.01,0.0,False,East,Retail,Regular
O007965,C1581,2024-05-30,Home & Kitchen,1,158.87,158.87,66.73,0.0,False,West,App,Occasional
O003146,C0621,2023-09-21,Home & Kitchen,1,59.19,59.19,24.86,0.0,False,South,Partner,Premium
O007574,C1500,2024-12-16,Electronics,1,334.91,435.38,95.78,0.0,False,North,Online,Regular
O001502,C0286,2024-02-28,Electronics,1,213.15,181.18,39.86,0.0,True,North,Retail,Regular
O000695,C0128,2024-12-12,Beauty,1,44.43,57.76,35.81,0.0,False,North,App,Regular
O002852,C0564,2023-04-22,Home & Kitchen,1,30.59,30.59,12.85,3.06,False,West,App,Premium
O007445,C1474,2023-11-21,Home & Kitchen,1,127.37,165.58,69.54,24.84,False,Central,Online,Regular
O007642,C1518,2023-07-22,Sports,1,220.46,220.46,83.77,22.05,False,East,Online,Premium
O009338,C1874,2024-09-03,Electronics,1,383.35,383.35,84.34,0.0,True,Central,Online,Regular
O003573,C0713,2023-12-01,Sports,1,177.42,230.64,87.64,0.0,False,East,Online,Premium
O001495,C0284,2024-10-11,Sports,1,5.0,5.0,1.9,0.5,False,East,Retail,Regular
O006877,C1376,2023-05-26,Electronics,2,485.09,970.18,213.44,0.0,False,West,Online,Regular
O007267,C1446,2024-10-20,Beauty,1,58.74,58.74,36.42,0.0,False,South,Online,Regular
O000331,C0064,2024-10-28,Sports,1,142.42,142.42,54.12,0.0,False,Central,App,Regular
O005388,C1077,2023-10-17,Sports,2,55.54,111.07,42.21,0.0,False,South,Online,Regular
O006473,C1292,2023-02-06,Electronics,1,483.65,411.1,90.44,41.11,False,South,App,Premium
O009137,C1837,2024-07-25,Electronics,1,86.26,86.26,18.98,0.0,False,East,Online,Regular
O009909,C1976,2023-03-23,Clothing,1,108.29,108.29,59.56,0.0,False,West,Online,Regular
O008731,C1756,2023-06-23,Beauty,2,35.24,70.48,43.7,10.57,False,Central,Online,Premium
O007919,C1570,2023-09-20,Clothing,1,48.65,48.65,26.76,9.73,False,West,Online,Regular
O001014,C0195,2023-11-13,Sports,1,182.43,237.16,90.12,35.57,False,North,App,Premium
O007483,C1481,2023-07-02,Electronics,1,399.87,399.87,87.97,0.0,False,Central,App,Regular
O000470,C0090,2024-05-30,Beauty,1,44.56,44.56,27.63,0.0,False,West,Online,Premium
O007770,C1542,2023-08-19,Home & Kitchen,1,110.08,110.08,46.23,22.02,False,South,Online,Regular
O001054,C0201,2024-05-29,Sports,1,5.0,5.0,1.9,0.75,False,North,Retail,Regular
O005995,C1186,2023-03-29,Clothing,1,88.02,88.02,48.41,8.8,False,East,App,Premium
O001225,C0231,2024-10-26,Electronics,1,316.48,316.48,69.63,0.0,False,North,App,Premium
O004280,C0862,2024-12-31,Home & Kitchen,3,168.39,656.71,275.82,32.84,False,West,Online,Regular
O008478,C1710,2024-06-03,Sports,1,124.11,124.11,47.16,18.62,False,Central,Retail,Regular
O008420,C1694,2024-01-27,Sports,1,139.73,118.77,45.13,0.0,False,North,App,Regular
O005860,C1163,2023-05-31,Clothing,2,87.89,175.79,96.68,0.0,False,North,Online,Regular
O009353,C1875,2023-04-11,Sports,2,56.27,112.54,42.77,5.63,False,Central,App,Premium
O006520,C1301,2023-12-26,Clothing,1,52.29,67.97,37.38,6.8,False,West,Retail,Premium
O005027,C1002,2023-04-13,Home & Kitchen,1,139.15,139.15,58.44,0.0,False,East,App,Premium
O000812,C0149,2024-08-11,Clothing,1,104.22,104.22,57.32,5.21,False,Central,App,Premium
O009426,C1890,2023-03-30,Electronics,1,182.79,182.79,40.21,18.28,False,East,Online,Premium
O004395,C0887,2023-11-08,Sports,1,5.0,6.5,2.47,0.98,False,Central,Online,Premium
O006386,C1273,2023-07-15,Clothing,2,60.42,120.84,66.46,18.13,False,East,Partner,Regular
O003686,C0740,2023-05-15,Home & Kitchen,1,54.1,54.1,22.72,0.0,False,Central,Online,Regular
O004546,C0916,2023-09-19,Sports,1,5.0,5.0,1.9,1.0,False,East,Online,Regular
O003578,C0713,2023-01-24,Home & Kitchen,2,128.56,218.56,91.8,0.0,False,East,Online,Premium
O005012,C1001,2024-02-13,Electronics,1,114.66,97.46,21.44,19.49,False,West,Online,Regular
O000428,C0085,2024-07-08,Clothing,1,76.06,76.06,41.83,0.0,False,West,Online,Premium
O005343,C1064,2023-01-02,Clothing,1,68.15,57.93,31.86,0.0,False,North,Online,Regular
O000532,C0102,2024-04-25,Beauty,1,36.52,36.52,22.64,7.3,False,East,Retail,Regular
O008211,C1637,2024-11-03,Sports,1,189.97,246.96,93.84,24.7,False,East,App,Premium
O006664,C1329,2024-09-19,Home & Kitchen,1,60.19,60.19,25.28,9.03,True,West,App,Regular
O001853,C0350,2024-07-04,Beauty,1,64.65,64.65,40.08,12.93,False,East,Online,Premium
O001862,C0351,2023-09-15,Beauty,2,59.72,119.45,74.06,11.94,False,West,Online,Regular
O009637,C1936,2023-09-07,Clothing,2,93.59,187.17,102.94,28.08,False,North,App,Premium
O005410,C1085,2023-06-22,Beauty,2,23.62,47.24,29.29,0.0,False,South,Retail,Premium
O006478,C1294,2024-12-17,Clothing,1,18.91,24.59,13.52,3.69,False,North,Partner,Regular
O002417,C0473,2023-05-03,Home & Kitchen,1,149.45,149.45,62.77,7.47,False,East,Online,Premium
O007022,C1403,2024-02-22,Beauty,1,38.35,32.6,20.21,4.89,False,North,Partner,Regular
O004481,C0903,2023-06-06,Electronics,1,296.24,296.24,65.17,0.0,False,East,Online,Regular
O009430,C1890,2024-01-18,Sports,1,106.54,90.56,34.41,9.06,False,East,Online,Premium
O000332,C0064,2023-10-22,Electronics,1,398.89,398.89,87.76,0.0,False,Central,App,Regular
O001622,C0310,2024-03-02,Electronics,1,5.0,5.0,1.1,0.5,False,East,Retail,Occasional
O009958,C1987,2023-04-18,Clothing,2,16.55,33.09,18.2,1.65,False,North,Retail,Regular
O002331,C0459,2024-07-06,Home & Kitchen,2,189.18,378.35,158.91,0.0,False,East,Online,Regular
O000732,C0135,2023-06-20,Electronics,1,493.64,493.64,108.6,74.05,False,Central,App,Regular
O008903,C1792,2023-05-12,Electronics,1,371.15,371.15,81.65,74.23,False,East,Online,Premium
O007344,C1455,2024-03-12,Electronics,1,334.29,334.29,73.54,33.43,False,Central,Online,Premium
O004341,C0874,2024-12-07,Home & Kitchen,1,50.35,65.46,27.49,13.09,False,North,Partner,Regular
O002114,C0405,2023-05-29,Clothing,2,64.86,129.73,71.35,6.49,False,Central,Online,Premium
O009709,C1945,2023-01-01,Sports,2,5.0,8.5,3.23,0.0,True,West,Online,Premium
O009294,C1865,2023-07-30,Home & Kitchen,3,5.0,15.0,6.3,3.0,False,East,App,Premium
O009411,C1888,2023-01-22,Clothing,1,8.43,7.17,3.94,1.08,False,East,App,Regular
O007936,C1572,2024-07-03,Clothing,2,31.18,62.35,34.29,12.47,False,West,Retail,Regular
O001356,C0258,2024-08-25,Home & Kitchen,1,78.45,78.45,32.95,7.85,False,South,Online,Regular
O001556,C0297,2023-04-21,Electronics,1,678.45,678.45,149.26,101.77,False,East,Online,Premium
O005683,C1124,2023-08-23,Electronics,1,716.11,716.11,157.54,0.0,False,Central,Online,Premium
O009622,C1932,2024-09-22,Beauty,2,51.4,102.79,63.73,5.14,False,North,App,Occasional
O002774,C0550,2023-01-26,Sports,1,5.0,4.25,1.62,0.0,False,North,Online,Premium
O000284,C0056,2024-05-04,Sports,1,162.12,162.12,61.61,16.21,True,East,App,Regular
O003577,C0713,2023-10-12,Home & Kitchen,1,45.53,45.53,19.12,0.0,False,East,Online,Premium
O002811,C0556,2024-11-06,Clothing,2,114.08,296.6,163.13,14.83,False,North,App,Premium
O001858,C0350,2023-01-25,Electronics,1,213.41,181.4,39.91,9.07,False,East,Online,Premium
O008596,C1732,2024-08-28,Sports,1,15.79,15.79,6.0,0.0,False,Central,App,Regular
O006539,C1305,2024-01-04,Electronics,1,213.66,181.61,39.95,0.0,False,West,Online,Regular
O003702,C0744,2024-12-08,Sports,1,127.06,165.18,62.77,33.04,False,North,Online,Regular
O008541,C1718,2023-04-03,Home & Kitchen,3,31.03,93.08,39.09,0.0,False,East,App,Regular
O009391,C1886,2023-04-23,Home & Kitchen,2,92.08,184.15,77.34,27.62,False,North,Online,Premium
O000482,C0091,2023-06-29,Electronics,2,256.01,512.01,112.64,76.8,False,Central,App,Regular
O001290,C0242,2024-02-07,Beauty,1,53.78,45.71,28.34,4.57,False,North,App,Occasional
O005335,C1063,2023-10-25,Sports,1,195.42,195.42,74.26,0.0,False,North,Online,Premium
O002966,C0580,2023-10-05,Clothing,1,78.4,78.4,43.12,0.0,False,East,App,Premium
O007142,C1419,2024-05-23,Electronics,1,175.29,175.29,38.56,0.0,False,East,Retail,Premium
O002586,C0517,2023-08-16,Beauty,1,20.81,20.81,12.9,1.04,False,East,App,Premium
O000726,C0134,2024-01-04,Clothing,1,94.02,79.92,43.96,11.99,False,South,App,Occasional
O007412,C1466,2023-09-17,Beauty,1,42.61,42.61,26.42,4.26,False,East,Online,Premium
O001633,C0312,2023-02-17,Electronics,1,370.75,315.14,69.33,0.0,False,South,Online,Premium
O004241,C0854,2024-02-09,Clothing,1,110.85,94.22,51.82,0.0,False,West,Online,Regular
O007086,C1413,2023-11-18,Beauty,1,64.71,84.12,52.15,0.0,False,Central,Retail,Regular
O003695,C0742,2023-05-02,Electronics,1,585.84,585.84,128.88,0.0,False,North,App,Regular
O003661,C0732,2023-11-27,Sports,1,188.81,245.45,93.27,49.09,False,West,App,Regular
O000733,C0135,2024-09-19,Sports,1,151.72,151.72,57.65,0.0,False,Central,App,Regular
O001073,C0205,2023-01-07,Clothing,1,114.94,97.7,53.74,4.89,False,North,App,Premium
O004631,C0928,2024-01-21,Clothing,1,72.05,61.24,33.68,12.25,False,North,App,Regular
O003356,C0665,2023-07-16,Clothing,2,74.11,148.23,81.53,0.0,False,West,Partner,Regular
O003067,C0603,2023-10-16,Home & Kitchen,1,86.98,86.98,36.53,17.4,False,South,Retail,Regular
O007427,C1470,2024-10-25,Electronics,1,266.31,266.31,58.59,53.26,False,South,Partner,Regular
O006797,C1357,2023-12-09,Sports,1,143.46,186.5,70.87,37.3,True,Central,Online,Premium
O003955,C0798,2024-05-23,Sports,3,87.61,262.83,99.88,0.0,False,Central,Online,Premium
O000190,C0037,2023-05-14,Sports,1,97.99,97.99,37.24,19.6,False,East,Partner,Premium
O003083,C0607,2023-05-18,Sports,1,199.75,199.75,75.9,0.0,False,West,Online,Regular
O009615,C1931,2024-07-08,Home & Kitchen,1,102.48,102.48,43.04,20.5,False,East,Online,Premium
O009592,C1929,2023-01-18,Clothing,1,22.62,19.23,10.58,0.0,False,East,App,Premium
O003910,C0788,2024-03-20,Beauty,1,47.39,47.39,29.38,4.74,False,West,Online,Premium
O004810,C0959,2023-08-04,Sports,1,52.78,52.78,20.06,0.0,False,West,Partner,Regular
O003491,C0698,2024-11-25,Electronics,1,703.55,914.61,201.21,182.92,False,West,Partner,Premium
O000898,C0164,2023-03-06,Beauty,1,68.93,68.93,42.74,13.79,False,North,Partner,Premium
O007933,C1572,2024-08-22,Home & Kitchen,1,53.41,53.41,22.43,10.68,False,West,Retail,Regular
O006678,C1332,2024-05-19,Electronics,1,523.29,523.29,115.12,0.0,False,East,Online,Premium
O005543,C1108,2024-08-31,Clothing,2,71.19,142.38,78.31,28.48,False,Central,Retail,Premium
O009161,C1841,2023-06-18,Beauty,1,24.31,24.31,15.07,1.22,False,South,Online,Regular
O009221,C1849,2024-10-31,Electronics,3,381.0,1143.01,251.46,0.0,False,East,App,Occasional
O009542,C1921,2023-09-09,Home & Kitchen,2,72.38,144.75,60.79,7.24,False,South,App,Occasional
O005588,C1114,2024-11-08,Clothing,1,76.74,99.76,54.87,19.95,False,Central,Retail,Regular
O001480,C0278,2023-07-05,Sports,2,159.37,318.75,121.12,0.0,False,West,Online,Regular
O001028,C0197,2024-06-20,Clothing,2,40.2,80.41,44.23,0.0,False,West,Online,Premium
O006716,C1339,2023-09-23,Electronics,1,499.6,499.6,109.91,0.0,True,South,Retail,Occasional
O008333,C1673,2023-05-08,Home & Kitchen,1,50.58,50.58,21.24,5.06,False,Central,Online,Regular
O005853,C1161,2023-02-15,Home & Kitchen,1,142.25,120.92,50.79,0.0,False,West,App,Regular
O007132,C1418,2024-10-03,Sports,1,140.31,140.31,53.32,0.0,False,East,Online,Premium
O004445,C0895,2023-12-02,Electronics,1,265.12,344.66,75.83,34.47,False,North,App,Regular
O007374,C1461,2024-03-26,Home & Kitchen,1,153.92,153.92,64.65,7.7,False,Central,App,Regular
O008708,C1752,2024-08-05,Home & Kitchen,1,5.0,5.0,2.1,0.0,False,Central,Online,Regular
O000503,C0098,2023-12-05,Beauty,2,41.8,108.68,67.38,16.3,False,South,Partner,Premium
O005045,C1004,2023-11-12,Beauty,1,21.4,27.82,17.25,1.39,False,East,Partner,Premium
O003900,C0786,2024-11-18,Clothing,1,112.82,146.66,80.66,29.33,False,South,Online,Regular
O008564,C1722,2023-04-10,Beauty,1,65.29,65.29,40.48,13.06,False,Central,Online,Regular
O007558,C1496,2024-02-10,Sports,1,116.99,99.44,37.79,0.0,False,North,Online,Occasional
O006267,C1243,2023-11-02,Beauty,1,74.64,97.04,60.16,0.0,False,West,Online,Regular
O002445,C0475,2024-05-16,Home & Kitchen,3,47.35,142.06,59.67,0.0,False,Central,Online,Regular
O003613,C0721,2024-12-28,Beauty,1,26.74,34.77,21.56,3.48,False,West,Online,Occasional
O000513,C0100,2024-11-18,Electronics,1,277.17,360.32,79.27,36.03,False,West,Retail,Regular
O004787,C0957,2024-01-20,Clothing,1,5.0,4.25,2.34,0.0,False,North,Online,Premium
O000653,C0122,2023-11-12,Home & Kitchen,1,64.01,83.22,34.95,4.16,False,South,Retail,Premium
O008302,C1660,2023-11-04,Electronics,2,304.41,791.46,174.12,0.0,False,East,Online,Premium
O000627,C0114,2023-03-22,Beauty,1,72.96,72.96,45.24,7.3,True,West,App,Regular
O006460,C1291,2023-02-20,Clothing,1,105.87,89.99,49.49,13.5,False,West,App,Regular
O006337,C1257,2024-09-08,Sports,1,96.2,96.2,36.56,0.0,False,East,Online,Regular
O003606,C0719,2024-06-21,Clothing,1,66.43,66.43,36.54,0.0,False,West,App,Regular
O006133,C1208,2023-06-04,Electronics,2,299.02,598.03,131.57,29.9,False,South,Online,Premium
O001934,C0373,2023-10-11,Electronics,1,148.03,148.03,32.57,29.61,True,East,Partner,Regular
O007385,C1462,2024-06-27,Electronics,1,534.9,534.9,117.68,0.0,False,South,Retail,Regular
O000976,C0188,2023-09-04,Electronics,2,101.58,203.15,44.69,10.16,False,East,App,Regular
O006717,C1339,2024-12-15,Home & Kitchen,2,51.38,133.59,56.11,0.0,False,South,Retail,Occasional
O002270,C0446,2024-10-26,Clothing,1,5.0,5.0,2.75,0.5,False,West,Online,Occasional
O002003,C0382,2023-03-20,Sports,1,128.33,128.33,48.77,12.83,True,East,App,Occasional
O004586,C0924,2024-04-20,Home & Kitchen,2,67.94,135.89,57.07,27.18,False,West,App,Premium
O006928,C1385,2024-08-05,Clothing,1,102.69,102.69,56.48,15.4,False,South,Online,Premium
O001665,C0319,2024-08-09,Beauty,1,42.83,42.83,26.55,2.14,False,West,App,Regular
O001160,C0219,2024-02-26,Home & Kitchen,1,147.66,125.51,52.71,12.55,False,West,Partner,Premium
O006181,C1222,2023-02-03,Sports,1,25.5,21.67,8.23,3.25,False,Central,Online,Regular
O001705,C0328,2024-04-13,Clothing,1,66.51,66.51,36.58,13.3,True,South,Online,Regular
O001314,C0246,2023-08-20,Beauty,1,25.38,25.38,15.74,5.08,False,South,Online,Regular
O003888,C0781,2024-08-03,Clothing,1,51.91,51.91,28.55,10.38,False,West,App,Premium
O008399,C1691,2023-10-11,Electronics,1,141.82,141.82,31.2,7.09,False,North,Partner,Regular
O009008,C1814,2024-05-26,Sports,1,86.24,86.24,32.77,4.31,False,West,Online,Premium
O008704,C1751,2024-05-30,Clothing,1,38.04,38.04,20.92,7.61,False,South,App,Regular
O002162,C0415,2024-12-11,Sports,2,120.26,312.69,118.82,15.63,False,East,App,Premium
O008783,C1766,2024-09-25,Clothing,1,33.17,33.17,18.24,0.0,False,South,App,Premium
O008340,C1674,2024-03-12,Clothing,1,111.46,111.46,61.3,11.15,False,West,Online,Regular
O004149,C0835,2023-11-28,Electronics,1,5.0,6.5,1.43,0.0,False,East,Online,Premium
O001018,C0195,2023-05-21,Clothing,2,95.51,191.02,105.06,28.65,False,North,App,Premium
O002434,C0474,2024-10-22,Electronics,1,300.27,300.27,66.06,60.05,False,Central,Online,Premium
O008879,C1786,2024-11-06,Home & Kitchen,1,112.08,145.7,61.19,0.0,False,South,Online,Regular
O003899,C0786,2024-06-11,Beauty,1,44.66,44.66,27.69,2.23,False,South,Online,Regular
O004969,C0993,2024-12-02,Electronics,1,400.09,520.11,114.42,26.01,True,Central,Online,Regular
O000767,C0141,2023-04-22,Beauty,1,44.64,44.64,27.68,6.7,False,West,App,Premium
O008877,C1785,2023-02-11,Electronics,1,484.39,411.73,90.58,0.0,False,North,Partner,Regular
O000827,C0151,2024-06-01,Home & Kitchen,1,97.57,97.57,40.98,14.64,False,West,Online,Regular
O000973,C0188,2024-10-23,Beauty,2,47.06,94.13,58.36,0.0,False,East,App,Regular
O009501,C1909,2024-11-29,Home & Kitchen,1,58.26,75.74,31.81,7.57,False,South,App,Regular
O006522,C1301,2024-05-13,Home & Kitchen,1,116.14,116.14,48.78,0.0,False,West,Retail,Premium
O005250,C1041,2023-01-31,Electronics,1,233.25,198.26,43.62,19.83,False,East,Retail,Regular
O003966,C0798,2023-09-18,Clothing,1,106.45,106.45,58.55,21.29,False,Central,Online,Premium
O002157,C0415,2023-10-29,Clothing,1,67.77,67.77,37.27,0.0,False,East,App,Premium
O002210,C0425,2023-02-25,Beauty,1,15.68,13.33,8.26,1.33,False,West,App,Regular
O003169,C0626,2024-02-13,Electronics,2,210.23,357.39,78.63,17.87,False,West,Online,Occasional
O002185,C0422,2023-12-29,Sports,1,142.52,185.27,70.4,0.0,False,North,App,Regular
O001316,C0246,2023-03-05,Electronics,1,602.2,602.2,132.48,0.0,False,South,Online,Regular
O000052,C0008,2023-02-18,Beauty,1,19.28,16.39,10.16,3.28,False,West,Online,Premium
O006621,C1321,2023-05-11,Beauty,1,67.05,67.05,41.57,6.7,False,North,Retail,Regular
O001114,C0212,2023-05-03,Sports,2,136.48,272.96,103.72,0.0,False,North,App,Premium
O004225,C0848,2023-07-03,Clothing,1,32.39,32.39,17.81,6.48,False,East,Retail,Premium
O008437,C1699,2024-12-29,Home & Kitchen,1,105.0,136.5,57.33,13.65,False,East,Retail,Occasional
O005515,C1102,2023-01-27,Clothing,1,52.39,44.54,24.5,4.45,False,West,App,Premium
O007575,C1500,2024-04-28,Beauty,1,52.7,52.7,32.67,7.9,False,North,Online,Regular
O008621,C1736,2023-04-02,Home & Kitchen,1,142.15,142.15,59.7,0.0,False,West,Online,Occasional
O003489,C0697,2023-05-06,Home & Kitchen,1,34.77,34.77,14.6,1.74,False,North,Retail,Regular
O002917,C0571,2023-04-30,Home & Kitchen,1,88.96,88.96,37.36,17.79,False,Central,Online,Premium
O006700,C1335,2024-06-21,Beauty,1,85.17,85.17,52.81,4.26,False,West,Online,Premium
O004714,C0940,2023-05-11,Sports,1,223.26,223.26,84.84,0.0,False,Central,Retail,Regular
O002650,C0529,2023-10-05,Electronics,1,484.09,484.09,106.5,72.61,False,Central,App,Premium
O003473,C0693,2024-12-22,Sports,1,5.0,6.5,2.47,0.0,False,West,Online,Regular
O002208,C0424,2024-02-12,Electronics,2,530.78,902.32,198.51,0.0,False,West,Online,Premium
O009498,C1908,2024-05-14,Beauty,1,54.47,54.47,33.77,2.72,False,West,Online,Occasional
O003134,C0618,2023-03-04,Sports,1,104.94,104.94,39.88,15.74,False,West,App,Regular
O000238,C0044,2024-02-16,Beauty,1,25.62,21.78,13.5,2.18,False,South,Online,Premium
O000562,C0105,2023-05-21,Sports,2,157.91,315.83,120.02,63.17,False,Central,Online,Premium
O009270,C1859,2024-10-16,Beauty,1,35.23,35.23,21.84,0.0,False,East,Online,Regular
O001826,C0346,2024-05-01,Beauty,2,24.16,48.32,29.96,4.83,False,Central,Online,Premium
O005836,C1153,2023-03-27,Electronics,1,307.45,307.45,67.64,0.0,False,West,App,Occasional
O005523,C1105,2023-12-08,Beauty,1,80.52,104.67,64.9,20.93,False,South,App,Regular
O009633,C1935,2023-10-25,Sports,1,75.84,75.84,28.82,0.0,False,West,Online,Regular
O001813,C0345,2024-12-25,Beauty,1,64.34,83.64,51.86,0.0,False,West,Partner,Premium
O001642,C0314,2024-06-19,Electronics,1,245.95,245.95,54.11,36.89,True,West,App,Occasional
O005301,C1055,2024-06-16,Clothing,1,29.19,29.19,16.05,2.92,False,North,App,Occasional
O000760,C0141,2024-03-24,Beauty,1,58.51,58.51,36.28,8.78,True,West,App,Premium
O009705,C1944,2023-09-12,Clothing,1,49.55,49.55,27.25,0.0,False,East,App,Regular
O009653,C1937,2024-06-13,Electronics,1,357.63,357.63,78.68,35.76,False,East,Online,Regular
O004539,C0913,2024-02-29,Clothing,1,51.89,44.1,24.26,0.0,False,West,App,Premium
O002018,C0389,2023-05-11,Home & Kitchen,1,119.73,119.73,50.29,11.97,False,West,Retail,Premium
O006541,C1305,2024-01-22,Beauty,2,47.16,80.17,49.71,12.03,False,West,Online,Regular
O004450,C0896,2024-02-26,Clothing,1,91.32,77.62,42.69,0.0,True,West,Online,Regular
O001805,C0343,2023-02-10,Beauty,1,71.18,60.5,37.51,0.0,True,Central,App,Premium
O006604,C1317,2023-07-07,Sports,1,115.17,115.17,43.76,5.76,False,West,Retail,Premium
O007079,C1410,2023-11-27,Beauty,1,64.28,83.56,51.81,4.18,False,West,Online,Premium
O002150,C0413,2024-09-12,Clothing,1,53.23,53.23,29.28,0.0,False,North,Online,Regular
O007110,C1417,2023-04-23,Home & Kitchen,1,63.5,63.5,26.67,9.52,False,Central,App,Premium
O005534,C1108,2024-12-18,Home & Kitchen,1,146.68,190.68,80.09,19.07,False,Central,Retail,Premium
O006776,C1352,2024-05-25,Home & Kitchen,1,106.89,106.89,44.89,0.0,False,Central,App,Regular
O009068,C1826,2023-10-07,Beauty,1,73.58,73.58,45.62,0.0,False,East,Online,Regular
O003518,C0703,2024-08-15,Electronics,2,5.0,10.0,2.2,0.0,False,Central,App,Regular
O006738,C1342,2024-10-08,Clothing,2,60.98,121.95,67.07,24.39,False,North,Online,Regular
O004537,C0913,2023-01-24,Beauty,1,56.77,48.26,29.92,0.0,True,West,App,Premium
O003118,C0615,2024-11-10,Home & Kitchen,1,71.07,92.39,38.8,13.86,False,South,Retail,Occasional
O001464,C0274,2024-11-28,Electronics,1,557.85,725.2,159.54,0.0,False,West,Online,Premium
O000204,C0041,2023-06-13,Home & Kitchen,1,131.85,131.85,55.38,6.59,False,East,App,Premium
O009858,C1968,2024-01-21,Electronics,1,322.84,274.42,60.37,54.88,False,East,Partner,Regular
O006104,C1204,2024-12-01,Beauty,1,63.1,82.03,50.86,4.1,False,Central,Online,Premium
O005752,C1139,2024-08-02,Home & Kitchen,1,115.24,115.24,48.4,0.0,False,South,Online,Premium
O001044,C0199,2023-02-17,Clothing,1,82.73,70.32,38.68,3.52,False,West,Online,Premium
O000840,C0152,2024-06-07,Clothing,1,46.73,46.73,25.7,0.0,True,South,Online,Premium
O009606,C1931,2024-01-31,Electronics,1,277.94,236.25,51.98,11.81,False,East,Online,Premium
O005063,C1005,2024-07-29,Sports,1,167.88,167.88,63.79,25.18,False,North,Online,Premium
O004157,C0835,2023-02-14,Beauty,1,58.2,49.47,30.67,7.42,False,East,Online,Premium
O005645,C1121,2024-03-07,Electronics,1,5.0,5.0,1.1,0.75,True,Central,Online,Premium
O001357,C0258,2023-04-13,Home & Kitchen,1,157.86,157.86,66.3,0.0,False,South,Online,Regular
O006285,C1244,2023-12-02,Beauty,1,58.46,76.0,47.12,0.0,False,West,Online,Premium
O005266,C1045,2023-12-18,Sports,1,167.56,217.83,82.78,0.0,False,North,Partner,Premium
O004521,C0911,2024-07-08,Home & Kitchen,1,38.15,38.15,16.02,3.82,False,East,Retail,Regular
O005094,C1011,2023-03-11,Home & Kitchen,1,50.84,50.84,21.35,0.0,False,Central,App,Regular
O007690,C1526,2023-09-25,Electronics,1,524.33,524.33,115.35,0.0,False,East,Online,Premium
O008648,C1743,2023-09-04,Home & Kitchen,1,172.28,172.28,72.36,25.84,False,South,App,Premium
O004029,C0816,2024-05-04,Beauty,1,30.21,30.21,18.73,6.04,False,East,Online,Regular
O000563,C0105,2024-10-07,Clothing,1,69.97,69.97,38.48,0.0,False,Central,Online,Premium
O004849,C0965,2024-02-15,Clothing,3,115.67,294.96,162.23,44.24,False,North,Online,Regular
O004300,C0866,2023-01-22,Electronics,1,121.62,103.38,22.74,0.0,False,Central,App,Premium
O009995,C1992,2023-01-17,Beauty,1,60.51,51.43,31.89,5.14,False,North,App,Regular
O003228,C0637,2023-03-05,Clothing,1,112.57,112.57,61.91,5.63,False,South,App,Premium
O002568,C0509,2024-03-20,Electronics,1,488.84,488.84,107.54,24.44,False,West,App,Regular
O004565,C0921,2023-03-04,Electronics,3,81.35,244.06,53.69,0.0,False,East,Online,Regular
O003385,C0670,2023-08-24,Electronics,1,580.95,580.95,127.81,116.19,False,Central,Online,Regular
O007413,C1466,2023-01-14,Beauty,1,60.76,51.64,32.02,5.16,False,East,Online,Premium
O005222,C1033,2023-08-03,Clothing,1,5.91,5.91,3.25,0.89,False,North,Online,Regular
O001100,C0210,2024-02-07,Clothing,3,106.27,271.0,149.05,40.65,False,West,Online,Regular
O004893,C0977,2023-01-09,Beauty,1,35.36,30.06,18.64,6.01,False,South,Online,Regular
O001045,C0199,2024-01-08,Clothing,1,57.9,49.22,27.07,2.46,False,West,Online,Premium
O002690,C0536,2023-07-31,Home & Kitchen,1,17.49,17.49,7.35,2.62,False,West,Online,Regular
O004974,C0994,2023-09-10,Clothing,1,72.65,72.65,39.96,7.26,False,South,App,Premium
O003918,C0790,2024-03-21,Home & Kitchen,2,132.26,264.53,111.1,13.23,False,Central,App,Regular
O005140,C1023,2024-03-12,Clothing,2,21.83,43.67,24.02,6.55,False,South,App,Premium
O009497,C1907,2024-04-26,Home & Kitchen,2,152.83,305.66,128.38,30.57,False,South,Online,Regular
O000421,C0085,2023-01-23,Beauty,2,66.58,113.18,70.17,5.66,False,West,Online,Premium
O002814,C0557,2024-09-07,Home & Kitchen,2,97.93,195.87,82.27,19.59,False,West,App,Occasional
O002747,C0547,2024-10-18,Home & Kitchen,1,5.0,5.0,2.1,0.75,False,North,App,Regular
O008902,C1792,2023-01-24,Clothing,2,36.24,61.62,33.89,12.32,False,East,Online,Premium
O002047,C0395,2024-05-31,Electronics,1,465.75,465.75,102.46,69.86,False,Central,Retail,Regular
O007766,C1541,2024-12-04,Electronics,2,268.13,697.15,153.37,104.57,False,South,App,Regular
O000257,C0050,2023-04-23,Beauty,1,72.24,72.24,44.79,3.61,False,North,App,Premium
O003680,C0738,2024-06-22,Beauty,1,81.24,81.24,50.37,16.25,False,West,App,Occasional
O003505,C0698,2023-07-29,Home & Kitchen,1,130.58,130.58,54.84,13.06,False,West,Partner,Premium
O009900,C1973,2023-10-28,Beauty,1,9.39,9.39,5.82,1.41,False,East,Online,Regular
O006493,C1297,2023-11-09,Sports,1,227.24,295.42,112.26,59.08,False,East,App,Regular
O001796,C0343,2024-06-10,Beauty,1,61.42,61.42,38.08,0.0,False,Central,App,Premium
O009185,C1844,2023-11-02,Electronics,1,317.07,412.2,90.68,82.44,False,Central,Retail,Premium
O005595,C1116,2024-01-11,Home & Kitchen,1,5.0,4.25,1.78,0.85,False,East,Partner,Regular
O003501,C0698,2023-06-18,Beauty,1,63.69,63.69,39.49,0.0,False,West,Partner,Premium
O003502,C0698,2023-04-25,Electronics,1,360.43,360.43,79.29,54.06,False,West,Partner,Premium
O002141,C0412,2024-02-20,Clothing,1,95.73,81.37,44.75,8.14,False,East,App,Premium
O008274,C1654,2024-07-20,Sports,1,229.93,229.93,87.37,0.0,False,Central,App,Regular
O001109,C0212,2024-02-21,Sports,1,160.12,136.11,51.72,0.0,False,North,App,Premium
O008412,C1693,2023-12-27,Electronics,2,451.37,1173.56,258.18,117.36,False,North,Online,Regular
O008322,C1669,2023-06-05,Clothing,1,22.13,22.13,12.17,0.0,False,North,App,Regular
O000680,C0126,2024-05-10,Beauty,1,49.5,49.5,30.69,9.9,False,East,Online,Regular
O004608,C0926,2023-09-25,Electronics,1,113.49,113.49,24.97,22.7,False,South,Retail,Premium
O008248,C1645,2024-08-14,Home & Kitchen,1,107.54,107.54,45.17,5.38,False,North,App,Regular
O007089,C1414,2023-10-22,Sports,1,133.33,133.33,50.67,0.0,False,North,Online,Premium
O000766,C0141,2023-12-18,Home & Kitchen,2,52.34,136.09,57.16,20.41,False,West,App,Premium
O001457,C0274,2024-11-02,Electronics,1,488.26,634.73,139.64,95.21,False,West,Online,Premium
O006627,C1323,2024-06-14,Home & Kitchen,1,107.19,107.19,45.02,5.36,False,North,App,Premium
O005728,C1133,2023-02-12,Beauty,1,45.92,39.04,24.2,3.9,False,South,Partner,Premium
O010017,C1996,2024-03-01,Clothing,1,5.0,5.0,2.75,0.0,False,East,Retail,Premium
O003704,C0744,2023-01-20,Electronics,1,25.17,21.39,4.71,4.28,False,North,Online,Regular
O005080,C1009,2023-11-05,Beauty,2,27.77,72.21,44.77,14.44,False,Central,Partner,Premium
O003254,C0646,2024-12-25,Beauty,1,43.6,56.68,35.14,11.34,False,South,App,Regular
O008339,C1674,2024-10-03,Electronics,1,298.43,298.43,65.65,14.92,False,West,Online,Regular
O007291,C1448,2024-10-29,Electronics,1,458.83,458.83,100.94,0.0,False,North,App,Premium
O000982,C0190,2024-08-05,Clothing,1,93.56,93.56,51.46,4.68,False,Central,Retail,Premium
O002459,C0480,2024-01-24,Electronics,1,480.44,408.37,89.84,61.26,False,South,Online,Regular
O005100,C1013,2024-08-24,Home & Kitchen,2,103.47,206.95,86.92,31.04,False,West,Online,Regular
O002780,C0552,2024-12-29,Sports,1,228.73,297.35,112.99,59.47,False,West,Partner,Premium
O006680,C1332,2024-02-05,Clothing,1,71.03,60.37,33.2,3.02,False,East,Online,Premium
O005494,C1099,2023-05-12,Beauty,1,41.65,41.65,25.82,6.25,True,South,Online,Regular
O002269,C0445,2024-08-12,Electronics,1,182.81,182.81,40.22,27.42,False,North,App,Occasional
O000244,C0046,2024-09-12,Sports,1,128.23,128.23,48.73,12.82,False,North,Retail,Regular
O006825,C1362,2024-05-08,Clothing,1,37.04,37.04,20.37,0.0,False,South,Partner,Premium
O006712,C1337,2024-09-12,Clothing,1,15.25,15.25,8.39,2.29,False,East,Partner,Regular
O009513,C1915,2024-06-09,Home & Kitchen,1,96.33,96.33,40.46,0.0,True,South,App,Regular
O008540,C1718,2023-09-16,Beauty,1,20.9,20.9,12.96,1.04,False,East,App,Regular
O007315,C1452,2024-07-31,Beauty,1,49.58,49.58,30.74,7.44,False,West,Partner,Regular
O006321,C1252,2023-01-31,Beauty,2,44.05,74.88,46.43,0.0,True,Central,Partner,Regular
O004320,C0869,2023-06-27,Sports,1,106.44,106.44,40.45,0.0,False,Central,Online,Regular
O006642,C1325,2024-05-22,Beauty,3,23.29,69.86,43.31,0.0,False,West,App,Premium
O009899,C1973,2024-06-05,Clothing,1,55.68,55.68,30.62,0.0,False,East,Online,Regular
O000598,C0109,2024-05-02,Home & Kitchen,1,208.76,208.76,87.68,0.0,False,North,Online,Premium
O008298,C1660,2023-10-31,Home & Kitchen,1,67.0,67.0,28.14,3.35,False,East,Online,Premium
O003517,C0703,2023-12-10,Electronics,1,367.66,477.96,105.15,23.9,True,Central,App,Regular
O004506,C0907,2024-09-30,Home & Kitchen,1,133.22,133.22,55.95,6.66,False,West,Online,Regular
O000462,C0089,2023-02-04,Sports,1,57.49,48.87,18.57,2.44,False,South,Retail,Premium
O009486,C1905,2024-03-03,Electronics,2,467.18,934.36,205.56,0.0,False,West,Partner,Occasional
O005390,C1077,2024-12-18,Clothing,1,84.41,109.73,60.35,21.95,False,South,Online,Regular
O006463,C1291,2023-10-29,Home & Kitchen,1,82.38,82.38,34.6,0.0,False,West,App,Regular
O006768,C1351,2023-05-22,Electronics,1,361.09,361.09,79.44,72.22,False,Central,Partner,Occasional
O006661,C1328,2023-07-08,Beauty,2,71.47,142.94,88.62,28.59,False,Central,App,Occasional
O002976,C0585,2023-04-19,Beauty,1,27.23,27.23,16.88,1.36,False,North,Retail,Regular
O009240,C1853,2024-02-12,Clothing,1,25.76,21.9,12.04,3.28,False,East,Retail,Regular
O006784,C1355,2023-06-11,Electronics,1,392.95,392.95,86.45,0.0,False,North,Retail,Regular
O008440,C1701,2023-12-15,Home & Kitchen,1,143.33,186.32,78.25,18.63,False,West,Retail,Regular
O008999,C1812,2024-02-05,Electronics,1,297.25,252.66,55.59,12.63,False,North,Retail,Premium
O005668,C1124,2023-03-26,Beauty,1,24.29,24.29,15.06,4.86,True,Central,Online,Premium
O006494,C1297,2024-12-05,Sports,1,138.42,179.95,68.38,0.0,False,East,App,Regular
O009072,C1826,2024-10-23,Home & Kitchen,1,67.24,67.24,28.24,0.0,False,East,Online,Regular
O001944,C0374,2023-10-15,Electronics,1,642.75,642.75,141.4,128.55,False,West,Online,Premium
O006576,C1313,2023-09-15,Sports,1,90.47,90.47,34.38,0.0,False,Central,Online,Premium
O009775,C1955,2024-06-13,Sports,1,78.77,78.77,29.93,7.88,False,North,Retail,Premium
O003571,C0712,2023-08-14,Clothing,1,73.02,73.02,40.16,3.65,False,South,Online,Premium
O009154,C1839,2024-08-26,Sports,1,54.05,54.05,20.54,0.0,False,North,Online,Premium
O001400,C0264,2023-01-30,Home & Kitchen,1,76.68,65.18,27.38,0.0,True,Central,Partner,Premium
O003990,C0805,2024-03-29,Clothing,1,54.8,54.8,30.14,2.74,False,Central,Retail,Regular
O000274,C0052,2024-03-27,Sports,1,204.93,204.93,77.87,0.0,False,South,App,Regular
O004736,C0950,2023-04-21,Electronics,1,286.91,286.91,63.12,0.0,False,North,Partner,Premium
O009977,C1990,2024-09-15,Electronics,1,375.19,375.19,82.54,37.52,False,South,Partner,Regular
O001773,C0337,2023-08-18,Home & Kitchen,1,119.33,119.33,50.12,17.9,False,East,App,Regular
O004866,C0969,2024-09-28,Electronics,1,354.48,354.48,77.99,0.0,False,East,App,Premium
O004767,C0954,2023-07-26,Beauty,1,60.67,60.67,37.62,12.13,False,West,App,Regular
O000787,C0144,2023-04-15,Clothing,1,15.13,15.13,8.32,3.03,False,South,App,Regular
O009661,C1938,2024-12-13,Electronics,1,213.15,277.09,60.96,27.71,False,South,Partner,Premium
O008336,C1673,2023-12-16,Sports,1,180.96,235.24,89.39,0.0,False,Central,Online,Regular
O008548,C1719,2023-09-21,Sports,2,94.67,189.34,71.95,0.0,False,East,Online,Regular
O008497,C1711,2023-03-07,Home & Kitchen,1,167.99,167.99,70.56,25.2,False,East,Online,Premium
O002444,C0475,2024-07-09,Clothing,1,123.58,123.58,67.97,18.54,False,Central,Online,Regular
O005460,C1093,2023-05-01,Beauty,1,33.66,33.66,20.87,0.0,False,West,Retail,Regular
O000017,C0003,2024-03-02,Home & Kitchen,1,153.15,153.15,64.32,0.0,False,Central,Retail,Premium
O003826,C0772,2024-02-03,Electronics,1,291.83,248.05,54.57,12.4,True,North,Retail,Regular
O002695,C0537,2024-12-06,Sports,1,27.52,35.77,13.59,5.37,False,North,Online,Regular
O002722,C0543,2024-05-03,Home & Kitchen,2,72.24,144.48,60.68,0.0,False,South,App,Premium
O001010,C0194,2023-09-08,Clothing,1,93.54,93.54,51.45,0.0,False,West,App,Regular
O001218,C0230,2024-11-09,Clothing,2,69.98,181.94,100.07,9.1,True,East,App,Premium
O004752,C0951,2024-01-02,Home & Kitchen,1,131.4,111.69,46.91,0.0,True,West,App,Regular
O006262,C1240,2023-08-04,Sports,1,102.77,102.77,39.05,15.42,False,North,Retail,Regular
O003824,C0772,2024-03-17,Sports,1,182.86,182.86,69.49,0.0,False,North,Retail,Regular
O009756,C1950,2024-06-08,Electronics,1,164.44,164.44,36.18,16.44,False,West,App,Regular
O003642,C0727,2023-05-03,Beauty,1,26.97,26.97,16.72,0.0,False,West,Partner,Premium
O006015,C1191,2024-08-23,Home & Kitchen,1,129.11,129.11,54.23,25.82,False,South,App,Regular
O006357,C1265,2024-10-21,Electronics,2,315.14,630.27,138.66,126.05,False,Central,App,Regular
O007564,C1498,2023-08-30,Clothing,1,62.92,62.92,34.61,12.58,False,North,Online,Regular
O000853,C0155,2023-03-31,Electronics,2,193.83,387.67,85.29,19.38,False,South,Online,Regular
O000021,C0005,2024-06-22,Electronics,1,156.14,156.14,34.35,15.61,False,South,App,Regular
O006081,C1200,2024-04-21,Sports,3,148.45,445.35,169.23,0.0,False,West,Online,Regular
O008155,C1629,2023-01-08,Home & Kitchen,2,37.03,62.96,26.44,3.15,False,Central,App,Occasional
O004203,C0845,2023-03-27,Beauty,1,31.32,31.32,19.42,0.0,False,South,Online,Regular
O008171,C1630,2023-06-09,Electronics,1,295.72,295.72,65.06,0.0,False,East,Retail,Premium
O007121,C1418,2023-06-10,Beauty,2,24.59,49.18,30.49,4.92,False,East,Online,Premium
O006870,C1373,2024-05-12,Beauty,1,16.89,16.89,10.47,0.0,False,Central,Retail,Regular
O007951,C1576,2024-08-26,Beauty,1,22.92,22.92,14.21,4.58,False,West,Partner,Regular
O002499,C0491,2024-06-25,Beauty,1,33.7,33.7,20.89,0.0,False,West,Retail,Premium
O000665,C0122,2023-11-29,Sports,3,60.76,236.96,90.04,47.39,False,South,Retail,Premium
O007426,C1470,2024-04-29,Electronics,1,121.12,121.12,26.65,18.17,False,South,Partner,Regular
O006512,C1298,2024-11-27,Sports,1,157.62,204.91,77.87,0.0,False,West,Online,Premium
O008910,C1793,2023-03-19,Electronics,1,601.11,601.11,132.24,0.0,False,West,App,Regular
O006488,C1295,2023-10-22,Sports,1,229.8,229.8,87.32,34.47,False,West,Retail,Premium
O000173,C0035,2024-09-24,Clothing,1,114.26,114.26,62.84,17.14,True,North,App,Regular
O002841,C0561,2023-03-11,Beauty,1,49.26,49.26,30.54,9.85,False,West,App,Regular
O009227,C1851,2024-10-13,Sports,1,143.68,143.68,54.6,21.55,False,South,Online,Regular
O006792,C1356,2024-08-19,Sports,2,48.22,96.44,36.65,4.82,False,West,Online,Regular
O000036,C0006,2024-07-13,Home & Kitchen,1,136.73,136.73,57.43,0.0,False,South,Online,Premium
O003981,C0803,2023-02-25,Beauty,1,5.0,4.25,2.64,0.64,False,North,Retail,Occasional
O003841,C0774,2024-08-27,Clothing,1,41.95,41.95,23.07,0.0,False,South,Retail,Premium
O002592,C0517,2023-02-20,Beauty,1,69.35,58.95,36.55,5.9,False,East,App,Premium
O009978,C1990,2023-08-25,Beauty,1,40.39,40.39,25.04,0.0,False,South,Partner,Regular
O005225,C1034,2023-06-22,Beauty,3,43.95,131.86,81.75,26.37,False,East,App,Occasional
O006849,C1370,2024-09-08,Clothing,1,83.65,83.65,46.01,12.55,False,West,App,Regular
O007691,C1526,2024-09-22,Sports,1,118.12,118.12,44.89,11.81,False,East,Online,Premium
O009060,C1824,2023-10-10,Clothing,2,74.5,149.01,81.96,22.35,True,Central,Online,Premium
O006111,C1204,2024-12-30,Sports,2,217.14,564.58,214.54,28.23,False,Central,Online,Premium
O001092,C0208,2023-05-17,Beauty,2,43.96,87.91,54.5,13.19,False,West,Online,Regular
O006490,C1295,2023-07-09,Beauty,2,34.94,69.87,43.32,6.99,False,West,Retail,Premium
O005129,C1019,2023-11-26,Sports,1,70.64,91.83,34.9,0.0,False,West,App,Regular
O007621,C1512,2024-04-10,Sports,2,44.12,88.24,33.53,0.0,False,North,App,Premium
O001023,C0196,2024-01-16,Beauty,1,5.0,4.25,2.64,0.0,False,Central,Online,Regular
O001648,C0315,2024-11-23,Electronics,1,489.39,636.21,139.97,95.43,False,Central,Partner,Regular
O001474,C0276,2024-10-15,Beauty,1,39.54,39.54,24.51,7.91,False,North,Online,Regular
O003566,C0712,2024-05-05,Electronics,1,565.85,565.85,124.49,0.0,False,South,Online,Premium
O008854,C1780,2023-03-12,Beauty,2,59.97,119.95,74.37,0.0,False,East,App,Premium
O003638,C0727,2024-03-22,Sports,2,44.81,89.63,34.06,17.93,False,West,Partner,Premium
O004998,C0998,2023-08-11,Beauty,1,64.98,64.98,40.29,3.25,False,West,Partner,Premium
O005687,C1125,2024-03-12,Beauty,1,37.17,37.17,23.05,0.0,False,Central,Online,Premium
O009144,C1839,2023-11-24,Sports,1,219.41,285.24,108.39,0.0,False,North,Online,Premium
O006273,C1243,2024-05-10,Electronics,1,256.24,256.24,56.37,25.62,False,West,Online,Regular
O003226,C0637,2023-06-15,Sports,2,96.64,193.28,73.45,38.66,False,South,App,Premium
O009418,C1889,2024-12-19,Sports,1,247.07,321.19,122.05,16.06,False,North,Partner,Occasional
O006232,C1232,2023-01-29,Electronics,1,402.96,342.52,75.35,34.25,False,South,Partner,Regular
O003688,C0741,2023-11-16,Sports,1,235.47,306.11,116.32,45.92,False,North,Online,Regular
O005707,C1129,2023-11-26,Beauty,3,63.32,246.94,153.1,0.0,False,South,App,Regular
O009635,C1936,2024-04-25,Electronics,1,368.89,368.89,81.16,0.0,False,North,App,Premium
O004504,C0907,2023-11-30,Clothing,1,36.96,48.05,26.43,0.0,False,West,Online,Regular
O005953,C1178,2023-03-03,Beauty,1,51.21,51.21,31.75,7.68,False,Central,App,Regular
O004823,C0960,2024-03-15,Home & Kitchen,1,105.75,105.75,44.42,15.86,False,Central,App,Premium
O002292,C0449,2024-08-24,Home & Kitchen,2,193.71,387.43,162.72,38.74,False,North,Online,Regular
O000478,C0091,2023-08-15,Clothing,1,9.73,9.73,5.35,0.49,False,Central,App,Regular
O000353,C0070,2023-04-26,Clothing,1,109.54,109.54,60.25,0.0,False,South,App,Regular
O005065,C1005,2023-08-01,Clothing,1,48.41,48.41,26.63,4.84,False,North,Online,Premium
O007021,C1403,2023-09-08,Electronics,2,302.38,604.75,133.04,120.95,False,North,Partner,Regular
O002421,C0473,2024-12-05,Home & Kitchen,1,44.45,57.79,24.27,5.78,False,East,Online,Premium
O003412,C0677,2023-06-24,Clothing,1,96.59,96.59,53.12,9.66,False,West,Retail,Regular
O007909,C1565,2024-02-13,Home & Kitchen,1,96.96,82.41,34.61,12.36,False,West,Retail,Regular
O008222,C1640,2024-02-18,Sports,1,88.77,75.45,28.67,0.0,False,East,App,Regular
O001370,C0259,2024-12-11,Home & Kitchen,1,90.67,117.87,49.51,5.89,False,Central,Retail,Premium
O009022,C1816,2024-10-07,Beauty,1,62.88,62.88,38.99,0.0,False,South,App,Occasional
O003850,C0775,2024-11-08,Clothing,1,23.22,30.19,16.6,0.0,False,South,Online,Regular
O004092,C0824,2023-11-06,Beauty,1,65.7,85.41,52.95,4.27,False,Central,Retail,Premium
O008469,C1706,2023-09-27,Electronics,1,574.53,574.53,126.4,28.73,False,West,Online,Occasional
O000413,C0084,2024-04-01,Electronics,1,251.36,251.36,55.3,50.27,False,East,Retail,Regular
O007851,C1555,2024-04-14,Home & Kitchen,1,15.35,15.35,6.45,2.3,False,East,App,Premium
O006231,C1232,2024-08-30,Sports,1,61.78,61.78,23.48,0.0,False,South,Partner,Regular
O002615,C0521,2023-11-09,Sports,1,41.82,54.37,20.66,0.0,False,Central,App,Premium
O009508,C1912,2024-09-23,Clothing,1,108.59,108.59,59.72,16.29,False,Central,Online,Occasional
O005490,C1098,2023-08-09,Home & Kitchen,1,64.64,64.64,27.15,0.0,False,West,Online,Regular
O000655,C0122,2023-10-04,Clothing,1,127.55,127.55,70.15,0.0,False,South,Retail,Premium
O007455,C1475,2023-06-26,Beauty,1,25.08,25.08,15.55,1.25,False,South,Partner,Premium
O006021,C1193,2023-08-26,Electronics,2,340.82,681.64,149.96,0.0,False,East,Retail,Regular
O009928,C1980,2023-03-09,Clothing,1,44.26,44.26,24.34,0.0,False,Central,Online,Regular
O001521,C0290,2024-05-03,Electronics,1,667.27,667.27,146.8,33.36,False,Central,Online,Regular
O006476,C1294,2023-04-14,Beauty,1,46.44,46.44,28.79,0.0,False,North,Partner,Regular
O005416,C1085,2024-03-20,Electronics,2,450.04,900.08,198.02,0.0,False,South,Retail,Premium
O006203,C1226,2024-01-19,Sports,1,29.4,24.99,9.5,5.0,False,East,Retail,Premium
O002571,C0509,2024-10-30,Home & Kitchen,1,220.49,220.49,92.61,44.1,False,West,App,Regular
O002755,C0549,2024-02-01,Sports,1,133.88,113.79,43.24,11.38,False,East,Retail,Premium
O001461,C0274,2023-09-04,Clothing,1,5.0,5.0,2.75,0.0,False,West,Online,Premium
O003330,C0661,2024-03-25,Sports,1,155.58,155.58,59.12,0.0,False,West,App,Regular
O003764,C0759,2024-01-12,Clothing,2,108.89,185.11,101.81,0.0,False,Central,App,Regular
O008163,C1630,2024-10-21,Sports,2,37.46,74.91,28.47,14.98,False,East,Retail,Premium
O004392,C0886,2023-10-30,Clothing,1,89.72,89.72,49.35,4.49,False,West,Online,Occasional
O006097,C1203,2024-09-07,Sports,1,32.83,32.83,12.48,6.57,False,East,Online,Regular
O007441,C1474,2023-07-18,Clothing,2,97.03,194.05,106.73,29.11,False,Central,Online,Regular
O006120,C1206,2024-05-01,Beauty,1,27.76,27.76,17.21,2.78,False,East,Retail,Premium
O006250,C1236,2024-04-15,Home & Kitchen,1,171.38,171.38,71.98,17.14,False,South,App,Regular
O005959,C1180,2024-04-10,Beauty,1,53.36,53.36,33.08,5.34,False,South,App,Premium
O000314,C0060,2024-07-05,Beauty,1,36.57,36.57,22.67,0.0,False,Central,Retail,Occasional
O000517,C0101,2023-01-16,Electronics,1,133.77,113.7,25.01,0.0,False,East,Online,Premium
O004096,C0824,2023-07-03,Sports,1,109.85,109.85,41.74,0.0,False,Central,Retail,Premium
O004669,C0935,2024-06-29,Electronics,1,336.76,336.76,74.09,33.68,True,South,App,Regular
O006468,C1292,2024-03-19,Home & Kitchen,2,51.74,103.48,43.46,0.0,False,South,App,Premium
O004754,C0951,2023-05-30,Home & Kitchen,2,101.45,202.91,85.22,0.0,False,West,App,Regular
O002172,C0415,2024-10-10,Beauty,2,56.49,112.97,70.04,22.59,True,East,App,Premium
O004911,C0981,2023-07-12,Beauty,1,27.88,27.88,17.29,1.39,False,North,Online,Regular
O004067,C0822,2023-05-30,Electronics,1,196.76,196.76,43.29,0.0,False,Central,App,Premium
O003070,C0603,2024-08-27,Home & Kitchen,1,88.26,88.26,37.07,4.41,False,South,Retail,Regular
O007583,C1505,2024-11-21,Sports,1,186.86,242.91,92.31,36.44,False,South,Retail,Premium
O003805,C0767,2023-03-20,Electronics,1,315.89,315.89,69.5,47.38,False,West,Online,Regular
O006055,C1198,2024-08-05,Electronics,1,58.81,58.81,12.94,2.94,False,West,Partner,Premium
O009491,C1906,2024-01-14,Sports,3,149.07,380.14,144.45,0.0,False,West,Online,Regular
O006929,C1385,2023-11-25,Beauty,1,24.55,31.92,19.79,6.38,True,South,Online,Premium
O007764,C1541,2024-01-07,Electronics,1,471.74,400.98,88.22,60.15,False,South,App,Regular
O002509,C0492,2023-07-03,Sports,1,99.35,99.35,37.75,9.94,False,West,Partner,Regular
O006969,C1391,2023-03-15,Electronics,1,354.89,354.89,78.08,53.23,False,Central,Online,Regular
O007480,C1481,2023-05-16,Beauty,1,50.34,50.34,31.21,0.0,False,Central,App,Regular
O002435,C0474,2023-12-22,Clothing,1,26.58,34.56,19.01,6.91,False,Central,Online,Premium
O009143,C1839,2023-05-21,Electronics,1,127.02,127.02,27.94,12.7,False,North,Online,Premium
O004965,C0993,2024-05-01,Home & Kitchen,1,118.61,118.61,49.82,0.0,False,Central,Online,Regular
O005125,C1018,2024-11-11,Sports,1,90.62,117.8,44.76,0.0,False,East,Partner,Regular
O003594,C0717,2024-07-28,Sports,1,79.1,79.1,30.06,0.0,False,Central,App,Occasional
O000044,C0007,2023-02-14,Home & Kitchen,1,128.79,109.47,45.98,21.89,False,East,App,Regular
O000872,C0157,2023-04-08,Home & Kitchen,1,83.4,83.4,35.03,0.0,False,South,Partner,Premium
O004380,C0883,2023-05-30,Home & Kitchen,1,157.97,157.97,66.35,31.59,False,West,App,Regular
O003785,C0764,2024-10-21,Clothing,1,70.5,70.5,38.78,3.53,False,West,Online,Premium
O003940,C0795,2023-02-13,Beauty,1,63.69,54.13,33.56,8.12,False,West,Online,Premium
O007534,C1489,2024-08-30,Beauty,1,50.23,50.23,31.14,5.02,False,Central,App,Regular
O007024,C1404,2023-05-22,Home & Kitchen,1,41.8,41.8,17.56,4.18,False,North,Online,Premium
O002810,C0556,2023-08-11,Clothing,1,79.01,79.01,43.46,7.9,False,North,App,Premium
O004900,C0979,2024-06-08,Home & Kitchen,1,99.47,99.47,41.78,19.89,False,East,App,Premium
O001433,C0267,2024-09-07,Electronics,2,269.87,539.74,118.74,107.95,False,South,App,Premium
O003827,C0772,2023-04-23,Sports,1,257.84,257.84,97.98,25.78,False,North,Retail,Regular
O004074,C0822,2023-01-11,Beauty,2,58.68,99.75,61.84,4.99,False,Central,App,Premium
O009740,C1947,2023-01-17,Beauty,1,5.0,4.25,2.64,0.0,False,West,Online,Premium
O000325,C0062,2024-04-28,Home & Kitchen,1,161.51,161.51,67.83,0.0,False,Central,App,Regular
O001676,C0322,2024-09-10,Sports,1,129.5,129.5,49.21,12.95,False,West,Online,Regular
O004587,C0924,2024-09-27,Beauty,1,79.91,79.91,49.54,0.0,False,West,App,Premium
O007831,C1550,2023-03-03,Clothing,2,5.54,11.07,6.09,0.0,False,East,App,Regular
O001272,C0240,2023-06-24,Home & Kitchen,2,141.15,282.3,118.57,14.12,False,West,Online,Premium
O000112,C0024,2023-06-26,Beauty,1,5.0,5.0,3.1,0.75,False,North,App,Premium
O007390,C1464,2023-05-27,Beauty,1,22.95,22.95,14.23,4.59,True,East,App,Premium
O001099,C0210,2023-11-19,Beauty,1,51.51,66.96,41.52,13.39,False,West,Online,Regular
O000409,C0084,2023-04-30,Sports,2,78.74,157.49,59.85,23.62,True,East,Retail,Regular
O009842,C1967,2023-11-18,Clothing,1,75.23,97.8,53.79,0.0,False,South,App,Premium
O006952,C1389,2024-12-01,Beauty,1,30.63,39.81,24.68,3.98,True,Central,Online,Premium
O003870,C0779,2024-12-08,Clothing,1,5.0,6.5,3.58,0.98,False,North,Retail,Regular
O009363,C1876,2024-10-08,Sports,1,85.98,85.98,32.67,0.0,False,West,Online,Regular
O009868,C1969,2023-05-17,Home & Kitchen,2,114.99,229.98,96.59,0.0,False,North,Retail,Premium
O002437,C0474,2023-07-17,Sports,1,189.99,189.99,72.2,0.0,False,Central,Online,Premium
O003522,C0704,2024-12-14,Beauty,2,69.24,180.01,111.61,18.0,False,South,App,Occasional
O009029,C1819,2024-12-06,Sports,2,87.03,226.28,85.99,45.26,False,North,Online,Regular
O009100,C1831,2023-02-23,Sports,2,135.54,230.42,87.56,46.08,False,Central,Partner,Regular
O009531,C1919,2023-07-29,Electronics,2,289.48,578.95,127.37,115.79,False,South,App,Regular
O001407,C0264,2023-10-08,Sports,1,159.31,159.31,60.54,0.0,False,Central,Partner,Premium
O001311,C0246,2024-04-01,Home & Kitchen,2,68.65,137.29,57.66,0.0,False,South,Online,Regular
O001778,C0339,2024-12-10,Clothing,1,99.81,129.75,71.36,19.46,False,West,Partner,Regular
O007973,C1582,2024-03-18,Clothing,1,5.0,5.0,2.75,0.75,False,Central,Online,Regular
O006534,C1304,2023-08-14,Home & Kitchen,2,79.69,159.38,66.94,23.91,False,West,App,Regular
O003853,C0776,2024-08-29,Beauty,1,31.13,31.13,19.3,0.0,False,South,App,Premium
O009469,C1901,2024-03-18,Electronics,1,501.61,501.61,110.35,0.0,False,West,Online,Occasional
O008767,C1762,2023-08-21,Sports,1,53.44,53.44,20.31,2.67,False,East,Partner,Premium
O003119,C0617,2023-03-21,Electronics,1,49.22,49.22,10.83,7.38,False,West,App,Premium
O001203,C0229,2023-08-27,Home & Kitchen,1,70.92,70.92,29.79,7.09,False,South,App,Premium
O007118,C1417,2023-03-22,Beauty,2,47.61,95.22,59.04,14.28,False,Central,App,Premium
O004695,C0937,2024-10-03,Electronics,2,414.71,829.41,182.47,124.41,False,South,Online,Premium
O000711,C0131,2023-10-26,Clothing,1,116.02,116.02,63.81,23.2,False,North,Online,Occasional
O002738,C0545,2024-12-05,Beauty,1,21.01,27.31,16.93,0.0,False,East,Partner,Regular
O006569,C1312,2023-08-11,Clothing,1,52.16,52.16,28.69,0.0,False,Central,App,Regular
O008874,C1785,2024-12-18,Beauty,1,48.64,63.23,39.2,0.0,False,North,Partner,Regular
O003431,C0685,2024-02-08,Sports,2,26.28,44.68,16.98,2.23,False,Central,Retail,Regular
O002926,C0573,2023-06-29,Clothing,1,71.77,71.77,39.47,0.0,False,South,App,Regular
O007759,C1539,2024-02-15,Clothing,1,108.9,92.56,50.91,9.26,False,North,Retail,Regular
O006595,C1315,2024-08-15,Electronics,2,195.84,391.68,86.17,0.0,False,South,Online,Regular
O003076,C0605,2023-06-27,Home & Kitchen,1,12.87,12.87,5.41,0.64,False,West,Partner,Regular
O008644,C1741,2023-01-16,Clothing,1,113.87,96.79,53.23,0.0,False,West,Online,Premium
O009552,C1923,2023-07-13,Electronics,2,302.32,604.64,133.02,120.93,False,West,Online,Regular
O005720,C1133,2024-08-26,Beauty,1,22.48,22.48,13.94,2.25,False,South,Partner,Premium
O001966,C0377,2024-11-09,Beauty,1,73.52,95.58,59.26,0.0,False,Central,Online,Premium
O002179,C0418,2023-09-27,Electronics,1,345.04,345.04,75.91,0.0,False,East,Retail,Regular
O001006,C0193,2024-10-20,Clothing,2,64.02,128.04,70.42,0.0,False,Central,Online,Regular
O002231,C0430,2024-03-10,Clothing,1,62.18,62.18,34.2,0.0,False,West,App,Occasional
O002410,C0472,2024-01-05,Sports,1,89.6,76.16,28.94,0.0,False,South,Retail,Regular
O004966,C0993,2024-09-10,Clothing,1,126.35,126.35,69.49,12.64,False,Central,Online,Regular
O009986,C1991,2023-01-05,Home & Kitchen,1,84.64,71.94,30.21,7.19,False,East,Partner,Premium
O005489,C1098,2023-05-26,Beauty,1,30.15,30.15,18.69,0.0,False,West,Online,Regular
O003866,C0779,2024-08-07,Home & Kitchen,1,106.12,106.12,44.57,5.31,False,North,Retail,Regular
O005548,C1109,2024-12-31,Home & Kitchen,1,131.01,170.31,71.53,0.0,False,North,App,Premium
O001305,C0245,2024-05-15,Sports,1,81.17,81.17,30.84,12.18,False,West,Retail,Regular
O005961,C1180,2023-09-22,Beauty,1,35.73,35.73,22.15,3.57,False,South,App,Premium
O003353,C0663,2023-11-05,Sports,1,50.4,65.53,24.9,0.0,True,South,Online,Premium
O009317,C1868,2024-12-11,Electronics,2,215.43,560.12,123.23,112.02,False,East,Online,Occasional
O000186,C0037,2024-09-13,Home & Kitchen,1,99.99,99.99,42.0,0.0,False,East,Partner,Premium
O007296,C1449,2024-03-11,Beauty,1,66.69,66.69,41.35,10.0,False,North,Online,Regular
O003911,C0788,2024-10-03,Beauty,1,76.75,76.75,47.58,0.0,True,West,Online,Premium
O005323,C1061,2024-05-18,Sports,2,236.98,473.96,180.1,0.0,False,North,Online,Regular
O007027,C1404,2023-11-18,Sports,1,188.82,245.46,93.27,0.0,False,North,Online,Premium
O009926,C1980,2023-06-10,Beauty,1,37.22,37.22,23.08,1.86,False,Central,Online,Regular
O003199,C0632,2023-01-09,Clothing,2,44.63,75.87,41.73,15.17,False,North,App,Regular
O002875,C0567,2024-02-28,Beauty,2,35.69,60.68,37.62,0.0,False,North,App,Occasional
O003233,C0639,2024-05-18,Sports,2,58.78,117.56,44.67,0.0,False,East,Online,Occasional
O008866,C1781,2024-03-03,Sports,2,92.09,184.17,69.98,0.0,False,North,Online,Regular
O000784,C0144,2023-10-13,Beauty,2,16.18,32.36,20.06,6.47,False,South,App,Regular
O009874,C1969,2023-06-19,Home & Kitchen,1,5.0,5.0,2.1,0.0,False,North,Retail,Premium
O000330,C0064,2024-05-02,Home & Kitchen,2,102.98,205.97,86.51,10.3,False,Central,App,Regular
O006853,C1370,2024-11-04,Electronics,2,281.02,730.64,160.74,0.0,False,West,App,Regular
O006517,C1301,2023-11-08,Beauty,1,38.91,50.58,31.36,10.12,False,West,Retail,Premium
O002697,C0538,2024-03-16,Beauty,2,25.81,51.62,32.0,10.32,False,Central,Online,Regular
O008015,C1589,2023-09-20,Home & Kitchen,1,90.31,90.31,37.93,0.0,False,South,Retail,Regular
O001729,C0331,2023-09-12,Sports,1,111.0,111.0,42.18,0.0,False,West,App,Premium
O002011,C0385,2023-04-27,Electronics,1,440.51,440.51,96.91,22.03,False,South,App,Occasional
O009362,C1876,2023-09-09,Sports,1,209.5,209.5,79.61,31.42,False,West,Online,Regular
O007358,C1457,2024-10-22,Beauty,1,31.31,31.31,19.41,6.26,False,South,Retail,Regular
O004686,C0937,2024-02-06,Beauty,1,38.48,32.71,20.28,0.0,False,South,Online,Premium
O005087,C1009,2024-10-08,Beauty,1,53.44,53.44,33.13,8.02,False,Central,Partner,Premium
O007100,C1414,2024-09-04,Sports,1,57.77,57.77,21.95,0.0,False,North,Online,Premium
O001852,C0350,2023-04-17,Home & Kitchen,1,74.34,74.34,31.22,0.0,False,East,Online,Premium
O005344,C1064,2023-03-05,Beauty,2,35.28,70.57,43.75,7.06,False,North,Online,Regular
O001467,C0275,2023-09-23,Home & Kitchen,1,228.98,228.98,96.17,11.45,True,West,Retail,Regular
O007102,C1414,2023-07-19,Beauty,1,70.52,70.52,43.72,0.0,False,North,Online,Premium
O000398,C0081,2024-09-02,Electronics,1,431.58,431.58,94.95,86.32,False,North,App,Regular
O000682,C0126,2023-09-15,Electronics,2,5.0,10.0,2.2,0.0,True,East,Online,Regular
O001606,C0308,2024-10-24,Sports,2,66.27,132.53,50.36,0.0,False,West,Retail,Regular
O004088,C0824,2024-09-04,Home & Kitchen,1,70.44,70.44,29.58,10.57,False,Central,Retail,Premium
O006974,C1392,2024-02-22,Sports,1,81.9,69.61,26.45,10.44,True,South,Partner,Regular
O004560,C0920,2024-09-03,Home & Kitchen,1,5.0,5.0,2.1,0.5,False,West,Online,Occasional
O004344,C0874,2024-12-24,Sports,1,195.18,253.73,96.42,0.0,False,North,Partner,Regular
O007711,C1531,2024-10-12,Home & Kitchen,1,140.64,140.64,59.07,0.0,False,Central,Online,Premium
O006037,C1195,2023-03-18,Sports,1,234.89,234.89,89.26,0.0,False,South,Online,Occasional
O004702,C0938,2023-09-02,Beauty,1,50.51,50.51,31.32,0.0,False,West,Online,Regular
O009012,C1814,2023-12-28,Home & Kitchen,1,41.86,54.41,22.85,0.0,False,West,Online,Premium
O002727,C0543,2024-02-01,Sports,1,116.65,99.15,37.68,4.96,False,South,App,Premium
O003731,C0753,2023-08-11,Sports,2,56.71,113.42,43.1,17.01,False,West,Online,Regular
O006139,C1208,2023-05-09,Clothing,1,49.74,49.74,27.36,7.46,False,South,Online,Premium
O008953,C1803,2023-10-20,Sports,2,262.73,525.47,199.68,0.0,False,Central,Online,Premium
O000147,C0031,2024-05-29,Clothing,1,18.14,18.14,9.98,3.63,False,East,Online,Premium
O002390,C0468,2024-07-10,Home & Kitchen,1,95.69,95.69,40.19,4.78,False,West,App,Premium
O000833,C0152,2024-08-01,Home & Kitchen,2,5.0,10.0,4.2,0.0,False,South,Online,Premium
O000083,C0015,2023-02-01,Beauty,1,54.22,46.08,28.57,0.0,False,East,Online,Regular
O003411,C0677,2024-10-15,Electronics,3,479.99,1439.97,316.79,144.0,False,West,Retail,Regular
O004649,C0931,2024-12-24,Beauty,1,57.93,75.31,46.69,7.53,False,East,Online,Regular
O001955,C0376,2023-09-24,Home & Kitchen,1,138.64,138.64,58.23,13.86,True,West,App,Premium
O009153,C1839,2023-02-11,Sports,1,180.53,153.45,58.31,0.0,False,North,Online,Premium
O001706,C0328,2023-07-15,Clothing,2,102.36,204.72,112.6,30.71,False,South,Online,Regular
O002928,C0573,2023-02-08,Sports,1,49.65,42.21,16.04,8.44,False,South,App,Regular
O006773,C1352,2023-03-22,Sports,1,88.16,88.16,33.5,0.0,False,Central,App,Regular
O005742,C1137,2024-01-10,Clothing,2,75.43,128.23,70.53,6.41,False,North,Online,Regular
O008266,C1651,2024-07-10,Sports,1,37.08,37.08,14.09,0.0,False,West,Retail,Regular
O000105,C0020,2023-09-24,Electronics,3,241.56,724.67,159.43,108.7,False,South,Online,Premium
O004297,C0865,2024-09-29,Electronics,1,129.77,129.77,28.55,19.47,False,South,Online,Occasional
O003184,C0630,2024-03-18,Sports,1,50.7,50.7,19.27,5.07,False,South,Retail,Regular
O003861,C0776,2024-06-11,Clothing,1,46.1,46.1,25.36,2.31,False,South,App,Premium
O008856,C1780,2023-11-04,Electronics,1,123.92,161.1,35.44,24.16,False,East,App,Premium
O001798,C0343,2024-03-14,Clothing,2,35.3,70.6,38.83,0.0,False,Central,App,Premium
O002892,C0569,2023-12-13,Electronics,1,341.39,443.81,97.64,66.57,False,South,Online,Premium
O000254,C0047,2024-05-01,Sports,1,41.53,41.53,15.78,8.31,False,South,App,Regular
O004461,C0899,2024-05-25,Electronics,1,649.75,649.75,142.94,97.46,False,North,App,Regular
O006019,C1192,2023-03-22,Sports,1,108.44,108.44,41.21,16.27,False,North,Online,Regular
O000014,C0003,2024-03-15,Clothing,2,99.75,199.51,109.73,0.0,False,Central,Retail,Premium
O006523,C1301,2024-01-09,Beauty,3,57.58,146.82,91.03,7.34,False,West,Retail,Premium
O002808,C0556,2023-01-06,Home & Kitchen,1,56.46,47.99,20.16,4.8,False,North,App,Premium
O002273,C0447,2023-11-29,Electronics,1,5.0,6.5,1.43,0.98,False,North,Retail,Regular
O008552,C1721,2023-04-08,Home & Kitchen,1,76.03,76.03,31.93,0.0,False,South,App,Premium
O004012,C0812,2024-12-12,Clothing,1,105.16,136.71,75.19,0.0,False,West,App,Regular
O002059,C0399,2024-11-25,Home & Kitchen,1,52.45,68.18,28.64,10.23,False,West,Online,Regular
O007663,C1522,2024-02-10,Clothing,1,68.61,58.32,32.08,0.0,False,North,App,Premium
O001814,C0345,2024-06-22,Electronics,1,73.05,73.05,16.07,0.0,False,West,Partner,Premium
O006190,C1224,2024-04-20,Beauty,1,34.57,34.57,21.43,1.73,False,South,Online,Occasional
O008716,C1753,2023-03-07,Home & Kitchen,1,71.37,71.37,29.98,0.0,False,West,App,Occasional
O003446,C0687,2024-08-20,Sports,1,101.64,101.64,38.62,0.0,False,East,App,Premium
O001227,C0231,2024-07-29,Electronics,1,361.53,361.53,79.54,54.23,False,North,App,Premium
O001173,C0221,2024-08-02,Electronics,1,213.53,213.53,46.98,21.35,True,East,App,Regular
O006166,C1214,2024-07-09,Clothing,1,128.04,128.04,70.42,6.4,False,East,Retail,Premium
O005348,C1065,2024-01-09,Electronics,1,698.51,593.73,130.62,118.75,False,West,App,Premium
O001865,C0352,2024-02-22,Electronics,1,300.42,255.36,56.18,12.77,False,South,Online,Regular
O002732,C0544,2023-01-16,Sports,1,5.0,4.25,1.62,0.0,False,East,App,Occasional
O007091,C1414,2023-08-18,Beauty,1,49.28,49.28,30.55,0.0,False,North,Online,Premium
O006852,C1370,2024-02-12,Electronics,1,174.82,148.6,32.69,7.43,False,West,App,Regular
O000987,C0190,2024-08-24,Beauty,1,29.35,29.35,18.2,0.0,False,Central,Retail,Premium
O008258,C1649,2024-07-16,Clothing,1,84.7,84.7,46.59,4.24,False,South,App,Occasional
O000104,C0020,2023-09-26,Electronics,1,544.53,544.53,119.8,108.91,False,South,Online,Premium
O005038,C1004,2024-03-28,Electronics,1,545.64,545.64,120.04,81.85,False,East,Partner,Premium
O007578,C1502,2023-09-06,Beauty,2,27.48,54.96,34.08,10.99,False,East,Retail,Regular
O005975,C1181,2024-05-03,Clothing,1,59.91,59.91,32.95,0.0,False,South,App,Regular
O004212,C0847,2024-07-18,Sports,1,103.28,103.28,39.25,0.0,False,West,Online,Regular
O004440,C0893,2023-10-19,Electronics,1,287.15,287.15,63.17,43.07,False,West,Retail,Regular
O004249,C0854,2024-09-25,Beauty,1,66.24,66.24,41.07,13.25,False,West,Online,Regular
O002546,C0503,2023-02-08,Beauty,1,36.66,31.16,19.32,1.56,False,Central,Retail,Regular
O002243,C0436,2024-01-26,Beauty,2,53.42,90.81,56.3,0.0,False,Central,Retail,Occasional
O003623,C0723,2023-01-28,Home & Kitchen,1,5.0,4.25,1.78,0.85,False,East,App,Regular
O007604,C1508,2024-03-11,Beauty,1,9.69,9.69,6.01,0.0,False,North,Online,Regular
O005796,C1145,2023-09-20,Beauty,1,47.98,47.98,29.75,0.0,False,West,Online,Premium
O005677,C1124,2024-04-30,Electronics,3,309.48,928.45,204.26,139.27,False,Central,Online,Premium
O004808,C0959,2024-01-24,Clothing,1,72.15,61.32,33.73,9.2,False,West,Partner,Regular
O000441,C0086,2024-10-31,Home & Kitchen,1,23.72,23.72,9.96,4.74,False,Central,App,Regular
O009438,C1892,2023-11-04,Sports,1,8.08,10.51,3.99,0.0,False,West,Online,Occasional
O000333,C0064,2023-10-20,Electronics,1,114.45,114.45,25.18,17.17,False,Central,App,Regular
O001710,C0329,2024-11-19,Home & Kitchen,3,201.86,787.27,330.65,78.73,True,West,Online,Regular
O008121,C1621,2023-05-11,Home & Kitchen,1,113.34,113.34,47.6,11.33,False,East,Online,Occasional
O007972,C1582,2023-07-03,Sports,1,174.9,174.9,66.46,0.0,False,Central,Online,Regular
O003250,C0645,2023-09-30,Beauty,1,14.67,14.67,9.1,0.0,False,North,Retail,Regular
O005732,C1134,2023-04-12,Home & Kitchen,1,90.01,90.01,37.8,0.0,False,South,Online,Occasional
O007610,C1510,2024-02-12,Sports,1,212.19,180.36,68.54,27.05,False,West,Partner,Regular
O000414,C0084,2023-02-26,Sports,1,109.75,93.29,35.45,4.66,False,East,Retail,Regular
O005000,C0999,2024-07-20,Sports,1,138.97,138.97,52.81,0.0,False,East,App,Regular
O009987,C1991,2023-08-23,Home & Kitchen,2,124.36,248.71,104.46,0.0,False,East,Partner,Premium
O001151,C0218,2024-11-30,Home & Kitchen,1,46.3,60.18,25.28,3.01,False,South,App,Premium
O008918,C1794,2024-11-11,Electronics,1,236.85,307.9,67.74,0.0,False,South,App,Regular
O003760,C0758,2023-10-25,Home & Kitchen,2,63.1,126.2,53.0,25.24,False,South,Online,Regular
O000248,C0046,2024-09-23,Beauty,1,48.2,48.2,29.88,7.23,False,North,Retail,Regular
O007473,C1479,2023-06-23,Electronics,1,300.4,300.4,66.09,60.08,False,South,App,Regular
O001103,C0211,2023-08-28,Beauty,1,42.73,42.73,26.49,0.0,False,North,Online,Premium
O000647,C0120,2023-10-02,Sports,1,133.95,133.95,50.9,0.0,False,Central,Retail,Regular
O000078,C0014,2023-02-28,Home & Kitchen,1,131.29,111.6,46.87,0.0,False,South,Online,Regular
O008806,C1768,2023-07-22,Home & Kitchen,1,17.22,17.22,7.23,0.0,False,West,Online,Regular
O003221,C0636,2023-03-19,Clothing,1,86.88,86.88,47.78,13.03,False,West,App,Regular
O008938,C1800,2023-07-09,Home & Kitchen,2,210.44,420.87,176.77,42.09,False,West,Partner,Regular
O000455,C0089,2023-07-13,Home & Kitchen,1,37.57,37.57,15.78,5.64,False,South,Retail,Premium
O008554,C1721,2023-01-13,Home & Kitchen,1,148.99,126.64,53.19,0.0,False,South,App,Premium
O001649,C0315,2024-01-30,Sports,1,43.82,37.24,14.15,0.0,True,Central,Partner,Regular
O001787,C0340,2023-08-19,Beauty,1,28.71,28.71,17.8,4.31,False,West,Online,Premium
O003448,C0688,2023-05-22,Electronics,1,230.24,230.24,50.65,46.05,False,West,App,Regular
O007377,C1461,2024-05-27,Beauty,1,18.31,18.31,11.35,3.66,False,Central,App,Regular
O002676,C0533,2023-01-31,Home & Kitchen,1,11.86,10.08,4.23,1.01,False,West,Online,Regular
O003185,C0630,2024-10-29,Sports,1,24.34,24.34,9.25,4.87,False,South,Retail,Regular
O004910,C0981,2023-03-29,Clothing,1,19.85,19.85,10.92,0.0,False,North,Online,Regular
O001564,C0297,2024-12-12,Beauty,2,63.92,166.19,103.04,24.93,False,East,Online,Premium
O004513,C0909,2023-06-19,Home & Kitchen,1,214.68,214.68,90.17,32.2,False,West,Partner,Regular
O001330,C0251,2023-02-05,Electronics,1,207.75,176.59,38.85,17.66,False,South,Online,Regular
O004239,C0853,2024-03-20,Beauty,1,14.61,14.61,9.06,1.46,False,Central,App,Regular
O008608,C1733,2024-10-03,Home & Kitchen,1,62.29,62.29,26.16,3.11,False,Central,Online,Premium
O008550,C1720,2024-07-24,Sports,3,11.18,33.54,12.75,0.0,False,Central,App,Occasional
O003203,C0634,2024-12-02,Sports,1,151.32,196.71,74.75,9.84,False,East,Partner,Occasional
O001455,C0274,2023-11-29,Home & Kitchen,3,31.41,122.48,51.44,24.5,False,West,Online,Premium
O001439,C0268,2024-01-21,Electronics,1,406.26,345.32,75.97,69.06,False,Central,App,Premium
O009176,C1844,2024-04-01,Beauty,1,52.94,52.94,32.82,5.29,False,Central,Retail,Premium
O006325,C1253,2023-09-09,Clothing,1,96.99,96.99,53.34,0.0,False,North,Retail,Occasional
O003129,C0618,2023-10-29,Sports,3,34.6,103.79,39.44,0.0,False,West,App,Regular
O004834,C0962,2024-05-15,Sports,2,134.29,268.58,102.06,0.0,False,Central,Online,Regular
O006561,C1311,2024-11-28,Home & Kitchen,1,101.86,132.41,55.61,0.0,False,North,Online,Regular
O001942,C0374,2023-06-29,Electronics,1,569.81,569.81,125.36,85.47,False,West,Online,Premium
O000215,C0041,2024-10-31,Electronics,1,294.75,294.75,64.84,44.21,False,East,App,Premium
O001681,C0323,2023-12-16,Sports,1,203.89,265.06,100.72,0.0,False,South,Partner,Regular
O004713,C0940,2024-12-11,Sports,1,58.1,75.52,28.7,0.0,False,Central,Retail,Regular
O009760,C1951,2023-07-18,Beauty,1,66.37,66.37,41.15,0.0,False,West,Retail,Regular
O009757,C1950,2024-05-03,Beauty,1,30.26,30.26,18.76,0.0,False,West,App,Regular
O006713,C1337,2023-07-04,Beauty,1,22.11,22.11,13.71,2.21,False,East,Partner,Regular
O004256,C0858,2023-01-15,Sports,2,22.56,38.35,14.57,0.0,False,North,Online,Regular
O007490,C1483,2024-12-15,Clothing,2,26.78,69.63,38.3,3.48,False,South,Online,Regular
O009733,C1947,2024-03-21,Electronics,1,264.65,264.65,58.22,52.93,False,West,Online,Premium
O007625,C1514,2023-02-25,Electronics,1,352.75,299.84,65.96,0.0,False,West,Partner,Regular
O005691,C1125,2024-02-22,Sports,1,164.12,139.5,53.01,13.95,False,Central,Online,Premium
O009343,C1875,2024-05-04,Sports,3,69.76,209.27,79.52,31.39,False,Central,App,Premium
O009046,C1822,2024-08-30,Sports,2,192.0,383.99,145.92,38.4,False,South,Online,Occasional
O007618,C1512,2023-11-23,Sports,1,66.3,86.19,32.75,0.0,False,North,App,Premium
O001896,C0361,2024-09-02,Sports,1,107.51,107.51,40.85,5.38,False,North,Online,Regular
O002857,C0564,2024-03-13,Clothing,1,40.62,40.62,22.34,4.06,False,West,App,Premium
O002944,C0576,2023-02-15,Home & Kitchen,1,5.0,4.25,1.78,0.64,False,North,Online,Regular
O001358,C0258,2024-07-30,Clothing,1,68.97,68.97,37.93,13.79,False,South,Online,Regular
O009192,C1846,2023-09-16,Electronics,2,5.0,10.0,2.2,0.0,False,North,App,Premium
O001669,C0319,2024-05-24,Clothing,1,43.61,43.61,23.99,6.54,False,West,App,Regular
O007101,C1414,2024-07-06,Clothing,1,71.07,71.07,39.09,7.11,False,North,Online,Premium
O009714,C1945,2024-02-18,Home & Kitchen,1,149.04,126.69,53.21,12.67,False,West,Online,Premium
O003984,C0804,2024-01-29,Home & Kitchen,2,112.47,191.21,80.31,0.0,False,East,App,Regular
O003537,C0706,2024-12-26,Sports,1,125.32,162.91,61.91,24.44,False,East,Online,Premium
O004766,C0953,2023-07-25,Home & Kitchen,1,67.59,67.59,28.39,10.14,False,South,App,Occasional
O006951,C1389,2023-02-09,Sports,2,55.7,94.69,35.98,0.0,True,Central,Online,Premium
O003622,C0723,2024-04-19,Home & Kitchen,1,67.2,67.2,28.22,0.0,False,East,App,Regular
O000300,C0058,2023-11-21,Sports,1,56.11,72.95,27.72,3.65,False,Central,Partner,Regular
O007669,C1522,2023-10-09,Clothing,1,131.72,131.72,72.45,0.0,False,North,App,Premium
O007947,C1575,2024-08-18,Home & Kitchen,1,136.93,136.93,57.51,6.85,False,West,Partner,Regular
O005565,C1111,2023-03-31,Beauty,2,56.03,112.05,69.47,0.0,False,West,App,Regular
O004906,C0979,2024-08-24,Sports,1,163.21,163.21,62.02,32.64,False,East,App,Premium
O000775,C0142,2023-07-08,Sports,1,148.99,148.99,56.62,0.0,False,Central,Partner,Premium
O000572,C0105,2023-01-17,Electronics,1,387.47,329.35,72.46,0.0,False,Central,Online,Premium
O003541,C0707,2023-02-12,Electronics,1,569.14,483.77,106.43,0.0,False,South,App,Regular
O007997,C1586,2024-03-02,Home & Kitchen,1,9.23,9.23,3.88,1.85,True,Central,Online,Premium
O007768,C1542,2024-05-29,Beauty,1,68.02,68.02,42.17,6.8,False,South,Online,Regular
O004062,C0822,2023-08-09,Clothing,2,157.14,314.29,172.86,62.86,False,Central,App,Premium
O001365,C0259,2024-09-15,Electronics,1,391.18,391.18,86.06,19.56,False,Central,Retail,Premium
O000659,C0122,2024-07-22,Electronics,1,525.84,525.84,115.68,52.58,False,South,Retail,Premium
O003662,C0732,2023-11-20,Beauty,1,29.98,38.97,24.16,7.79,False,West,App,Regular
O006375,C1271,2024-12-14,Beauty,1,61.38,79.79,49.47,3.99,False,South,App,Regular
O001292,C0243,2024-05-17,Electronics,1,244.81,244.81,53.86,0.0,False,West,Online,Premium
O005699,C1126,2023-04-23,Clothing,1,59.75,59.75,32.86,0.0,False,North,Retail,Occasional
O000747,C0139,2024-11-26,Sports,1,68.11,88.55,33.65,8.86,False,North,Online,Regular
O004840,C0963,2024-10-22,Home & Kitchen,1,126.56,126.56,53.16,25.31,False,East,App,Regular
O008733,C1756,2023-02-09,Clothing,1,100.06,85.05,46.78,0.0,False,Central,Online,Premium
O006779,C1353,2023-01-24,Clothing,1,126.49,107.52,59.14,0.0,False,Central,App,Regular
O002743,C0546,2023-11-17,Sports,1,19.06,24.78,9.42,1.24,False,West,Online,Occasional
O004696,C0938,2023-04-10,Sports,2,67.6,135.21,51.38,0.0,False,West,Online,Regular
O005252,C1041,2024-05-11,Sports,1,90.94,90.94,34.56,13.64,False,East,Retail,Regular
O000175,C0035,2024-10-04,Sports,2,55.95,111.89,42.52,11.19,False,North,App,Regular
O002945,C0576,2024-08-31,Home & Kitchen,1,130.02,130.02,54.61,26.0,False,North,Online,Regular
O000406,C0082,2024-07-03,Home & Kitchen,1,185.28,185.28,77.82,0.0,True,North,Online,Regular
O002053,C0397,2024-06-28,Clothing,1,63.67,63.67,35.02,6.37,False,West,Online,Regular
O004291,C0864,2023-01-20,Beauty,2,43.64,74.19,46.0,3.71,False,Central,Online,Regular
O002751,C0549,2023-02-13,Home & Kitchen,1,83.34,70.84,29.75,0.0,False,East,Retail,Premium
O009600,C1929,2023-06-27,Sports,2,137.27,274.54,104.33,0.0,False,East,App,Premium
O001593,C0306,2023-04-14,Clothing,1,87.54,87.54,48.15,0.0,False,North,Online,Regular
O008841,C1777,2023-02-10,Electronics,1,5.0,4.25,0.94,0.0,False,West,Online,Premium
O003318,C0660,2023-11-29,Clothing,1,29.85,38.8,21.34,0.0,False,North,Online,Premium
O006308,C1249,2023-11-23,Clothing,1,122.14,158.78,87.33,15.88,False,South,Online,Regular
O008989,C1812,2023-01-26,Beauty,1,66.75,56.74,35.18,11.35,False,North,Retail,Premium
O000859,C0156,2024-10-09,Home & Kitchen,1,157.49,157.49,66.15,7.87,False,North,App,Occasional
O005960,C1180,2024-12-29,Beauty,1,56.67,73.68,45.68,14.74,False,South,App,Premium
O009844,C1967,2024-03-18,Electronics,1,188.97,188.97,41.57,0.0,False,South,App,Premium
O006900,C1380,2023-09-26,Sports,1,196.25,196.25,74.58,39.25,False,North,App,Regular
O005506,C1101,2023-10-03,Sports,1,5.0,5.0,1.9,0.75,False,Central,Online,Premium
O001712,C0329,2024-04-06,Clothing,1,90.53,90.53,49.79,4.53,False,West,Online,Regular
O009473,C1902,2024-01-18,Clothing,1,92.45,78.59,43.22,3.93,False,West,Online,Regular
O000545,C0104,2023-09-09,Sports,1,74.03,74.03,28.13,3.7,True,North,App,Premium
O004389,C0885,2024-08-11,Electronics,2,439.7,879.4,193.47,0.0,True,South,Online,Regular
O006802,C1357,2023-08-30,Beauty,1,35.57,35.57,22.05,1.78,False,Central,Online,Premium
O001283,C0240,2023-07-30,Electronics,2,520.5,1040.99,229.02,0.0,False,West,Online,Premium
O006857,C1371,2024-05-21,Beauty,1,72.46,72.46,44.93,10.87,False,North,Retail,Premium
O008076,C1607,2024-05-31,Sports,1,63.07,63.07,23.97,12.61,False,North,Online,Regular
O006895,C1379,2024-11-07,Clothing,1,102.71,133.52,73.44,0.0,False,West,Online,Occasional
O007554,C1494,2023-02-25,Electronics,2,75.82,128.89,28.36,0.0,False,South,Online,Regular
O004020,C0812,2024-08-12,Clothing,1,65.2,65.2,35.86,0.0,False,West,App,Regular
O002705,C0539,2023-01-31,Sports,2,201.4,342.39,130.11,68.48,False,South,Online,Regular
O006362,C1266,2024-06-30,Clothing,1,76.77,76.77,42.22,7.68,False,North,App,Occasional
O006094,C1202,2023-05-30,Home & Kitchen,1,45.4,45.4,19.07,6.81,False,East,Online,Regular
O009344,C1875,2024-09-21,Electronics,3,159.0,476.99,104.94,47.7,False,Central,App,Premium
O005004,C1000,2024-04-06,Electronics,1,5.0,5.0,1.1,0.0,False,East,Online,Regular
O000515,C0100,2023-08-02,Clothing,1,114.08,114.08,62.74,22.82,False,West,Retail,Regular
O006761,C1349,2023-07-09,Clothing,3,5.0,15.0,8.25,2.25,False,West,Partner,Premium
O002720,C0543,2024-01-03,Electronics,1,290.89,247.26,54.4,0.0,False,South,App,Premium
O005530,C1107,2024-06-23,Home & Kitchen,1,169.49,169.49,71.19,25.42,False,East,Online,Regular
O005669,C1124,2024-03-15,Home & Kitchen,1,98.33,98.33,41.3,0.0,False,Central,Online,Premium
O007945,C1575,2024-05-13,Electronics,2,297.84,595.68,131.05,0.0,False,West,Partner,Regular
O006723,C1340,2023-06-12,Electronics,1,428.35,428.35,94.24,0.0,False,West,Partner,Premium
O000108,C0021,2024-12-11,Electronics,1,336.43,437.36,96.22,21.87,False,East,Online,Occasional
O005168,C1027,2024-07-29,Beauty,1,41.02,41.02,25.43,4.1,False,North,Partner,Regular
O002308,C0454,2023-06-09,Sports,1,174.52,174.52,66.32,0.0,False,West,Online,Regular
O004090,C0824,2023-09-17,Clothing,1,29.73,29.73,16.35,2.97,True,Central,Retail,Premium
O007611,C1510,2024-06-13,Sports,1,159.58,159.58,60.64,31.92,True,West,Partner,Regular
O002549,C0504,2024-01-11,Electronics,1,216.9,184.37,40.56,18.44,False,West,Online,Regular
O006344,C1259,2024-03-07,Home & Kitchen,1,163.03,163.03,68.47,24.45,True,West,App,Regular
O002788,C0553,2024-06-07,Sports,1,100.49,100.49,38.19,10.05,False,North,Partner,Occasional
O003591,C0716,2023-01-13,Home & Kitchen,1,39.63,33.69,14.15,0.0,True,North,App,Regular
O001699,C0326,2024-05-19,Electronics,2,280.64,561.28,123.48,0.0,False,North,Online,Regular
O003486,C0697,2024-01-17,Sports,3,158.78,404.88,153.85,0.0,False,North,Retail,Regular
O006891,C1378,2023-08-18,Sports,1,107.63,107.63,40.9,0.0,False,West,Retail,Regular
O009302,C1866,2024-07-17,Clothing,1,86.43,86.43,47.54,12.96,False,South,Online,Premium
O006718,C1339,2024-08-25,Beauty,1,9.55,9.55,5.92,0.96,False,South,Retail,Occasional
O009345,C1875,2023-02-12,Clothing,2,10.32,17.54,9.65,2.63,False,Central,App,Premium
O001182,C0223,2024-08-21,Beauty,1,37.02,37.02,22.95,0.0,False,West,Online,Regular
O007008,C1398,2024-04-11,Beauty,1,71.31,71.31,44.21,0.0,False,West,Retail,Regular
O010005,C1995,2024-07-28,Sports,1,92.27,92.27,35.06,13.84,False,East,App,Regular
O001329,C0251,2024-02-09,Sports,1,130.94,111.3,42.29,22.26,False,South,Online,Regular
O008588,C1730,2023-03-09,Clothing,1,71.23,71.23,39.18,0.0,False,North,App,Regular
O001178,C0222,2023-01-31,Home & Kitchen,1,64.75,55.03,23.11,11.01,False,North,Online,Occasional
O004313,C0867,2024-01-04,Beauty,1,72.29,61.44,38.09,12.29,False,West,Online,Regular
O008694,C1749,2023-02-08,Electronics,1,292.24,248.4,54.65,49.68,False,East,Online,Regular
O007501,C1485,2024-08-05,Clothing,1,80.8,80.8,44.44,0.0,True,West,App,Premium
O002706,C0539,2023-11-23,Home & Kitchen,1,150.49,195.64,82.17,9.78,False,South,Online,Regular
O007005,C1397,2023-09-07,Clothing,1,48.07,48.07,26.44,0.0,False,West,Online,Premium
O009808,C1958,2024-11-16,Home & Kitchen,1,28.37,36.89,15.49,1.84,False,North,Online,Premium
O004838,C0963,2023-03-08,Home & Kitchen,1,61.03,61.03,25.63,0.0,False,East,App,Regular
O003472,C0693,2024-10-25,Home & Kitchen,1,58.45,58.45,24.55,5.85,False,West,Online,Regular
O005179,C1029,2024-05-16,Sports,1,128.09,128.09,48.67,0.0,False,East,Online,Premium
O007838,C1551,2023-05-08,Clothing,1,104.94,104.94,57.72,0.0,False,North,Online,Regular
O005672,C1124,2023-09-13,Clothing,1,62.96,62.96,34.63,0.0,False,Central,Online,Premium
O003553,C0710,2024-02-19,Home & Kitchen,2,114.4,194.48,81.68,9.72,False,Central,App,Regular
O005039,C1004,2023-02-18,Home & Kitchen,1,102.75,87.33,36.68,17.47,False,East,Partner,Premium
O009711,C1945,2024-05-16,Electronics,1,258.42,258.42,56.85,38.76,False,West,Online,Premium
O009621,C1931,2024-05-26,Beauty,3,19.17,57.51,35.66,5.75,False,East,Online,Premium
O007317,C1452,2023-10-25,Beauty,1,5.46,5.46,3.39,0.55,True,West,Partner,Regular
O003324,C0660,2023-06-27,Electronics,1,407.76,407.76,89.71,0.0,False,North,Online,Premium
O001859,C0351,2023-12-06,Clothing,1,6.81,8.86,4.87,0.0,False,West,Online,Regular
O001913,C0364,2024-11-18,Sports,1,70.49,91.64,34.82,0.0,False,West,App,Regular
O006425,C1284,2023-12-15,Electronics,2,389.69,1013.18,222.9,0.0,False,West,Online,Regular
O007822,C1549,2024-11-24,Sports,1,161.72,210.24,79.89,10.51,False,South,Partner,Premium
O002224,C0429,2024-01-06,Clothing,1,47.95,40.76,22.42,4.08,False,North,App,Regular
O007026,C1404,2023-10-21,Sports,1,56.93,56.93,21.63,0.0,False,North,Online,Premium
O007814,C1549,2024-05-27,Home & Kitchen,1,63.19,63.19,26.54,9.48,False,South,Partner,Premium
O006834,C1364,2023-07-18,Clothing,1,36.1,36.1,19.86,0.0,False,North,Online,Regular
O007063,C1408,2024-06-05,Clothing,1,120.1,120.1,66.06,0.0,False,West,Online,Premium
O009141,C1838,2023-02-13,Electronics,1,329.76,280.29,61.66,0.0,False,West,App,Regular
O008638,C1741,2024-04-13,Beauty,1,63.47,63.47,39.35,0.0,False,West,Online,Premium
O002693,C0537,2023-07-27,Beauty,1,31.38,31.38,19.46,6.28,False,North,Online,Regular
O008114,C1620,2024-08-13,Home & Kitchen,1,45.4,45.4,19.07,0.0,False,South,Online,Regular
O008878,C1786,2024-11-03,Clothing,2,49.06,127.57,70.16,6.38,True,South,Online,Regular
O005308,C1057,2024-05-08,Home & Kitchen,1,30.37,30.37,12.76,4.56,False,East,App,Regular
O003780,C0764,2024-03-10,Beauty,1,41.41,41.41,25.67,6.21,False,West,Online,Premium
O008523,C1716,2023-07-19,Clothing,1,97.34,97.34,53.54,0.0,False,South,Online,Regular
O001678,C0322,2024-06-04,Sports,1,80.45,80.45,30.57,8.04,False,West,Online,Regular
O000067,C0012,2023-04-16,Home & Kitchen,1,111.48,111.48,46.82,0.0,True,Central,Retail,Regular
O002962,C0580,2024-07-27,Sports,1,127.79,127.79,48.56,12.78,False,East,App,Premium
O002493,C0490,2024-10-16,Sports,1,160.03,160.03,60.81,0.0,False,East,Partner,Premium
O008234,C1643,2024-11-08,Sports,2,163.31,424.59,161.34,0.0,False,South,App,Regular
O009965,C1988,2024-06-25,Beauty,1,19.14,19.14,11.87,1.91,False,East,Partner,Premium
O008617,C1735,2023-10-22,Sports,1,147.64,147.64,56.1,29.53,False,North,Online,Regular
O004378,C0883,2024-11-29,Sports,1,92.57,120.34,45.73,0.0,False,West,App,Regular
O006198,C1226,2024-02-29,Beauty,1,57.96,49.26,30.54,7.39,False,East,Retail,Premium
O007363,C1457,2024-09-22,Beauty,1,66.21,66.21,41.05,9.93,False,South,Retail,Regular
O007912,C1567,2023-10-05,Clothing,2,47.19,94.39,51.91,9.44,False,North,Online,Regular
O001659,C0317,2023-10-12,Clothing,1,40.05,40.05,22.03,0.0,False,West,App,Occasional
O002152,C0414,2024-08-11,Sports,1,143.63,143.63,54.58,0.0,False,Central,Retail,Regular
O004760,C0952,2024-11-25,Sports,2,94.44,245.54,93.31,0.0,False,West,App,Regular
O005203,C1031,2024-11-09,Home & Kitchen,1,5.0,6.5,2.73,1.3,False,North,App,Premium
O000968,C0186,2024-11-05,Electronics,1,250.41,325.53,71.62,0.0,False,North,Retail,Regular
O006814,C1362,2024-06-03,Home & Kitchen,1,5.0,5.0,2.1,0.0,False,South,Partner,Premium
O001206,C0229,2023-01-01,Beauty,3,54.57,139.15,86.27,0.0,False,South,App,Premium
O006856,C1371,2024-07-10,Electronics,2,755.38,1510.76,332.37,0.0,False,North,Retail,Premium
O008116,C1620,2023-06-01,Home & Kitchen,1,88.31,88.31,37.09,0.0,True,South,Online,Regular
O007393,C1464,2024-12-12,Electronics,1,358.74,466.36,102.6,93.27,False,East,App,Premium
O009659,C1938,2024-12-25,Sports,1,65.94,85.72,32.57,0.0,False,South,Partner,Premium
O008888,C1791,2024-11-19,Sports,1,184.72,240.13,91.25,0.0,False,West,Online,Regular
O006788,C1355,2024-05-27,Home & Kitchen,2,5.0,10.0,4.2,0.0,False,North,Retail,Regular
O003932,C0795,2024-03-22,Sports,1,191.66,191.66,72.83,9.58,False,West,Online,Premium
O006681,C1332,2024-12-15,Sports,1,154.46,200.8,76.3,40.16,False,East,Online,Premium
O002215,C0427,2024-12-03,Electronics,1,274.46,356.8,78.5,71.36,False,North,Online,Regular
O001483,C0278,2023-09-22,Clothing,1,91.53,91.53,50.34,13.73,False,West,Online,Regular
O004880,C0972,2023-10-11,Beauty,2,25.29,50.59,31.37,0.0,False,Central,App,Occasional
O001873,C0354,2024-08-22,Beauty,1,69.18,69.18,42.89,0.0,False,East,App,Occasional
O002955,C0578,2023-10-21,Beauty,1,38.8,38.8,24.06,0.0,False,East,Online,Regular
O008069,C1604,2024-02-10,Clothing,2,61.69,104.88,57.68,20.98,True,Central,Online,Regular
O005426,C1086,2024-11-17,Electronics,1,372.86,484.71,106.64,72.71,False,North,Partner,Occasional
O005031,C1002,2023-03-21,Home & Kitchen,3,94.97,284.9,119.66,42.73,False,East,App,Premium
O002084,C0401,2024-01-06,Clothing,1,94.97,80.72,44.4,0.0,False,North,Partner,Premium
O002463,C0481,2024-09-27,Beauty,1,11.9,11.9,7.38,0.0,False,North,Retail,Regular
O006030,C1194,2023-10-25,Home & Kitchen,1,182.48,182.48,76.64,0.0,False,East,Online,Premium
O002093,C0402,2024-07-19,Beauty,1,34.84,34.84,21.6,6.97,False,Central,Online,Regular
O002334,C0459,2024-02-27,Clothing,1,19.87,16.89,9.29,0.0,False,East,Online,Regular
O006919,C1384,2024-07-09,Sports,2,84.27,168.54,64.05,0.0,False,Central,App,Regular
O006420,C1282,2023-08-06,Electronics,1,196.8,196.8,43.3,0.0,False,North,Online,Regular
O009936,C1983,2023-05-17,Sports,1,151.83,151.83,57.7,30.37,False,North,Retail,Regular
O000058,C0010,2023-12-14,Electronics,1,355.58,462.25,101.7,0.0,False,North,Partner,Regular
O004709,C0940,2024-04-02,Clothing,2,44.7,89.4,49.17,8.94,False,Central,Retail,Regular
O006418,C1282,2023-03-21,Beauty,1,58.41,58.41,36.21,0.0,False,North,Online,Regular
O001920,C0370,2023-04-13,Home & Kitchen,3,83.89,251.68,105.71,0.0,False,East,Online,Regular
O001342,C0253,2024-09-01,Clothing,1,36.85,36.85,20.27,0.0,False,West,Online,Regular
O000875,C0158,2024-11-02,Beauty,1,32.94,42.83,26.55,0.0,False,West,Online,Occasional
O001033,C0197,2024-01-04,Electronics,2,434.47,738.6,162.49,0.0,False,West,Online,Premium
O006575,C1313,2023-01-01,Clothing,1,25.19,21.41,11.78,0.0,False,Central,Online,Premium
O006672,C1331,2023-06-24,Electronics,1,454.19,454.19,99.92,45.42,True,South,Partner,Regular
O007799,C1546,2024-07-19,Electronics,2,538.31,1076.62,236.86,107.66,False,West,Online,Premium
O006326,C1254,2023-08-09,Clothing,2,71.67,143.34,78.84,21.5,False,North,Online,Occasional
O003757,C0758,2023-11-16,Clothing,1,112.54,146.3,80.47,21.94,False,South,Online,Regular
O002598,C0517,2024-07-26,Sports,1,255.97,255.97,97.27,0.0,True,East,App,Premium
O005383,C1075,2023-12-12,Sports,2,98.76,256.77,97.57,12.84,False,North,App,Regular
O007320,C1452,2024-01-16,Sports,1,100.23,85.19,32.37,8.52,False,West,Partner,Regular
O002095,C0402,2023-07-03,Sports,1,175.31,175.31,66.62,0.0,False,Central,Online,Regular
O000159,C0032,2023-11-07,Sports,1,91.0,118.3,44.95,11.83,False,North,Online,Regular
O005229,C1035,2024-06-21,Clothing,1,103.04,103.04,56.67,5.15,True,North,Online,Regular
O002143,C0412,2023-01-16,Clothing,1,65.75,55.89,30.74,8.38,False,East,App,Premium
O002948,C0576,2023-04-16,Electronics,1,196.86,196.86,43.31,19.69,False,North,Online,Regular
O009667,C1938,2024-03-22,Electronics,1,432.82,432.82,95.22,0.0,False,South,Partner,Premium
O000989,C0190,2023-08-09,Clothing,1,43.42,43.42,23.88,0.0,False,Central,Retail,Premium
O000407,C0083,2023-06-18,Clothing,3,66.18,198.55,109.2,0.0,False,North,Online,Regular
O009571,C1926,2023-05-11,Clothing,2,29.79,59.59,32.77,11.92,True,North,Retail,Regular
O000903,C0165,2023-10-18,Sports,1,47.43,47.43,18.02,0.0,False,West,Retail,Regular
O001582,C0303,2023-06-14,Sports,2,103.66,207.32,78.78,0.0,False,East,Online,Regular
O002511,C0492,2023-04-19,Beauty,2,80.69,161.39,100.06,32.28,False,West,Partner,Regular
O003172,C0629,2024-01-24,Electronics,2,688.6,1170.62,257.54,175.59,False,North,Online,Regular
O004127,C0830,2024-04-13,Clothing,1,52.82,52.82,29.05,2.64,True,West,Online,Regular
O002873,C0567,2023-08-01,Home & Kitchen,1,52.25,52.25,21.94,10.45,False,North,App,Occasional
O005359,C1067,2024-11-27,Beauty,1,26.52,34.47,21.37,1.72,False,West,Partner,Occasional
O008304,C1660,2024-12-26,Clothing,1,57.27,74.45,40.95,7.44,False,East,Online,Premium
O000788,C0145,2024-07-03,Clothing,1,57.56,57.56,31.66,0.0,False,West,Online,Regular
O003086,C0608,2024-05-13,Home & Kitchen,2,168.04,336.08,141.15,50.41,False,South,App,Occasional
O001970,C0377,2024-04-01,Electronics,2,525.2,1050.4,231.09,0.0,False,Central,Online,Premium
O004116,C0826,2024-03-26,Home & Kitchen,1,68.14,68.14,28.62,0.0,False,South,Online,Regular
O002067,C0399,2024-08-26,Beauty,1,51.01,51.01,31.63,10.2,False,West,Online,Regular
O004246,C0854,2024-11-04,Electronics,1,318.72,414.34,91.15,62.15,False,West,Online,Regular
O000570,C0105,2024-09-23,Home & Kitchen,2,139.5,278.99,117.18,13.95,False,Central,Online,Premium
O008820,C1771,2023-06-04,Sports,1,134.46,134.46,51.09,0.0,False,North,Retail,Regular
O000416,C0084,2024-03-01,Beauty,2,21.52,43.03,26.68,2.15,False,East,Retail,Regular
O000746,C0138,2024-02-05,Electronics,1,524.56,445.88,98.09,22.29,False,West,Online,Regular
O003970,C0798,2023-04-26,Clothing,1,64.79,64.79,35.63,0.0,False,Central,Online,Premium
O003379,C0669,2024-06-11,Home & Kitchen,1,161.45,161.45,67.81,0.0,False,North,Online,Regular
O008636,C1739,2024-12-16,Sports,1,99.07,128.79,48.94,0.0,False,East,Online,Regular
O005368,C1070,2024-12-24,Home & Kitchen,1,130.88,170.15,71.46,17.02,False,East,App,Occasional
O009697,C1943,2024-04-25,Sports,1,55.78,55.78,21.2,0.0,False,North,Online,Premium
O002673,C0532,2023-10-10,Electronics,1,202.2,202.2,44.48,40.44,False,Central,Online,Regular
O005721,C1133,2024-09-11,Beauty,1,13.24,13.24,8.21,0.0,False,South,Partner,Premium
O006409,C1280,2023-10-15,Sports,1,103.45,103.45,39.31,0.0,False,West,Online,Regular
O007703,C1530,2024-11-25,Electronics,1,387.45,503.69,110.81,0.0,False,South,Online,Regular
O001125,C0212,2023-11-03,Home & Kitchen,1,5.0,6.5,2.73,0.0,False,North,App,Premium
O003442,C0687,2024-11-16,Electronics,1,304.19,395.45,87.0,0.0,True,East,App,Premium
O002679,C0534,2024-02-07,Clothing,1,55.02,46.77,25.72,7.02,False,North,Online,Regular
O009985,C1991,2024-02-09,Home & Kitchen,1,103.62,88.08,36.99,0.0,False,East,Partner,Premium
O001680,C0323,2024-11-18,Electronics,1,416.14,540.98,119.02,27.05,False,South,Partner,Regular
O001144,C0218,2023-05-12,Sports,2,89.22,178.44,67.81,0.0,False,South,App,Premium
O008109,C1619,2024-11-21,Sports,1,145.78,189.52,72.02,37.9,False,North,Online,Regular
O006421,C1282,2024-11-17,Home & Kitchen,1,84.07,109.29,45.9,0.0,False,North,Online,Regular
O008204,C1637,2024-07-03,Electronics,1,279.21,279.21,61.43,13.96,False,East,App,Premium
O003781,C0764,2024-05-26,Electronics,1,347.09,347.09,76.36,0.0,False,West,Online,Premium
O006364,C1268,2024-10-22,Clothing,1,19.43,19.43,10.69,0.0,False,South,Retail,Regular
O003703,C0744,2023-04-25,Electronics,1,271.46,271.46,59.72,0.0,False,North,Online,Regular
O005848,C1157,2023-06-08,Electronics,1,333.55,333.55,73.38,0.0,False,East,Retail,Occasional
O007587,C1505,2024-05-15,Home & Kitchen,1,111.14,111.14,46.68,16.67,False,South,Retail,Premium
O005224,C1033,2023-11-12,Home & Kitchen,1,154.76,201.19,84.5,0.0,False,North,Online,Regular
O002981,C0585,2024-10-06,Home & Kitchen,1,164.24,164.24,68.98,32.85,False,North,Retail,Regular
O009480,C1903,2024-10-12,Electronics,1,276.17,276.17,60.76,0.0,False,West,Online,Regular
O000740,C0136,2023-09-22,Electronics,1,272.77,272.77,60.01,0.0,True,West,Online,Regular
O001856,C0350,2023-03-15,Electronics,1,225.84,225.84,49.68,33.88,False,East,Online,Premium
O003037,C0598,2023-03-13,Beauty,2,38.5,77.01,47.75,7.7,False,North,App,Regular
O007714,C1531,2024-12-27,Beauty,2,45.73,118.89,73.71,0.0,False,Central,Online,Premium
O004594,C0925,2024-10-09,Electronics,1,535.68,535.68,117.85,0.0,True,West,Partner,Premium
O001722,C0331,2024-08-15,Beauty,2,23.85,47.71,29.58,0.0,False,West,App,Premium
O007081,C1411,2023-07-02,Clothing,1,67.72,67.72,37.25,0.0,False,East,App,Occasional
O000465,C0090,2023-02-19,Home & Kitchen,1,98.16,83.44,35.04,0.0,True,West,Online,Premium
O004982,C0996,2024-12-29,Clothing,1,105.87,137.64,75.7,27.53,False,North,Retail,Regular
O000158,C0031,2023-05-09,Clothing,1,107.54,107.54,59.15,16.13,False,East,Online,Premium
O004957,C0991,2023-06-10,Clothing,1,70.31,70.31,38.67,0.0,False,South,Retail,Occasional
O002792,C0554,2023-06-24,Beauty,1,28.37,28.37,17.59,0.0,False,East,Online,Premium
O008435,C1699,2023-03-19,Clothing,1,95.84,95.84,52.71,0.0,False,East,Retail,Occasional
O009990,C1991,2024-02-11,Home & Kitchen,2,126.24,214.61,90.14,0.0,False,East,Partner,Premium
O003726,C0751,2024-09-19,Clothing,1,102.48,102.48,56.36,0.0,False,Central,App,Regular
O004099,C0825,2024-04-24,Sports,2,18.87,37.75,14.34,0.0,False,North,Online,Premium
O004580,C0924,2023-05-26,Sports,1,67.28,67.28,25.57,0.0,False,West,App,Premium
O005627,C1120,2024-05-14,Beauty,1,13.55,13.55,8.4,0.0,False,East,Online,Regular
O002700,C0538,2023-11-22,Beauty,1,61.57,80.04,49.62,0.0,False,Central,Online,Regular
O009688,C1940,2024-06-30,Beauty,1,34.68,34.68,21.5,0.0,True,North,App,Premium
O000940,C0179,2024-01-28,Home & Kitchen,1,147.85,125.67,52.78,0.0,False,East,Retail,Premium
O005002,C0999,2023-04-18,Beauty,1,36.46,36.46,22.61,3.65,False,East,App,Regular
O008629,C1738,2023-07-12,Sports,2,37.43,74.86,28.45,0.0,False,West,Partner,Regular
O003053,C0600,2024-11-28,Sports,1,37.47,48.71,18.51,0.0,False,West,Partner,Premium
O005141,C1023,2024-04-23,Home & Kitchen,2,111.75,223.49,93.87,0.0,False,South,App,Premium
O003417,C0679,2023-08-10,Home & Kitchen,2,42.27,84.54,35.51,8.45,False,North,Online,Regular
O008422,C1695,2024-12-25,Beauty,1,37.94,49.32,30.58,2.47,False,Central,Partner,Occasional
O008087,C1614,2023-03-31,Electronics,1,583.59,583.59,128.39,58.36,False,West,Online,Regular
O008897,C1792,2023-10-16,Clothing,3,85.1,255.29,140.41,0.0,False,East,Online,Premium
O000412,C0084,2023-04-04,Sports,1,60.45,60.45,22.97,6.05,False,East,Retail,Regular
O004591,C0925,2024-09-04,Clothing,1,81.26,81.26,44.69,0.0,False,West,Partner,Premium
O006855,C1370,2023-03-20,Home & Kitchen,2,54.09,108.18,45.44,0.0,False,West,App,Regular
O004152,C0835,2024-12-25,Beauty,1,96.02,124.82,77.39,18.72,False,East,Online,Premium
O005376,C1072,2023-02-23,Electronics,1,463.57,394.04,86.69,78.81,False,Central,App,Regular
O008510,C1713,2024-08-06,Sports,1,132.6,132.6,50.39,26.52,False,East,Online,Premium
O007069,C1408,2024-03-25,Home & Kitchen,2,189.43,378.87,159.13,0.0,False,West,Online,Premium
O008641,C1741,2023-07-28,Home & Kitchen,1,21.2,21.2,8.9,1.06,False,West,Online,Premium
O002812,C0556,2024-04-09,Electronics,1,397.09,397.09,87.36,19.85,False,North,App,Premium
O003959,C0798,2024-08-21,Sports,1,90.19,90.19,34.27,13.53,False,Central,Online,Premium
O004708,C0940,2023-04-08,Home & Kitchen,1,80.86,80.86,33.96,12.13,False,Central,Retail,Regular
O001490,C0281,2023-12-06,Clothing,1,79.8,103.74,57.06,0.0,False,West,Online,Regular
O004735,C0949,2024-08-24,Beauty,1,30.79,30.79,19.09,0.0,False,South,Retail,Occasional
O008117,C1620,2023-11-12,Sports,2,157.03,408.29,155.15,0.0,False,South,Online,Regular
O007254,C1445,2024-05-09,Sports,1,18.99,18.99,7.22,0.0,True,West,Online,Premium
O000637,C0117,2024-04-06,Electronics,1,257.93,257.93,56.74,12.9,False,North,App,Regular
O001555,C0297,2023-02-19,Electronics,1,466.16,396.23,87.17,59.43,False,East,Online,Premium
O008459,C1704,2024-09-18,Home & Kitchen,1,36.22,36.22,15.21,1.81,True,South,Online,Regular
O001274,C0240,2023-03-18,Home & Kitchen,2,86.8,173.6,72.91,17.36,False,West,Online,Premium
O007308,C1451,2024-07-14,Clothing,1,68.37,68.37,37.6,3.42,False,North,App,Premium
O000894,C0163,2023-04-06,Electronics,2,5.0,10.0,2.2,1.5,False,North,Online,Regular
O000636,C0117,2024-10-11,Electronics,1,261.26,261.26,57.48,0.0,False,North,App,Regular
O008075,C1607,2024-03-23,Sports,1,171.96,171.96,65.34,0.0,False,North,Online,Regular
O003620,C0722,2024-08-22,Beauty,1,25.1,25.1,15.56,0.0,False,East,Retail,Regular
O002281,C0448,2024-10-08,Clothing,2,41.72,83.44,45.89,8.34,False,West,Online,Premium
O006762,C1350,2024-10-19,Home & Kitchen,1,73.99,73.99,31.08,7.4,False,West,Online,Regular
O006677,C1332,2023-04-13,Electronics,2,34.61,69.22,15.23,6.92,False,East,Online,Premium
O005500,C1100,2024-04-12,Clothing,1,35.75,35.75,19.66,0.0,False,East,Retail,Regular
O007713,C1531,2023-08-19,Electronics,1,300.26,300.26,66.06,0.0,False,Central,Online,Premium
O008986,C1812,2024-04-20,Clothing,1,72.42,72.42,39.83,3.62,False,North,Retail,Premium
O005024,C1002,2023-10-13,Clothing,1,43.06,43.06,23.68,8.61,False,East,App,Premium
O003748,C0757,2024-06-16,Electronics,2,400.69,801.38,176.3,0.0,False,South,App,Premium
O004172,C0839,2023-01-22,Clothing,1,66.04,56.13,30.87,11.23,False,East,App,Regular
O002402,C0470,2024-11-28,Beauty,1,14.64,19.03,11.8,0.0,False,West,App,Premium
O008828,C1772,2023-11-07,Clothing,2,43.36,112.73,62.0,0.0,False,West,App,Regular
O005822,C1147,2024-09-14,Clothing,1,104.16,104.16,57.29,0.0,False,South,Online,Premium
O002075,C0401,2024-02-23,Electronics,1,197.95,168.26,37.02,0.0,False,North,Partner,Premium
O007000,C1397,2024-04-28,Beauty,1,86.29,86.29,53.5,12.94,False,West,Online,Premium
O003168,C0626,2023-06-21,Clothing,2,82.25,164.49,90.47,8.22,False,West,Online,Occasional
O004060,C0822,2023-05-14,Clothing,1,47.98,47.98,26.39,2.4,False,Central,App,Premium
O000684,C0126,2024-08-31,Beauty,1,45.62,45.62,28.28,4.56,False,East,Online,Regular
O003282,C0650,2023-01-26,Sports,1,133.66,113.61,43.17,17.04,False,East,App,Regular
O003879,C0780,2024-07-02,Sports,1,84.17,84.17,31.98,0.0,True,West,Retail,Regular
O000241,C0044,2024-12-31,Electronics,1,5.0,6.5,1.43,0.0,True,South,Online,Premium
O003467,C0692,2023-02-22,Sports,1,5.0,4.25,1.62,0.0,False,Central,App,Regular
O003291,C0652,2023-02-27,Beauty,1,64.37,54.71,33.92,0.0,False,North,Online,Regular
O008670,C1746,2024-02-09,Electronics,3,522.43,1332.19,293.08,0.0,False,South,Online,Regular
O004904,C0979,2023-08-03,Beauty,2,35.8,71.61,44.4,3.58,False,East,App,Premium
O001335,C0252,2024-04-04,Beauty,1,40.15,40.15,24.89,0.0,False,North,Online,Regular
O004336,C0873,2023-09-22,Sports,1,106.55,106.55,40.49,0.0,False,North,Online,Premium
O006110,C1204,2023-11-02,Clothing,1,137.09,178.21,98.02,35.64,False,Central,Online,Premium
O000423,C0085,2023-01-04,Home & Kitchen,1,145.89,124.01,52.08,18.6,False,West,Online,Premium
O000942,C0179,2023-11-17,Clothing,1,67.82,88.17,48.49,0.0,False,East,Retail,Premium
O004776,C0955,2023-11-03,Sports,2,61.66,160.32,60.92,8.02,False,North,App,Occasional
O001164,C0220,2024-03-05,Home & Kitchen,1,62.6,62.6,26.29,0.0,False,North,Online,Regular
O002080,C0401,2024-06-16,Beauty,1,42.09,42.09,26.1,0.0,False,North,Partner,Premium
O007521,C1488,2023-11-27,Home & Kitchen,1,57.35,74.56,31.32,11.18,True,West,Retail,Regular
O003588,C0715,2023-06-01,Clothing,1,76.72,76.72,42.2,11.51,False,South,Online,Regular
O003401,C0675,2023-07-27,Clothing,1,81.27,81.27,44.7,0.0,False,North,Online,Regular
O008535,C1718,2023-05-22,Sports,2,105.62,211.24,80.27,42.25,False,East,App,Regular
O009119,C1835,2024-06-19,Beauty,1,37.55,37.55,23.28,0.0,False,Central,Online,Regular
O004620,C0927,2024-02-28,Sports,2,5.0,8.5,3.23,0.85,False,North,App,Premium
O009872,C1969,2024-11-13,Beauty,1,39.91,51.88,32.17,5.19,False,North,Retail,Premium
O000141,C0030,2024-04-05,Home & Kitchen,2,143.07,286.14,120.18,14.31,False,South,Online,Premium
O005221,C1033,2023-05-27,Home & Kitchen,1,95.67,95.67,40.18,0.0,False,North,Online,Regular
O002805,C0556,2023-09-17,Clothing,1,23.99,23.99,13.19,0.0,True,North,App,Premium
O002030,C0390,2023-08-10,Electronics,3,371.63,1114.89,245.28,55.74,False,North,Online,Occasional
O004491,C0905,2024-05-15,Sports,2,28.27,56.55,21.49,0.0,False,South,Online,Premium
O009305,C1866,2024-12-27,Home & Kitchen,1,195.49,254.14,106.74,50.83,False,South,Online,Premium
O000579,C0106,2024-12-15,Home & Kitchen,1,102.51,133.27,55.97,19.99,False,West,Partner,Regular
O005855,C1161,2023-04-16,Electronics,1,81.17,81.17,17.86,8.12,False,West,App,Regular
O003001,C0592,2024-11-12,Sports,1,108.19,140.65,53.45,0.0,False,West,App,Regular
O006293,C1245,2024-04-23,Home & Kitchen,1,42.74,42.74,17.95,6.41,False,East,App,Regular
O003891,C0783,2023-12-22,Sports,1,271.26,352.64,134.0,70.53,False,West,App,Occasional
O007212,C1436,2024-07-02,Home & Kitchen,1,145.32,145.32,61.03,7.27,False,West,Partner,Occasional
O009820,C1960,2024-08-31,Beauty,2,38.61,77.23,47.88,15.45,False,East,Online,Regular
O008256,C1648,2023-09-19,Home & Kitchen,1,195.78,195.78,82.23,0.0,False,West,App,Occasional
O002533,C0500,2024-02-11,Electronics,1,5.0,4.25,0.94,0.0,False,West,Online,Occasional
O005503,C1101,2023-05-27,Clothing,1,51.21,51.21,28.17,5.12,False,Central,Online,Premium
O003040,C0599,2024-01-24,Home & Kitchen,1,85.24,72.46,30.43,0.0,False,North,Online,Regular
O009850,C1967,2024-02-10,Electronics,1,165.69,140.83,30.98,14.08,False,South,App,Premium
O003992,C0806,2023-09-19,Electronics,1,423.73,423.73,93.22,0.0,False,West,Online,Regular
O003381,C0669,2024-03-31,Electronics,1,5.0,5.0,1.1,0.5,False,North,Online,Regular
O006039,C1196,2024-05-24,Electronics,1,297.16,297.16,65.38,0.0,False,East,App,Premium
O002649,C0529,2024-02-02,Clothing,1,71.29,60.6,33.33,9.09,False,Central,App,Premium
O005380,C1074,2024-11-06,Clothing,1,64.75,84.18,46.3,16.84,False,South,Online,Occasional
O005967,C1180,2023-05-09,Home & Kitchen,2,56.6,113.21,47.55,16.98,True,South,App,Premium
O004017,C0812,2023-01-04,Sports,1,147.25,125.16,47.56,6.26,False,West,App,Regular
O001250,C0235,2023-12-10,Clothing,1,69.4,90.22,49.62,4.51,False,East,Retail,Regular
O006480,C1294,2024-02-07,Home & Kitchen,1,135.8,115.43,48.48,0.0,False,North,Partner,Regular
O005808,C1146,2024-02-09,Home & Kitchen,1,63.83,54.26,22.79,0.0,False,West,Online,Premium
O007304,C1450,2024-03-10,Clothing,3,106.1,318.29,175.06,15.91,False,East,Online,Regular
O000194,C0038,2024-04-22,Beauty,1,25.32,25.32,15.7,0.0,False,West,Retail,Regular
O007068,C1408,2024-01-24,Electronics,1,834.85,709.63,156.12,0.0,False,West,Online,Premium
O001134,C0215,2023-08-16,Electronics,1,78.89,78.89,17.36,0.0,True,East,Online,Regular
O002570,C0509,2023-08-21,Home & Kitchen,1,131.93,131.93,55.41,19.79,False,West,App,Regular
O006135,C1208,2023-11-21,Beauty,2,59.24,154.02,95.49,0.0,False,South,Online,Premium
O002639,C0525,2023-01-19,Beauty,2,44.14,75.04,46.52,3.75,False,North,Partner,Occasional
O006067,C1199,2023-02-13,Beauty,2,74.75,127.07,78.78,12.71,False,West,App,Regular
O008291,C1659,2024-11-27,Sports,1,20.65,26.84,10.2,0.0,False,East,App,Regular
O009357,C1876,2023-01-28,Sports,1,127.27,108.18,41.11,5.41,False,West,Online,Regular
O007078,C1410,2024-03-12,Electronics,1,590.59,590.59,129.93,0.0,False,West,Online,Premium
O000459,C0089,2023-01-17,Home & Kitchen,1,189.3,160.91,67.58,0.0,False,South,Retail,Premium
O010015,C1996,2024-11-04,Beauty,1,44.95,58.44,36.23,0.0,False,East,Retail,Premium
O007662,C1522,2023-02-07,Home & Kitchen,1,5.0,4.25,1.78,0.43,False,North,App,Premium
O001118,C0212,2024-09-09,Electronics,1,320.1,320.1,70.42,0.0,False,North,App,Premium
O005352,C1065,2024-08-27,Home & Kitchen,1,24.1,24.1,10.12,0.0,False,West,App,Premium
O009679,C1940,2023-07-20,Home & Kitchen,1,42.23,42.23,17.74,4.22,False,North,App,Premium
O004921,C0982,2023-12-30,Sports,1,5.0,6.5,2.47,0.0,False,East,App,Regular
O001730,C0331,2024-02-12,Electronics,3,229.08,584.15,128.51,0.0,False,West,App,Premium
O005504,C1101,2023-07-28,Beauty,2,44.51,89.03,55.2,0.0,False,Central,Online,Premium
O001353,C0257,2024-03-05,Clothing,3,74.19,222.58,122.42,0.0,False,East,Online,Regular
O008843,C1777,2024-01-24,Home & Kitchen,1,185.9,158.01,66.36,7.9,False,West,Online,Premium
O001949,C0376,2024-06-03,Electronics,1,385.77,385.77,84.87,57.87,False,West,App,Premium
O009783,C1956,2024-01-22,Home & Kitchen,1,138.93,118.09,49.6,0.0,True,South,App,Premium
O003458,C0690,2024-03-12,Beauty,2,48.07,96.14,59.61,19.23,False,East,App,Premium
O003978,C0800,2024-10-22,Beauty,1,26.21,26.21,16.25,2.62,False,East,Online,Premium
O007058,C1407,2024-03-22,Clothing,1,68.96,68.96,37.93,0.0,False,West,App,Regular
O002790,C0554,2024-07-17,Clothing,2,58.71,117.42,64.58,5.87,False,East,Online,Premium
O006544,C1306,2024-07-11,Electronics,1,449.29,449.29,98.84,22.46,False,South,Online,Occasional
O000529,C0101,2024-01-04,Home & Kitchen,1,42.42,36.06,15.15,3.61,False,East,Online,Premium
O000168,C0034,2023-01-30,Electronics,1,554.07,470.96,103.61,0.0,True,Central,Online,Occasional
O009918,C1977,2024-05-08,Beauty,1,34.8,34.8,21.58,1.74,False,Central,Online,Regular
O005379,C1073,2024-02-06,Clothing,1,75.77,64.41,35.43,0.0,False,West,App,Occasional
O003465,C0692,2023-02-26,Sports,1,250.82,213.2,81.02,21.32,False,Central,App,Regular
O008428,C1697,2024-08-18,Electronics,1,344.69,344.69,75.83,0.0,False,East,Online,Premium
O007452,C1475,2023-07-17,Clothing,3,90.12,270.35,148.69,54.07,False,South,Partner,Premium
O000123,C0024,2024-01-06,Clothing,1,69.89,59.4,32.67,5.94,False,North,App,Premium
O007598,C1506,2023-05-22,Beauty,2,34.36,68.73,42.61,3.44,False,North,Online,Regular
O009042,C1821,2023-07-19,Beauty,1,34.8,34.8,21.58,0.0,False,West,App,Premium
O008353,C1678,2023-10-14,Home & Kitchen,1,5.0,5.0,2.1,1.0,False,East,App,Regular
O002717,C0542,2023-08-25,Sports,1,5.0,5.0,1.9,0.5,False,Central,Online,Regular
O002931,C0574,2023-01-26,Beauty,3,33.84,86.28,53.49,17.26,False,East,App,Regular
O005757,C1140,2023-06-19,Clothing,1,45.1,45.1,24.81,2.26,True,South,Online,Regular
O001762,C0336,2023-06-14,Electronics,1,611.21,611.21,134.47,0.0,False,Central,Partner,Premium
O004762,C0952,2024-06-03,Home & Kitchen,1,40.22,40.22,16.89,8.04,False,West,App,Regular
O002952,C0577,2023-11-16,Electronics,2,5.0,13.0,2.86,1.95,True,North,Online,Regular
O001847,C0350,2023-01-08,Sports,1,22.79,19.37,7.36,2.91,False,East,Online,Premium
O006351,C1262,2023-05-08,Clothing,2,46.35,92.69,50.98,4.63,False,East,Retail,Occasional
O007923,C1570,2024-12-07,Electronics,1,282.46,367.2,80.78,55.08,False,West,Online,Regular
O003434,C0686,2024-05-22,Electronics,1,442.61,442.61,97.37,0.0,False,West,Online,Occasional
O005545,C1109,2024-08-29,Beauty,1,64.73,64.73,40.13,0.0,False,North,App,Premium
O008180,C1633,2023-06-26,Sports,1,97.42,97.42,37.02,0.0,False,West,App,Regular
O004059,C0821,2024-05-21,Beauty,1,5.0,5.0,3.1,0.25,False,West,Partner,Regular
O004269,C0861,2023-01-23,Home & Kitchen,2,48.09,81.75,34.34,0.0,False,South,Online,Regular
O008278,C1656,2023-05-26,Sports,1,6.77,6.77,2.57,1.35,False,Central,Partner,Regular
O006298,C1246,2024-12-04,Clothing,1,73.66,95.76,52.67,19.15,False,Central,Retail,Regular
O008196,C1637,2024-09-04,Home & Kitchen,1,176.25,176.25,74.02,26.44,False,East,App,Premium
O001401,C0264,2023-07-17,Electronics,1,255.64,255.64,56.24,51.13,False,Central,Partner,Premium
O001101,C0210,2023-12-01,Home & Kitchen,1,156.91,203.99,85.68,0.0,False,West,Online,Regular
O008375,C1686,2023-05-01,Beauty,2,28.15,56.3,34.91,11.26,False,South,Online,Regular
O006922,C1385,2024-09-22,Home & Kitchen,1,102.88,102.88,43.21,0.0,False,South,Online,Premium
O008547,C1719,2023-04-07,Clothing,1,122.93,122.93,67.61,12.29,True,East,Online,Regular
O005465,C1095,2023-02-10,Electronics,1,476.69,405.19,89.14,0.0,False,Central,App,Regular
O004484,C0904,2023-10-29,Electronics,1,573.75,573.75,126.22,28.69,False,West,App,Occasional
O008853,C1779,2023-03-29,Sports,1,195.79,195.79,74.4,0.0,False,South,Online,Occasional
O004747,C0950,2023-05-21,Electronics,1,114.82,114.82,25.26,22.96,False,North,Partner,Premium
O009290,C1865,2024-09-05,Clothing,2,55.14,110.27,60.65,0.0,False,East,App,Premium
O001390,C0263,2024-02-21,Clothing,1,64.61,54.92,30.21,8.24,False,Central,Online,Premium
O002860,C0564,2024-09-30,Electronics,1,5.0,5.0,1.1,0.0,False,West,App,Premium
O004772,C0954,2024-09-06,Electronics,1,427.38,427.38,94.02,64.11,False,West,App,Regular
O004453,C0897,2024-05-02,Clothing,3,49.31,147.94,81.37,0.0,False,South,App,Occasional
O001889,C0359,2024-10-11,Sports,2,220.35,440.7,167.47,0.0,False,South,Retail,Regular
O002485,C0488,2024-09-30,Electronics,2,20.84,41.68,9.17,6.25,False,North,Retail,Regular
O000074,C0013,2023-02-13,Sports,1,83.58,71.05,27.0,10.66,False,North,Online,Premium
O002257,C0441,2023-03-03,Electronics,1,250.52,250.52,55.11,0.0,False,West,App,Regular
O003924,C0791,2023-06-14,Sports,1,34.17,34.17,12.98,0.0,False,West,Online,Regular
O001277,C0240,2024-05-09,Clothing,2,5.0,10.0,5.5,1.5,False,West,Online,Premium
O006739,C1344,2023-01-31,Beauty,1,40.06,34.05,21.11,0.0,False,North,Online,Regular
O005730,C1134,2023-07-15,Electronics,1,338.89,338.89,74.56,0.0,False,South,Online,Occasional
O001589,C0306,2024-08-10,Clothing,1,63.52,63.52,34.94,9.53,False,North,Online,Regular
O003564,C0712,2024-03-28,Sports,1,170.57,170.57,64.82,0.0,False,South,Online,Premium
O008286,C1658,2024-06-29,Home & Kitchen,1,22.71,22.71,9.54,0.0,False,North,App,Regular
O009929,C1980,2023-02-02,Home & Kitchen,1,121.81,103.54,43.49,20.71,False,Central,Online,Regular
O004119,C0828,2023-07-07,Beauty,1,44.14,44.14,27.37,0.0,False,South,Retail,Regular
O005304,C1057,2023-03-31,Clothing,1,106.65,106.65,58.66,0.0,False,East,App,Regular
O006500,C1298,2024-11-13,Electronics,1,339.94,441.92,97.22,22.1,False,West,Online,Premium
O006844,C1368,2023-02-28,Beauty,1,24.23,20.6,12.77,0.0,False,Central,App,Regular
O005649,C1121,2024-11-12,Electronics,1,291.95,379.54,83.5,0.0,False,Central,Online,Premium
O003705,C0745,2024-05-10,Electronics,1,348.82,348.82,76.74,69.76,False,West,Online,Occasional
O005557,C1109,2024-12-24,Beauty,1,58.27,75.75,46.96,3.79,False,North,App,Premium
O002337,C0460,2024-06-19,Electronics,1,378.78,378.78,83.33,75.76,False,East,App,Regular
O007200,C1432,2023-12-04,Sports,2,62.58,162.72,61.83,0.0,False,North,Retail,Occasional
O002804,C0556,2024-09-29,Clothing,1,40.46,40.46,22.25,8.09,False,North,App,Premium
O002560,C0507,2024-08-13,Beauty,1,53.46,53.46,33.15,10.69,False,South,Online,Premium
O009474,C1902,2024-04-05,Sports,1,59.66,59.66,22.67,5.97,False,West,Online,Regular
O006572,C1312,2023-11-10,Beauty,2,47.19,122.68,76.06,0.0,False,Central,App,Regular
O004637,C0929,2024-03-31,Beauty,1,28.62,28.62,17.74,0.0,False,South,Partner,Regular
O007876,C1558,2024-10-14,Clothing,2,78.17,156.35,85.99,0.0,False,West,App,Premium
O002820,C0558,2023-07-09,Electronics,1,682.54,682.54,150.16,0.0,False,West,Online,Regular
O009180,C1844,2023-07-09,Beauty,2,44.08,88.15,54.65,0.0,False,Central,Retail,Premium
O005675,C1124,2023-09-11,Clothing,1,18.29,18.29,10.06,2.74,False,Central,Online,Premium
O004037,C0817,2024-02-07,Beauty,1,66.25,56.31,34.91,2.82,False,Central,App,Regular
O000114,C0024,2024-11-29,Home & Kitchen,1,172.28,223.97,94.07,44.79,False,North,App,Premium
O009972,C1988,2023-10-19,Home & Kitchen,1,99.25,99.25,41.68,0.0,False,East,Partner,Premium
O008419,C1694,2024-10-16,Sports,1,185.16,185.16,70.36,0.0,False,North,App,Regular
O004397,C0887,2023-01-09,Beauty,2,81.16,137.98,85.55,27.6,False,Central,Online,Premium
O004815,C0960,2024-09-30,Electronics,1,290.17,290.17,63.84,14.51,False,Central,App,Premium
O006199,C1226,2023-09-05,Sports,2,30.2,60.41,22.96,0.0,False,East,Retail,Premium
O004993,C0998,2023-02-14,Sports,2,102.15,173.66,65.99,0.0,False,West,Partner,Premium
O002793,C0554,2024-08-02,Home & Kitchen,1,140.29,140.29,58.92,28.06,False,East,Online,Premium
O004473,C0902,2023-02-03,Home & Kitchen,1,63.24,53.76,22.58,8.06,False,West,Partner,Premium
O006820,C1362,2023-07-20,Electronics,1,208.27,208.27,45.82,20.83,False,South,Partner,Premium
O000964,C0185,2024-07-20,Beauty,1,79.78,79.78,49.46,7.98,False,East,App,Regular
O008212,C1638,2024-01-10,Electronics,2,437.18,743.2,163.5,74.32,False,West,Retail,Regular
O000293,C0057,2023-07-16,Clothing,1,95.15,95.15,52.33,0.0,False,North,App,Regular
O005900,C1171,2024-09-08,Beauty,1,25.22,25.22,15.64,5.04,False,Central,Online,Premium
O000552,C0104,2023-06-22,Home & Kitchen,1,99.5,99.5,41.79,14.92,False,North,App,Premium
O002361,C0464,2024-06-28,Home & Kitchen,1,28.58,28.58,12.0,5.72,False,North,Retail,Premium
O004888,C0975,2024-11-30,Sports,1,147.47,191.71,72.85,38.34,False,Central,Online,Regular
O006332,C1255,2023-12-03,Clothing,1,71.95,93.54,51.45,0.0,False,South,Online,Premium
O003851,C0776,2023-09-11,Electronics,1,412.7,412.7,90.79,0.0,False,South,App,Premium
O009174,C1844,2024-10-28,Sports,1,202.96,202.96,77.12,0.0,False,Central,Retail,Premium
O000326,C0063,2024-11-28,Sports,1,108.3,140.79,53.5,28.16,False,Central,Online,Regular
O002503,C0491,2023-04-10,Sports,1,205.33,205.33,78.03,0.0,False,West,Retail,Premium
O005971,C1181,2023-07-08,Clothing,2,55.57,111.15,61.13,22.23,False,South,App,Regular
O007143,C1419,2023-05-15,Sports,1,172.18,172.18,65.43,0.0,False,East,Retail,Premium
O009284,C1864,2024-04-06,Electronics,2,623.07,1246.14,274.15,249.23,False,North,Online,Occasional
O005258,C1043,2023-08-05,Sports,1,162.12,162.12,61.61,16.21,False,East,Online,Regular
O005568,C1112,2023-04-03,Beauty,1,5.99,5.99,3.71,0.9,False,North,Partner,Premium
O001577,C0301,2023-07-24,Sports,1,50.98,50.98,19.37,10.2,False,Central,Online,Regular
O007907,C1564,2023-07-27,Home & Kitchen,1,143.39,143.39,60.22,0.0,False,North,Online,Regular
O004390,C0885,2024-10-08,Clothing,1,46.53,46.53,25.59,6.98,False,South,Online,Regular
O006366,C1268,2023-04-08,Electronics,1,315.96,315.96,69.51,63.19,False,South,Retail,Regular
O007168,C1426,2024-04-02,Sports,2,92.97,185.93,70.65,0.0,False,South,Online,Regular
O001643,C0314,2024-12-18,Clothing,1,29.03,37.74,20.76,3.77,True,West,App,Occasional
O007676,C1524,2023-05-31,Home & Kitchen,1,124.4,124.4,52.25,12.44,False,East,Online,Regular
O005207,C1031,2024-12-29,Clothing,1,59.61,77.49,42.62,3.87,False,North,App,Premium
O001670,C0320,2024-10-31,Beauty,3,59.88,179.65,111.38,0.0,False,Central,Online,Occasional
O004623,C0927,2024-02-07,Home & Kitchen,1,80.92,68.78,28.89,6.88,False,North,App,Premium
O005917,C1174,2023-07-28,Home & Kitchen,1,69.96,69.96,29.38,13.99,False,West,Retail,Premium
O004285,C0862,2023-02-07,Electronics,1,141.7,120.44,26.5,6.02,False,West,Online,Regular
O004890,C0976,2024-12-23,Electronics,1,185.77,241.5,53.13,24.15,False,Central,Partner,Regular
O002703,C0538,2023-11-22,Sports,1,171.14,222.49,84.55,44.5,False,Central,Online,Regular
O002186,C0422,2024-08-10,Sports,1,104.17,104.17,39.58,0.0,False,North,App,Regular
O001040,C0198,2023-04-29,Home & Kitchen,1,34.47,34.47,14.48,0.0,False,North,Online,Occasional
O009998,C1992,2024-09-06,Beauty,2,74.69,149.38,92.62,22.41,False,North,App,Regular
O004894,C0977,2023-11-03,Electronics,1,219.28,285.06,62.71,0.0,True,South,Online,Regular
O001076,C0205,2024-10-13,Sports,1,72.65,72.65,27.61,14.53,False,North,App,Premium
O005058,C1005,2024-11-11,Sports,1,156.34,203.24,77.23,0.0,False,North,Online,Premium
O003572,C0712,2024-01-01,Beauty,1,47.38,40.28,24.97,0.0,False,South,Online,Premium
O001016,C0195,2023-06-29,Beauty,2,15.06,30.12,18.67,0.0,False,North,App,Premium
O004170,C0839,2023-09-03,Electronics,1,198.33,198.33,43.63,39.67,False,East,App,Regular
O007302,C1450,2023-07-22,Clothing,1,124.44,124.44,68.44,6.22,False,East,Online,Regular
O006924,C1385,2024-11-06,Sports,1,5.0,6.5,2.47,0.0,False,South,Online,Premium
O003258,C0646,2023-08-20,Clothing,2,95.81,191.61,105.39,0.0,False,South,App,Regular
O007732,C1535,2024-02-17,Beauty,2,54.04,91.86,56.95,0.0,False,West,Partner,Regular
O001484,C0278,2024-07-26,Electronics,2,280.86,561.73,123.58,112.35,False,West,Online,Regular
O000780,C0142,2024-04-05,Clothing,1,76.57,76.57,42.11,7.66,False,Central,Partner,Premium
O007938,C1573,2024-10-11,Home & Kitchen,1,46.57,46.57,19.56,0.0,False,South,Retail,Occasional
O008615,C1734,2024-02-03,Home & Kitchen,1,117.12,99.55,41.81,0.0,True,West,Online,Regular
O009329,C1873,2023-01-17,Beauty,1,30.46,25.89,16.05,0.0,False,South,Online,Premium
O004879,C0972,2023-03-22,Home & Kitchen,1,131.32,131.32,55.15,26.26,True,Central,App,Occasional
O000369,C0073,2023-11-28,Home & Kitchen,1,69.11,89.84,37.73,0.0,False,West,App,Regular
O000352,C0070,2023-10-07,Sports,1,147.08,147.08,55.89,0.0,False,South,App,Regular
O002026,C0389,2024-09-05,Electronics,2,334.97,669.94,147.39,66.99,False,West,Retail,Premium
O004365,C0881,2023-01-07,Home & Kitchen,1,43.52,36.99,15.54,0.0,False,South,App,Regular
O007276,C1448,2024-04-29,Beauty,1,42.62,42.62,26.42,4.26,False,North,App,Premium
O000543,C0103,2023-12-04,Clothing,1,45.89,59.66,32.81,0.0,False,West,App,Premium
O002519,C0495,2023-12-12,Beauty,3,46.51,181.4,112.47,27.21,False,West,Retail,Regular
O003690,C0741,2024-03-28,Clothing,1,79.57,79.57,43.76,7.96,False,North,Online,Regular
O000148,C0031,2023-02-26,Home & Kitchen,1,82.69,70.28,29.52,14.06,False,East,Online,Premium
O005903,C1171,2024-10-31,Sports,1,166.75,166.75,63.36,0.0,False,Central,Online,Premium
O007232,C1439,2023-03-28,Home & Kitchen,1,5.0,5.0,2.1,0.0,False,South,Online,Regular
O003542,C0707,2024-08-11,Sports,1,79.33,79.33,30.15,0.0,True,South,App,Regular
O000444,C0087,2024-02-07,Sports,2,5.0,8.5,3.23,0.85,False,East,Partner,Regular
O007202,C1433,2023-01-21,Electronics,1,404.01,343.41,75.55,51.51,False,Central,Online,Regular
O003872,C0779,2024-05-23,Sports,1,158.72,158.72,60.31,15.87,False,North,Retail,Regular
O005999,C1186,2023-02-19,Home & Kitchen,1,21.43,18.21,7.65,0.0,False,East,App,Premium
O004716,C0941,2023-11-05,Beauty,1,52.74,68.56,42.51,6.86,False,South,App,Regular
O008262,C1650,2024-06-15,Beauty,1,85.54,85.54,53.03,0.0,False,East,Retail,Regular
O001785,C0340,2024-09-27,Clothing,1,16.59,16.59,9.12,3.32,False,West,Online,Premium
O000033,C0006,2024-08-18,Electronics,2,212.45,424.9,93.48,63.73,False,South,Online,Premium
O003800,C0766,2023-07-03,Clothing,1,72.87,72.87,40.08,3.64,False,West,Online,Premium
O004458,C0898,2024-06-15,Sports,1,40.65,40.65,15.45,8.13,False,Central,Online,Regular
O008798,C1767,2023-07-04,Clothing,2,102.39,204.79,112.63,10.24,False,West,App,Regular
O003887,C0781,2023-10-07,Sports,2,58.09,116.18,44.15,0.0,False,West,App,Premium
O005176,C1028,2024-02-19,Home & Kitchen,1,191.92,163.13,68.51,8.16,False,South,Online,Occasional
O005240,C1037,2023-07-07,Beauty,1,108.98,108.98,67.57,21.8,False,South,Online,Premium
O009768,C1954,2024-06-17,Electronics,1,183.94,183.94,40.47,0.0,False,North,Online,Regular
O008955,C1803,2023-12-20,Clothing,1,54.08,70.3,38.66,10.54,False,Central,Online,Premium
O005032,C1003,2023-01-12,Clothing,1,16.09,13.68,7.52,2.05,False,West,App,Regular
O007653,C1521,2024-11-22,Clothing,2,85.48,222.25,122.24,0.0,False,East,App,Regular
O001361,C0258,2024-07-02,Beauty,1,5.0,5.0,3.1,0.0,False,South,Online,Regular
O005324,C1061,2024-12-09,Clothing,2,149.64,389.06,213.98,0.0,True,North,Online,Regular
O007482,C1481,2024-12-23,Sports,1,250.43,325.56,123.71,0.0,False,Central,App,Regular
O009847,C1967,2024-01-15,Home & Kitchen,1,60.14,51.12,21.47,0.0,False,South,App,Premium
O009030,C1819,2023-05-12,Electronics,1,75.33,75.33,16.57,0.0,False,North,Online,Regular
O001172,C0220,2024-05-11,Electronics,1,320.94,320.94,70.61,0.0,False,North,Online,Regular
O007982,C1584,2023-11-09,Electronics,1,400.67,520.87,114.59,0.0,False,North,Online,Occasional
O009732,C1947,2023-01-17,Sports,1,91.9,78.11,29.68,0.0,False,West,Online,Premium
O002371,C0465,2023-11-25,Clothing,1,50.0,65.0,35.75,0.0,False,Central,Online,Regular
O009417,C1888,2024-03-22,Beauty,2,48.17,96.35,59.74,9.64,False,East,App,Regular
O009403,C1887,2024-12-31,Sports,1,151.24,196.61,74.71,9.83,False,South,Online,Occasional
O008836,C1774,2024-12-17,Sports,2,112.08,291.41,110.74,0.0,False,North,App,Regular
O006598,C1317,2023-05-19,Home & Kitchen,1,119.64,119.64,50.25,5.98,True,West,Retail,Premium
O002057,C0398,2024-07-06,Home & Kitchen,1,5.68,5.68,2.39,1.14,False,West,Retail,Occasional
O006959,C1389,2023-12-28,Home & Kitchen,1,133.66,173.75,72.97,17.38,False,Central,Online,Premium
O001833,C0347,2024-11-29,Beauty,1,41.97,54.57,33.83,0.0,False,West,Retail,Regular
O003031,C0598,2024-05-13,Sports,1,148.42,148.42,56.4,0.0,False,North,App,Regular
O004588,C0924,2024-10-30,Electronics,1,437.18,437.18,96.18,0.0,False,West,App,Premium
O008857,C1780,2024-02-08,Electronics,1,373.08,317.12,69.77,0.0,False,East,App,Premium
O003563,C0712,2024-08-01,Home & Kitchen,1,80.67,80.67,33.88,12.1,False,South,Online,Premium
O002315,C0455,2023-06-24,Clothing,2,94.41,188.81,103.85,0.0,False,West,App,Regular
O004041,C0818,2024-09-18,Sports,1,249.26,249.26,94.72,37.39,False,South,Online,Regular
O007223,C1437,2023-06-10,Home & Kitchen,1,83.54,83.54,35.09,0.0,True,North,Online,Premium
O003758,C0758,2024-03-30,Electronics,1,368.75,368.75,81.12,0.0,False,South,Online,Regular
O009280,C1862,2023-03-30,Sports,1,115.15,115.15,43.76,11.52,False,Central,Online,Regular
O006376,C1271,2024-05-20,Beauty,1,29.49,29.49,18.28,5.9,False,South,App,Regular
O005459,C1093,2023-08-01,Clothing,2,42.38,84.77,46.62,12.72,False,West,Retail,Regular
O005056,C1005,2024-11-16,Clothing,1,83.69,108.8,59.84,0.0,False,North,Online,Premium
O006632,C1323,2023-04-10,Beauty,1,28.29,28.29,17.54,5.66,False,North,App,Premium
O007900,C1563,2023-10-12,Sports,3,127.89,383.67,145.79,38.37,False,East,Online,Regular
O009005,C1814,2024-07-16,Home & Kitchen,1,114.63,114.63,48.14,0.0,False,West,Online,Premium
O009108,C1833,2023-07-02,Beauty,2,34.91,69.83,43.29,0.0,False,Central,Partner,Regular
O008040,C1596,2023-05-18,Clothing,1,116.31,116.31,63.97,17.45,False,West,Online,Regular
O005919,C1174,2024-07-25,Clothing,1,51.03,51.03,28.07,2.55,False,West,Retail,Premium
O003328,C0661,2024-12-14,Beauty,1,42.74,55.56,34.45,0.0,False,West,App,Regular
O006865,C1372,2023-11-23,Home & Kitchen,1,49.29,64.08,26.91,9.61,False,North,App,Regular
O000346,C0069,2023-04-20,Clothing,1,5.0,5.0,2.75,0.0,False,North,App,Regular
O000457,C0089,2024-11-07,Clothing,2,90.14,234.36,128.9,11.72,False,South,Retail,Premium
O003022,C0595,2023-12-15,Beauty,2,41.78,108.63,67.35,0.0,False,North,App,Regular
O008284,C1658,2024-06-27,Sports,1,132.94,132.94,50.52,13.29,False,North,App,Regular
O000271,C0050,2023-02-02,Clothing,1,118.87,101.04,55.57,10.1,False,North,App,Premium
O000390,C0077,2024-04-10,Clothing,1,5.0,5.0,2.75,0.75,False,South,App,Regular
O003873,C0779,2024-11-14,Sports,1,145.19,188.75,71.72,0.0,True,North,Retail,Regular
O003400,C0674,2024-01-03,Electronics,1,665.4,565.59,124.43,0.0,False,East,Online,Regular
O004014,C0812,2024-10-18,Beauty,1,13.07,13.07,8.1,0.0,False,West,App,Regular
O006083,C1200,2023-04-21,Home & Kitchen,1,5.0,5.0,2.1,0.25,False,West,Online,Regular
O004522,C0911,2023-02-24,Electronics,1,418.64,355.84,78.28,35.58,False,East,Retail,Regular
O000275,C0053,2024-03-04,Clothing,2,124.99,249.97,137.48,0.0,False,East,Online,Occasional
O008427,C1696,2023-04-25,Electronics,1,190.5,190.5,41.91,0.0,False,North,Online,Regular
O009889,C1972,2024-10-20,Home & Kitchen,1,116.7,116.7,49.01,23.34,False,North,Partner,Regular
O005487,C1097,2023-02-15,Beauty,1,20.35,17.3,10.73,0.0,False,South,Partner,Regular
O005251,C1041,2023-08-29,Clothing,1,67.61,67.61,37.19,3.38,False,East,Retail,Regular
O005878,C1167,2023-11-05,Electronics,1,121.87,158.43,34.85,15.84,False,North,Partner,Premium
O001207,C0229,2024-09-20,Home & Kitchen,3,89.31,267.92,112.53,0.0,False,South,App,Premium
O008660,C1745,2023-07-29,Beauty,1,96.43,96.43,59.79,14.46,False,Central,Online,Premium
O008518,C1715,2023-05-03,Electronics,1,99.55,99.55,21.9,19.91,False,North,Partner,Occasional
O003063,C0601,2024-01-14,Home & Kitchen,1,79.51,67.59,28.39,6.76,False,East,Retail,Premium
O008568,C1723,2024-03-27,Beauty,1,87.28,87.28,54.11,13.09,False,South,App,Regular
O002408,C0472,2024-05-07,Home & Kitchen,1,36.5,36.5,15.33,5.48,True,South,Retail,Regular
O009447,C1894,2023-05-21,Clothing,1,29.57,29.57,16.26,0.0,False,North,Online,Premium
O009509,C1913,2023-03-06,Clothing,2,127.7,255.41,140.48,0.0,True,South,Online,Regular
O002070,C0400,2023-05-18,Clothing,1,11.9,11.9,6.55,0.0,False,South,Online,Regular
O005127,C1019,2023-08-16,Sports,1,135.18,135.18,51.37,13.52,False,West,App,Regular
O004997,C0998,2023-03-10,Sports,1,111.97,111.97,42.55,16.8,False,West,Partner,Premium
O006630,C1323,2024-10-27,Beauty,1,65.34,65.34,40.51,0.0,False,North,App,Premium
O002442,C0475,2024-12-24,Home & Kitchen,2,144.01,374.43,157.26,18.72,True,Central,Online,Regular
O001724,C0331,2024-02-01,Beauty,1,48.43,41.17,25.53,6.18,False,West,App,Premium
O001616,C0309,2024-05-04,Beauty,1,54.19,54.19,33.6,10.84,False,West,Online,Regular
O004046,C0819,2024-02-15,Beauty,1,60.74,51.63,32.01,5.16,False,West,Retail,Premium
O008079,C1611,2023-10-17,Electronics,1,377.58,377.58,83.07,37.76,False,North,App,Regular
O001929,C0372,2023-11-20,Clothing,1,117.78,153.12,84.22,7.66,False,West,App,Regular
O000974,C0188,2023-09-03,Clothing,2,5.0,10.0,5.5,0.5,False,East,App,Regular
O000209,C0041,2024-06-01,Clothing,1,29.83,29.83,16.41,1.49,False,East,App,Premium
O001943,C0374,2024-09-13,Beauty,1,44.21,44.21,27.41,0.0,False,West,Online,Premium
O004670,C0935,2023-09-16,Home & Kitchen,1,178.14,178.14,74.82,26.72,False,South,App,Regular
O008676,C1746,2023-04-29,Electronics,1,350.94,350.94,77.21,0.0,False,South,Online,Regular
O003568,C0712,2024-07-18,Home & Kitchen,2,99.14,198.27,83.27,0.0,False,South,Online,Premium
O000735,C0136,2024-11-24,Beauty,1,17.7,23.01,14.27,3.45,False,West,Online,Regular
O008295,C1660,2024-09-16,Sports,2,74.86,149.71,56.89,7.49,False,East,Online,Premium
O007686,C1525,2024-10-30,Electronics,1,403.38,403.38,88.74,60.51,False,West,Online,Regular
O002117,C0405,2023-09-27,Sports,1,39.0,39.0,14.82,0.0,False,Central,Online,Premium
O007185,C1430,2024-11-22,Electronics,2,638.37,1659.77,365.15,0.0,False,East,Retail,Premium
O004753,C0951,2024-08-20,Electronics,1,131.74,131.74,28.98,13.17,False,West,App,Regular
O001486,C0278,2023-12-10,Beauty,1,54.85,71.3,44.21,10.69,False,West,Online,Regular
O004332,C0873,2024-03-16,Electronics,1,5.0,5.0,1.1,0.0,False,North,Online,Premium
O001285,C0240,2024-07-21,Clothing,2,80.46,160.93,88.51,24.14,False,West,Online,Premium
O007778,C1543,2024-04-20,Sports,2,217.05,434.09,164.95,65.11,False,Central,Online,Premium
O004470,C0902,2024-06-25,Sports,1,91.52,91.52,34.78,0.0,False,West,Partner,Premium
O006948,C1389,2024-09-24,Home & Kitchen,2,126.26,252.52,106.06,37.88,False,Central,Online,Premium
O006833,C1364,2024-01-12,Electronics,1,247.14,210.07,46.22,0.0,False,North,Online,Regular
O002537,C0502,2023-11-06,Home & Kitchen,1,115.15,149.69,62.87,0.0,False,West,Retail,Regular
O000782,C0142,2023-01-05,Clothing,1,5.0,4.25,2.34,0.64,False,Central,Partner,Premium
O004121,C0828,2023-06-17,Home & Kitchen,1,73.84,73.84,31.01,11.08,False,South,Retail,Regular
O003260,C0646,2024-05-08,Electronics,1,281.99,281.99,62.04,0.0,False,South,App,Regular
O000845,C0153,2023-02-12,Home & Kitchen,1,5.0,4.25,1.78,0.85,False,Central,App,Regular
O007103,C1414,2024-05-15,Sports,1,5.0,5.0,1.9,1.0,False,North,Online,Premium
O001790,C0341,2024-08-25,Sports,1,61.79,61.79,23.48,6.18,False,West,Partner,Occasional
O000311,C0059,2023-09-20,Beauty,1,63.2,63.2,39.18,9.48,False,Central,Online,Premium
O003668,C0736,2024-08-16,Beauty,1,35.19,35.19,21.82,0.0,False,South,Partner,Premium
O008232,C1643,2023-05-15,Sports,1,77.65,77.65,29.51,0.0,False,South,App,Regular
O000514,C0100,2023-08-11,Beauty,2,35.01,70.02,43.41,3.5,False,West,Retail,Regular
O007539,C1492,2023-12-12,Beauty,2,54.51,141.72,87.87,7.09,False,Central,App,Regular
O001060,C0202,2023-10-17,Beauty,1,51.98,51.98,32.23,10.4,False,East,Online,Regular
O006606,C1318,2023-05-22,Beauty,2,5.0,10.0,6.2,1.0,False,East,Retail,Regular
O008293,C1660,2024-09-25,Beauty,1,20.5,20.5,12.71,0.0,False,East,Online,Premium
O009980,C1990,2024-04-05,Sports,1,142.84,142.84,54.28,0.0,False,South,Partner,Regular
O008958,C1804,2024-11-30,Beauty,1,52.07,67.69,41.97,0.0,False,Central,App,Regular
O005706,C1129,2024-11-07,Sports,1,98.5,128.04,48.66,19.21,False,South,App,Regular
O001886,C0359,2023-05-20,Electronics,1,312.23,312.23,68.69,46.83,False,South,Retail,Regular
O008485,C1711,2023-08-18,Sports,1,48.42,48.42,18.4,2.42,True,East,Online,Premium
O002756,C0549,2024-10-07,Electronics,1,547.06,547.06,120.35,0.0,False,East,Retail,Premium
O001212,C0230,2024-08-23,Clothing,2,55.19,110.38,60.71,16.56,False,East,App,Premium
O008466,C1705,2024-08-12,Clothing,1,100.56,100.56,55.31,5.03,False,South,Online,Regular
O002426,C0474,2024-09-25,Electronics,2,265.27,530.54,116.72,0.0,False,Central,Online,Premium
O000704,C0129,2023-04-27,Electronics,1,350.89,350.89,77.2,35.09,False,Central,App,Regular
O002779,C0552,2024-12-09,Clothing,1,87.38,113.6,62.48,17.04,False,West,Partner,Premium
O007060,C1408,2023-05-18,Beauty,1,65.06,65.06,40.34,9.76,False,West,Online,Premium
O000980,C0189,2023-11-21,Sports,2,159.88,415.68,157.96,0.0,True,Central,App,Occasional
O004529,C0912,2023-07-30,Clothing,1,135.86,135.86,74.72,0.0,False,West,Online,Regular
O006803,C1357,2023-03-16,Sports,1,119.77,119.77,45.51,23.95,False,Central,Online,Premium
O008925,C1796,2024-03-19,Electronics,2,552.47,1104.94,243.09,220.99,False,North,App,Regular
O003358,C0665,2024-09-25,Electronics,1,380.67,380.67,83.75,0.0,True,West,Partner,Regular
O006986,C1395,2023-12-19,Home & Kitchen,1,174.22,226.49,95.13,0.0,False,North,App,Regular
O003519,C0703,2024-11-02,Electronics,2,114.76,298.39,65.65,44.76,True,Central,App,Regular
O006316,C1251,2024-06-07,Beauty,1,37.79,37.79,23.43,0.0,False,South,Online,Regular
O000651,C0120,2024-01-05,Clothing,1,27.69,23.54,12.95,0.0,False,Central,Retail,Regular
O008179,C1632,2023-06-11,Beauty,1,51.47,51.47,31.91,2.57,False,East,Online,Regular
O008627,C1737,2023-01-29,Beauty,1,28.54,24.26,15.04,0.0,False,East,Online,Regular
O001108,C0211,2024-04-22,Home & Kitchen,1,145.74,145.74,61.21,0.0,True,North,Online,Premium
O001478,C0277,2023-06-24,Clothing,1,42.3,42.3,23.26,8.46,False,South,App,Regular
O000339,C0065,2024-03-03,Sports,2,93.65,187.31,71.18,37.46,False,South,Retail,Regular
O008628,C1737,2023-11-07,Sports,1,114.77,149.2,56.7,7.46,False,East,Online,Regular
O002630,C0523,2023-01-24,Clothing,1,11.28,9.58,5.27,0.0,False,South,Online,Premium
O005272,C1045,2023-04-13,Electronics,2,348.41,696.82,153.3,0.0,False,North,Partner,Premium
O003438,C0687,2023-05-16,Electronics,1,304.52,304.52,66.99,0.0,False,East,App,Premium
O002593,C0517,2024-02-13,Beauty,2,54.95,93.41,57.91,0.0,False,East,App,Premium
O001372,C0259,2023-12-06,Clothing,1,27.53,35.79,19.68,5.37,False,Central,Retail,Premium
O002535,C0501,2024-09-02,Sports,1,182.46,182.46,69.33,0.0,False,North,App,Regular
O002148,C0413,2023-12-23,Clothing,1,101.46,131.9,72.55,0.0,False,North,Online,Regular
O006742,C1345,2024-01-22,Beauty,1,40.31,34.26,21.24,0.0,False,East,App,Occasional
O003215,C0635,2024-01-20,Beauty,1,41.33,35.13,21.78,5.27,False,South,Online,Premium
O009312,C1866,2024-08-13,Electronics,2,285.7,571.41,125.71,0.0,False,South,Online,Premium
O004270,C0861,2023-06-20,Electronics,1,8.3,8.3,1.83,0.0,False,South,Online,Regular
O000363,C0071,2024-10-16,Beauty,1,35.12,35.12,21.77,1.76,False,East,Retail,Premium
O005510,C1101,2024-11-04,Home & Kitchen,1,83.87,109.03,45.79,16.35,True,Central,Online,Premium
O000688,C0127,2024-02-10,Electronics,1,147.26,125.17,27.54,0.0,False,West,App,Regular
O006660,C1327,2024-02-19,Beauty,1,39.56,33.63,20.85,1.68,False,North,App,Premium
O004375,C0882,2024-03-15,Beauty,1,37.75,37.75,23.4,1.89,False,North,Online,Regular
O008038,C1595,2024-03-24,Clothing,1,25.96,25.96,14.28,0.0,False,West,Retail,Occasional
O009048,C1822,2023-09-13,Clothing,1,77.14,77.14,42.43,3.86,False,South,Online,Occasional
O009314,C1866,2023-04-19,Home & Kitchen,1,78.02,78.02,32.77,0.0,False,South,Online,Premium
O004671,C0935,2024-07-27,Beauty,1,61.15,61.15,37.91,3.06,False,South,App,Regular
O008997,C1812,2023-07-08,Beauty,1,55.54,55.54,34.43,0.0,False,North,Retail,Premium
O005765,C1141,2024-08-29,Home & Kitchen,2,65.7,131.41,55.19,19.71,False,North,Online,Regular
O004223,C0848,2023-04-27,Sports,2,121.95,243.91,92.69,36.59,False,East,Retail,Premium
O006302,C1248,2023-06-19,Clothing,1,60.58,60.58,33.32,12.12,True,South,Partner,Regular
O003964,C0798,2023-08-08,Clothing,1,56.75,56.75,31.21,0.0,False,Central,Online,Premium
O009477,C1903,2024-09-21,Beauty,1,47.85,47.85,29.67,9.57,False,West,Online,Regular
O002239,C0434,2023-04-13,Beauty,1,37.2,37.2,23.06,5.58,False,East,App,Regular
O009383,C1884,2023-02-19,Beauty,1,5.0,4.25,2.64,0.0,False,South,Partner,Occasional
O003162,C0624,2024-11-07,Home & Kitchen,1,123.26,160.24,67.3,8.01,False,West,Retail,Regular
O000828,C0151,2024-05-21,Beauty,1,34.58,34.58,21.44,1.73,False,West,Online,Regular
O009372,C1879,2023-04-08,Sports,1,39.75,39.75,15.1,0.0,False,Central,App,Regular
O003975,C0800,2024-05-01,Home & Kitchen,1,94.78,94.78,39.81,14.22,False,East,Online,Premium
O000231,C0044,2024-09-17,Electronics,1,200.88,200.88,44.19,0.0,False,South,Online,Premium
O008890,C1792,2023-12-10,Sports,1,51.43,66.86,25.41,0.0,False,East,Online,Premium
O007509,C1485,2024-06-09,Beauty,1,79.09,79.09,49.04,15.82,False,West,App,Premium
O006734,C1342,2023-09-14,Home & Kitchen,1,65.97,65.97,27.71,0.0,False,North,Online,Regular
O009460,C1897,2023-03-11,Home & Kitchen,1,148.46,148.46,62.35,7.42,False,Central,Online,Regular
O000132,C0030,2024-09-18,Sports,1,84.53,84.53,32.12,0.0,False,South,Online,Premium
O000889,C0162,2024-06-11,Clothing,2,87.86,175.71,96.64,26.36,False,South,App,Regular
O004697,C0938,2024-05-06,Sports,1,139.38,139.38,52.96,6.97,False,West,Online,Regular
O002495,C0490,2024-03-01,Sports,1,276.74,276.74,105.16,55.35,False,East,Partner,Premium
O003593,C0717,2023-11-12,Sports,1,268.17,348.62,132.48,17.43,False,Central,App,Occasional
O001764,C0336,2023-05-30,Home & Kitchen,1,87.46,87.46,36.73,17.49,True,Central,Partner,Premium
O001080,C0207,2023-11-11,Home & Kitchen,2,66.01,171.63,72.08,0.0,False,North,Retail,Premium
O001466,C0275,2024-05-24,Sports,1,64.37,64.37,24.46,0.0,False,West,Retail,Regular
O001056,C0201,2023-08-17,Clothing,1,14.96,14.96,8.23,2.99,False,North,Retail,Regular
O004205,C0845,2023-03-23,Sports,1,5.0,5.0,1.9,1.0,False,South,Online,Regular
O008472,C1708,2024-07-07,Home & Kitchen,1,121.23,121.23,50.92,0.0,False,East,Online,Regular
O002383,C0468,2024-05-25,Beauty,1,26.18,26.18,16.23,0.0,False,West,App,Premium
O007300,C1450,2024-06-16,Electronics,2,294.02,588.04,129.37,88.21,False,East,Online,Regular
O004472,C0902,2024-04-11,Clothing,1,98.66,98.66,54.26,4.93,False,West,Partner,Premium
O006590,C1315,2023-09-25,Clothing,1,31.5,31.5,17.33,0.0,False,South,Online,Regular
O003450,C0688,2023-07-09,Home & Kitchen,1,124.48,124.48,52.28,24.9,False,West,App,Regular
O006757,C1349,2024-01-04,Electronics,1,139.02,118.17,26.0,23.63,False,West,Partner,Premium
O005299,C1054,2024-09-13,Sports,1,79.82,79.82,30.33,0.0,False,South,Online,Regular
O004267,C0860,2024-04-19,Beauty,1,67.01,67.01,41.55,0.0,False,South,Online,Regular
O007524,C1488,2023-01-09,Electronics,1,399.63,339.68,74.73,0.0,False,West,Retail,Regular
O007098,C1414,2024-06-04,Home & Kitchen,1,164.64,164.64,69.15,32.93,False,North,Online,Premium
O008514,C1713,2024-08-23,Sports,1,149.86,149.86,56.95,0.0,False,East,Online,Premium
O007991,C1586,2023-06-25,Sports,1,102.88,102.88,39.09,20.58,False,Central,Online,Premium
O008346,C1676,2023-04-01,Beauty,1,53.25,53.25,33.02,7.99,False,Central,Online,Premium
O003929,C0792,2023-01-29,Clothing,3,68.22,173.96,95.68,0.0,True,South,App,Regular
O008722,C1754,2023-09-09,Beauty,1,54.96,54.96,34.08,5.5,False,West,Online,Regular
O003211,C0635,2024-10-15,Beauty,1,40.33,40.33,25.0,0.0,False,South,Online,Premium
O003449,C0688,2024-12-21,Home & Kitchen,1,167.2,217.36,91.29,10.87,False,West,App,Regular
O004705,C0940,2023-08-31,Sports,2,64.79,129.59,49.24,0.0,False,Central,Retail,Regular
O002737,C0545,2024-09-23,Beauty,3,97.47,292.4,181.29,14.62,False,East,Partner,Regular
O008249,C1645,2024-04-07,Beauty,1,29.92,29.92,18.55,0.0,True,North,App,Regular
O005511,C1101,2024-06-07,Home & Kitchen,1,85.19,85.19,35.78,8.52,False,Central,Online,Premium
O000498,C0098,2024-07-29,Home & Kitchen,1,165.05,165.05,69.32,8.25,False,South,Partner,Premium
O001700,C0326,2024-02-24,Beauty,2,10.89,18.52,11.48,0.0,False,North,Online,Regular
O006622,C1321,2024-07-10,Clothing,1,54.81,54.81,30.15,5.48,False,North,Retail,Regular
O002381,C0468,2023-08-11,Home & Kitchen,1,107.71,107.71,45.24,0.0,False,West,App,Premium
O001783,C0340,2023-01-14,Home & Kitchen,1,46.4,39.44,16.56,5.92,False,West,Online,Premium
O004475,C0903,2024-01-14,Home & Kitchen,1,65.91,56.02,23.53,0.0,False,East,Online,Regular
O009569,C1926,2023-04-21,Sports,1,52.45,52.45,19.93,5.25,False,North,Retail,Regular
O004983,C0996,2023-11-01,Sports,1,5.0,6.5,2.47,0.32,False,North,Retail,Regular
O007150,C1422,2024-12-28,Electronics,1,466.93,607.01,133.54,0.0,False,West,Retail,Regular
O007115,C1417,2023-05-21,Electronics,1,191.44,191.44,42.12,0.0,False,Central,App,Premium
O002259,C0442,2024-10-06,Home & Kitchen,1,120.45,120.45,50.59,0.0,True,East,App,Regular
O007535,C1489,2024-12-12,Clothing,1,113.51,147.56,81.16,7.38,False,Central,App,Regular
O006727,C1340,2023-11-28,Electronics,1,124.34,161.64,35.56,32.33,False,West,Partner,Premium
O001781,C0340,2024-12-02,Beauty,1,72.64,94.43,58.55,0.0,False,West,Online,Premium
O000488,C0094,2024-06-21,Clothing,2,74.51,149.01,81.96,0.0,False,South,Partner,Occasional
O002082,C0401,2023-07-30,Home & Kitchen,1,139.32,139.32,58.51,20.9,False,North,Partner,Premium
O003423,C0683,2023-12-02,Clothing,1,67.49,87.74,48.26,4.39,False,West,Online,Occasional
O003846,C0775,2024-01-25,Beauty,1,5.0,4.25,2.64,0.0,False,South,Online,Regular
O009683,C1940,2023-07-03,Sports,1,5.0,5.0,1.9,0.5,False,North,App,Premium
O003390,C0671,2023-07-24,Beauty,1,31.03,31.03,19.24,1.55,False,East,App,Regular
O007847,C1554,2024-05-09,Electronics,2,472.18,944.36,207.76,0.0,False,North,Online,Occasional
O000262,C0050,2024-11-02,Electronics,1,294.59,382.97,84.25,76.59,False,North,App,Premium
O009453,C1894,2023-08-08,Home & Kitchen,1,101.87,101.87,42.79,0.0,False,North,Online,Premium
O003521,C0704,2024-08-30,Home & Kitchen,1,67.87,67.87,28.51,10.18,False,South,App,Occasional
O007795,C1546,2023-04-04,Home & Kitchen,1,46.61,46.61,19.58,0.0,False,West,Online,Premium
O009937,C1983,2023-12-01,Beauty,1,23.6,30.68,19.02,4.6,False,North,Retail,Regular
O008021,C1591,2023-08-09,Beauty,1,75.67,75.67,46.92,7.57,False,Central,App,Premium
O006184,C1223,2023-08-17,Electronics,1,399.72,399.72,87.94,79.94,False,West,Online,Regular
O003278,C0649,2024-05-13,Electronics,1,426.7,426.7,93.87,0.0,False,Central,App,Premium
O009772,C1955,2023-12-22,Sports,1,244.16,317.4,120.61,31.74,False,North,Retail,Premium
O007785,C1543,2024-09-25,Sports,1,54.15,54.15,20.58,0.0,False,Central,Online,Premium
O010001,C1993,2024-06-30,Clothing,2,70.41,140.83,77.46,21.12,False,South,Partner,Regular
O002552,C0504,2023-11-04,Sports,1,102.32,133.02,50.55,0.0,False,West,Online,Regular
O008829,C1772,2024-07-29,Home & Kitchen,1,116.76,116.76,49.04,0.0,False,West,App,Regular
O006690,C1334,2024-10-22,Clothing,1,63.11,63.11,34.71,9.47,False,North,Retail,Regular
O008759,C1760,2023-06-28,Clothing,1,105.39,105.39,57.96,5.27,False,Central,Online,Regular
O005838,C1154,2024-09-06,Home & Kitchen,1,123.89,123.89,52.03,0.0,False,North,Online,Occasional
O006886,C1378,2023-10-13,Electronics,1,5.0,5.0,1.1,1.0,False,West,Retail,Regular
O004971,C0994,2023-01-08,Beauty,2,65.49,111.33,69.02,0.0,False,South,App,Premium
O009685,C1940,2024-04-18,Sports,1,5.0,5.0,1.9,0.5,False,North,App,Premium
O002801,C0555,2024-10-03,Sports,1,75.51,75.51,28.69,0.0,False,East,App,Regular
O002891,C0569,2023-12-05,Home & Kitchen,1,217.6,282.88,118.81,56.58,False,South,Online,Premium
O000221,C0042,2024-02-17,Electronics,1,586.21,498.28,109.62,0.0,False,East,Online,Premium
O000778,C0142,2023-01-30,Home & Kitchen,1,123.42,104.91,44.06,15.74,False,Central,Partner,Premium
O007918,C1569,2023-09-11,Beauty,1,49.23,49.23,30.52,0.0,False,South,Retail,Occasional
O007329,C1454,2024-04-26,Sports,1,34.88,34.88,13.25,0.0,False,West,Online,Premium
O002521,C0496,2024-09-06,Sports,1,45.78,45.78,17.4,2.29,False,Central,Partner,Regular
O006358,C1265,2024-08-12,Electronics,1,197.8,197.8,43.52,0.0,False,Central,App,Regular
O004786,C0957,2023-12-06,Sports,2,103.36,268.73,102.12,53.75,False,North,Online,Premium
O007528,C1489,2023-07-11,Home & Kitchen,1,99.68,99.68,41.87,0.0,False,Central,App,Regular
O007685,C1525,2023-09-21,Beauty,2,43.99,87.98,54.55,13.2,False,West,Online,Regular
O001158,C0219,2023-09-09,Clothing,1,123.7,123.7,68.04,18.56,False,West,Partner,Premium
O004002,C0808,2024-02-27,Electronics,1,237.15,201.58,44.35,40.32,False,North,Partner,Regular
O001476,C0277,2024-01-03,Clothing,1,68.17,57.95,31.87,5.8,False,South,App,Regular
O001880,C0357,2023-10-16,Sports,1,44.27,44.27,16.82,8.85,False,Central,Online,Regular
O009189,C1846,2024-04-19,Clothing,1,81.3,81.3,44.72,0.0,False,North,App,Premium
O008780,C1765,2024-12-30,Beauty,1,20.18,26.23,16.26,0.0,False,South,Retail,Regular
O003596,C0718,2024-03-30,Sports,1,116.68,116.68,44.34,17.5,False,North,Partner,Premium
O006603,C1317,2024-04-17,Home & Kitchen,1,44.82,44.82,18.82,4.48,False,West,Retail,Premium
O009181,C1844,2023-02-12,Clothing,2,35.78,60.82,33.45,3.04,False,Central,Retail,Premium
O003548,C0708,2023-12-19,Home & Kitchen,1,127.84,166.19,69.8,0.0,False,North,Retail,Regular
O004258,C0858,2023-01-17,Sports,2,190.7,324.19,123.19,48.63,False,North,Online,Regular
O005941,C1176,2023-09-08,Electronics,2,438.55,877.09,192.96,0.0,False,North,Online,Regular
O007261,C1445,2023-04-21,Home & Kitchen,1,76.19,76.19,32.0,3.81,False,West,Online,Premium
O002491,C0490,2024-05-18,Beauty,1,5.0,5.0,3.1,1.0,False,East,Partner,Premium
O006592,C1315,2023-06-27,Electronics,1,383.18,383.18,84.3,38.32,False,South,Online,Regular
O009393,C1886,2023-03-20,Electronics,1,533.36,533.36,117.34,0.0,False,North,Online,Premium
O005404,C1083,2024-10-28,Electronics,1,120.24,120.24,26.45,0.0,False,West,Partner,Premium
O004222,C0848,2024-05-30,Beauty,2,59.45,118.91,73.72,0.0,True,East,Retail,Premium
O008158,C1629,2024-01-05,Home & Kitchen,1,90.96,77.31,32.47,0.0,False,Central,App,Occasional
O008740,C1757,2023-08-18,Beauty,1,43.22,43.22,26.8,8.64,False,East,Online,Regular
O001916,C0368,2024-08-17,Electronics,2,292.45,584.89,128.68,29.24,True,West,Online,Regular
O002929,C0573,2023-07-26,Home & Kitchen,1,84.63,84.63,35.54,0.0,False,South,App,Regular
O003433,C0685,2023-04-11,Beauty,2,24.79,49.59,30.75,2.48,False,Central,Retail,Regular
O002918,C0571,2023-11-12,Home & Kitchen,1,92.59,120.37,50.56,18.06,False,Central,Online,Premium
O008937,C1800,2023-03-04,Sports,2,60.86,121.72,46.25,6.09,False,West,Partner,Regular
O003193,C0631,2024-11-19,Clothing,1,5.0,6.5,3.58,0.65,False,East,App,Regular
O003230,C0637,2023-03-03,Sports,1,30.61,30.61,11.63,0.0,False,South,App,Premium
O002584,C0517,2024-09-01,Home & Kitchen,1,175.41,175.41,73.67,17.54,False,East,App,Premium
O005150,C1023,2024-05-07,Clothing,1,34.64,34.64,19.05,0.0,False,South,App,Premium
O007373,C1460,2023-05-21,Clothing,1,94.7,94.7,52.09,9.47,False,North,App,Regular
O007743,C1537,2024-10-01,Home & Kitchen,1,140.32,140.32,58.93,14.03,False,East,Online,Premium
O003052,C0600,2023-07-20,Electronics,1,188.53,188.53,41.48,0.0,False,West,Partner,Premium
O000344,C0068,2023-01-10,Home & Kitchen,1,12.7,10.79,4.53,0.0,False,Central,Online,Occasional
O002837,C0561,2024-08-15,Clothing,3,5.0,15.0,8.25,0.0,False,West,App,Regular
O002965,C0580,2024-07-16,Home & Kitchen,1,5.0,5.0,2.1,0.0,True,East,App,Premium
O009086,C1829,2024-03-07,Clothing,1,64.61,64.61,35.54,0.0,False,North,Online,Regular
O002211,C0425,2024-03-09,Home & Kitchen,1,56.61,56.61,23.78,2.83,False,West,App,Regular
O006243,C1235,2024-01-23,Sports,1,186.67,158.67,60.29,31.73,False,North,Partner,Regular
O000569,C0105,2024-10-15,Beauty,1,57.66,57.66,35.75,8.65,True,Central,Online,Premium
O002125,C0407,2023-06-29,Home & Kitchen,1,65.68,65.68,27.59,9.85,False,North,App,Occasional
O008942,C1801,2024-07-09,Clothing,1,49.37,49.37,27.15,4.94,False,East,Online,Regular
O007180,C1430,2023-10-25,Home & Kitchen,1,43.63,43.63,18.32,0.0,False,East,Retail,Premium
O002876,C0568,2023-12-08,Beauty,1,13.6,17.68,10.96,0.0,False,East,Partner,Premium
O006688,C1334,2023-01-12,Electronics,1,130.43,110.87,24.39,11.09,False,North,Retail,Regular
O004264,C0860,2024-10-03,Electronics,1,304.53,304.53,67.0,60.91,False,South,Online,Regular
O007615,C1512,2023-04-14,Home & Kitchen,1,106.21,106.21,44.61,15.93,False,North,App,Premium
O003229,C0637,2024-02-02,Sports,1,87.62,74.48,28.3,0.0,True,South,App,Premium
O007145,C1420,2024-06-12,Sports,2,197.45,394.9,150.06,78.98,False,East,Partner,Occasional
O001415,C0266,2024-04-30,Electronics,2,401.37,802.74,176.6,80.27,False,South,Online,Regular
O007447,C1474,2024-01-11,Beauty,1,46.64,39.64,24.58,3.96,False,Central,Online,Regular
O002356,C0463,2023-09-03,Beauty,1,44.45,44.45,27.56,4.44,False,South,Online,Regular
O001945,C0374,2023-05-24,Electronics,1,379.14,379.14,83.41,37.91,False,West,Online,Premium
O003652,C0730,2024-03-05,Home & Kitchen,1,39.27,39.27,16.49,5.89,False,North,Retail,Premium
O008758,C1760,2024-10-14,Clothing,1,50.11,50.11,27.56,7.52,False,Central,Online,Regular
O008095,C1614,2023-12-05,Electronics,1,309.93,402.91,88.64,0.0,False,West,Online,Regular
O000943,C0179,2023-11-03,Home & Kitchen,1,143.11,186.04,78.14,0.0,False,East,Retail,Premium
O000810,C0148,2024-02-02,Sports,3,151.42,386.11,146.72,19.31,False,South,Online,Regular
O001690,C0324,2023-04-10,Electronics,1,202.39,202.39,44.53,40.48,False,Central,App,Regular
O000359,C0071,2023-10-30,Clothing,2,95.77,191.53,105.34,19.15,False,East,Retail,Premium
O000174,C0035,2023-02-01,Beauty,1,53.16,45.18,28.01,2.26,False,North,App,Regular
O003957,C0798,2023-05-06,Home & Kitchen,1,60.71,60.71,25.5,12.14,False,Central,Online,Premium
O003488,C0697,2024-05-28,Clothing,2,68.25,136.49,75.07,13.65,False,North,Retail,Regular
O009088,C1830,2023-06-01,Sports,1,67.37,67.37,25.6,3.37,True,North,Online,Premium
O007158,C1424,2023-07-04,Home & Kitchen,1,113.04,113.04,47.48,0.0,False,East,Online,Occasional
O005160,C1025,2023-03-27,Clothing,2,91.98,183.95,101.17,36.79,False,North,App,Premium
O005739,C1136,2024-03-04,Sports,3,292.56,877.69,333.52,87.77,True,Central,Online,Premium
O007335,C1454,2023-04-07,Home & Kitchen,1,98.15,98.15,41.22,0.0,False,West,Online,Premium
O005640,C1121,2024-01-03,Beauty,1,48.16,40.94,25.38,8.19,False,Central,Online,Premium
O000386,C0077,2023-10-30,Clothing,1,90.38,90.38,49.71,0.0,False,South,App,Regular
O001612,C0308,2023-04-27,Sports,1,160.84,160.84,61.12,8.04,False,West,Retail,Regular
O008378,C1686,2024-12-27,Clothing,2,43.06,111.96,61.58,11.2,False,South,Online,Regular
O007295,C1449,2023-03-25,Home & Kitchen,1,120.33,120.33,50.54,0.0,False,North,Online,Regular
O006654,C1326,2023-09-11,Sports,1,120.73,120.73,45.88,0.0,False,West,App,Regular
O001723,C0331,2023-05-12,Clothing,1,108.37,108.37,59.6,0.0,False,West,App,Premium
O001580,C0302,2024-01-02,Clothing,1,126.46,107.49,59.12,16.12,False,West,App,Regular
O007033,C1404,2024-04-09,Clothing,3,71.86,215.59,118.57,0.0,False,North,Online,Premium
O000670,C0122,2024-07-26,Clothing,3,61.98,185.95,102.27,0.0,False,South,Retail,Premium
O001812,C0345,2024-01-02,Electronics,2,477.13,811.12,178.45,0.0,False,West,Partner,Premium
O003042,C0599,2024-11-07,Sports,2,149.36,388.35,147.57,0.0,False,North,Online,Regular
O002319,C0457,2024-05-02,Home & Kitchen,1,54.04,54.04,22.7,2.7,False,South,Retail,Premium
O001189,C0226,2024-02-02,Sports,1,170.15,144.63,54.96,0.0,False,South,Online,Regular
O000913,C0169,2024-04-12,Clothing,1,69.95,69.95,38.47,0.0,False,West,Online,Regular
O009352,C1875,2024-07-05,Clothing,1,102.87,102.87,56.58,20.57,False,Central,App,Premium
O002796,C0554,2023-05-29,Home & Kitchen,1,93.65,93.65,39.33,0.0,False,East,Online,Premium
O008479,C1710,2024-05-02,Clothing,1,95.17,95.17,52.34,9.52,False,Central,Retail,Regular
O002840,C0561,2024-01-13,Beauty,1,30.65,26.05,16.15,1.3,True,West,App,Regular
O006647,C1325,2023-01-07,Electronics,1,265.93,226.04,49.73,45.21,False,West,App,Premium
O009725,C1945,2024-01-12,Clothing,1,70.99,60.34,33.19,12.07,True,West,Online,Premium
O007425,C1469,2024-05-17,Sports,1,318.47,318.47,121.02,0.0,False,North,Online,Occasional
O009267,C1859,2024-11-05,Beauty,1,19.38,25.19,15.62,0.0,False,East,Online,Regular
O001328,C0251,2023-11-03,Home & Kitchen,1,97.49,126.73,53.23,0.0,False,South,Online,Regular
O003453,C0688,2024-10-10,Beauty,1,41.13,41.13,25.5,0.0,False,West,App,Regular
O000683,C0126,2024-10-02,Beauty,1,48.56,48.56,30.11,2.43,False,East,Online,Regular
O003479,C0696,2024-08-17,Home & Kitchen,1,73.85,73.85,31.02,14.77,False,South,Online,Regular
O001271,C0240,2023-03-17,Sports,2,197.16,394.32,149.84,0.0,False,West,Online,Premium
O007227,C1439,2023-02-04,Beauty,1,67.58,57.45,35.62,0.0,False,South,Online,Regular
O004065,C0822,2024-03-04,Sports,2,135.1,270.2,102.68,0.0,False,Central,App,Premium
O009974,C1989,2024-08-26,Beauty,1,51.27,51.27,31.79,7.69,False,South,Online,Regular
O001631,C0312,2024-05-14,Home & Kitchen,1,29.44,29.44,12.36,0.0,False,South,Online,Premium
O008642,C1741,2023-07-31,Clothing,1,69.98,69.98,38.49,7.0,False,West,Online,Premium
O000863,C0157,2023-07-31,Sports,1,89.66,89.66,34.07,17.93,False,South,Partner,Premium
O007902,C1563,2023-07-21,Beauty,1,17.13,17.13,10.62,0.0,True,East,Online,Regular
O007314,C1452,2024-09-21,Sports,1,126.72,126.72,48.15,0.0,False,West,Partner,Regular
O005761,C1140,2024-09-13,Beauty,1,62.74,62.74,38.9,0.0,False,South,Online,Regular
O002023,C0389,2023-02-27,Sports,1,137.16,116.59,44.3,0.0,False,West,Retail,Premium
O005629,C1120,2024-11-03,Home & Kitchen,2,174.27,453.09,190.3,0.0,False,East,Online,Regular
O008698,C1750,2023-03-11,Beauty,2,51.21,102.42,63.5,0.0,False,Central,Partner,Regular
O005086,C1009,2024-09-06,Electronics,2,293.29,586.58,129.05,0.0,False,Central,Partner,Premium
O007672,C1523,2024-06-20,Sports,2,119.76,239.52,91.02,23.95,False,West,App,Regular
O008004,C1588,2023-11-19,Clothing,1,159.12,206.86,113.77,10.34,False,West,App,Regular
O004005,C0809,2023-04-13,Beauty,2,41.6,83.2,51.58,16.64,False,North,App,Regular
O004056,C0821,2024-12-31,Electronics,1,280.44,364.58,80.21,0.0,False,West,Partner,Regular
O010025,C1999,2023-06-09,Electronics,1,621.92,621.92,136.82,124.38,False,West,Retail,Regular
O000914,C0169,2024-03-14,Electronics,1,350.02,350.02,77.0,0.0,False,West,Online,Regular
O007565,C1498,2023-07-28,Sports,1,8.44,8.44,3.21,0.42,False,North,Online,Regular
O003100,C0611,2024-09-11,Beauty,1,41.27,41.27,25.59,0.0,False,North,App,Regular
O007195,C1431,2023-08-15,Beauty,1,33.97,33.97,21.06,3.4,False,West,Online,Regular
O008272,C1654,2023-12-22,Beauty,1,78.41,101.93,63.2,0.0,False,Central,App,Regular
O004653,C0932,2023-04-24,Home & Kitchen,1,149.71,149.71,62.88,29.94,False,West,Retail,Regular
O007862,C1557,2024-06-18,Clothing,1,58.59,58.59,32.22,0.0,False,West,Online,Regular
O005552,C1109,2023-10-01,Electronics,1,621.12,621.12,136.65,0.0,False,North,App,Premium
O007898,C1563,2023-11-13,Electronics,1,233.36,303.37,66.74,0.0,False,East,Online,Regular
O005626,C1120,2024-02-25,Sports,2,100.1,170.18,64.67,0.0,True,East,Online,Regular
O000953,C0183,2023-06-05,Home & Kitchen,1,123.98,123.98,52.07,6.2,False,South,Online,Regular
O003898,C0786,2023-09-15,Electronics,1,314.56,314.56,69.2,31.46,False,South,Online,Regular
O008750,C1759,2023-09-01,Electronics,1,241.93,241.93,53.22,36.29,False,South,Online,Premium
O002263,C0442,2024-07-27,Electronics,1,132.19,132.19,29.08,13.22,False,East,App,Regular
O008169,C1630,2024-08-01,Beauty,1,23.41,23.41,14.51,0.0,False,East,Retail,Premium
O001906,C0364,2023-04-28,Beauty,1,57.01,57.01,35.35,0.0,False,West,App,Regular
O007125,C1418,2023-03-17,Clothing,1,67.34,67.34,37.04,10.1,False,East,Online,Premium
O008675,C1746,2024-10-14,Electronics,1,209.76,209.76,46.15,0.0,False,South,Online,Regular
O002579,C0515,2023-12-01,Electronics,1,223.55,290.62,63.94,29.06,False,West,Retail,Occasional
O006182,C1222,2023-10-24,Clothing,1,35.52,35.52,19.54,7.1,False,Central,Online,Regular
O002472,C0484,2023-11-27,Beauty,1,25.41,33.04,20.48,1.65,False,West,App,Occasional
O008934,C1799,2024-12-24,Sports,2,225.96,587.49,223.25,0.0,False,East,App,Occasional
O006826,C1362,2024-02-01,Clothing,1,95.63,81.28,44.7,16.26,False,South,Partner,Premium
O003201,C0633,2024-02-26,Clothing,2,92.42,157.11,86.41,0.0,False,South,Retail,Occasional
O000941,C0179,2023-04-15,Beauty,1,62.79,62.79,38.93,0.0,False,East,Retail,Premium
O006577,C1313,2023-12-25,Home & Kitchen,1,76.82,99.86,41.94,0.0,False,Central,Online,Premium
O009942,C1983,2023-01-08,Clothing,1,46.25,39.31,21.62,7.86,False,North,Retail,Regular
O000304,C0058,2024-11-23,Beauty,1,95.72,124.44,77.15,12.44,False,Central,Partner,Regular
O001685,C0323,2024-07-27,Home & Kitchen,1,122.72,122.72,51.54,24.54,False,South,Partner,Regular
O007203,C1433,2023-01-22,Clothing,1,48.62,41.33,22.73,8.27,False,Central,Online,Regular
O000246,C0046,2024-09-19,Clothing,1,48.42,48.42,26.63,0.0,False,North,Retail,Regular
O009671,C1939,2023-03-10,Beauty,1,33.2,33.2,20.58,0.0,False,West,Online,Regular
O002666,C0531,2023-12-08,Sports,1,88.97,115.66,43.95,5.78,False,East,Retail,Regular
O002991,C0587,2024-12-16,Home & Kitchen,1,89.67,116.57,48.96,5.83,False,East,Retail,Occasional
O009142,C1839,2023-08-27,Beauty,1,48.92,48.92,30.33,0.0,False,North,Online,Premium
O001170,C0220,2024-12-31,Home & Kitchen,1,113.14,147.09,61.78,0.0,False,North,Online,Regular
O009945,C1985,2024-05-13,Beauty,1,45.09,45.09,27.96,0.0,False,South,Partner,Premium
O002034,C0391,2024-02-25,Beauty,1,43.01,36.56,22.67,3.66,False,Central,App,Premium
O005152,C1024,2024-01-22,Clothing,1,17.26,14.67,8.07,0.0,False,South,Retail,Regular
O005551,C1109,2024-08-04,Electronics,2,461.61,923.22,203.11,138.48,True,North,App,Premium
O004885,C0974,2023-07-21,Beauty,2,35.3,70.59,43.77,10.59,False,South,Online,Regular
O004525,C0911,2023-01-20,Home & Kitchen,1,114.86,97.63,41.0,0.0,False,East,Retail,Regular
O002393,C0468,2024-01-26,Electronics,3,188.91,481.72,105.98,96.34,False,West,App,Premium
O005244,C1039,2023-04-22,Home & Kitchen,1,166.55,166.55,69.95,33.31,False,South,Online,Regular
O000500,C0098,2024-06-26,Home & Kitchen,2,100.64,201.28,84.54,0.0,False,South,Partner,Premium
O010028,C2000,2023-03-09,Home & Kitchen,1,104.62,104.62,43.94,20.92,False,South,App,Occasional
O007666,C1522,2023-05-10,Sports,3,61.7,185.1,70.34,27.76,False,North,App,Premium
O004856,C0965,2024-03-11,Beauty,1,47.83,47.83,29.65,2.39,False,North,Online,Regular
O000375,C0073,2024-08-09,Beauty,1,47.15,47.15,29.23,0.0,False,West,App,Regular
O007400,C1465,2024-04-22,Home & Kitchen,1,67.34,67.34,28.28,13.47,False,West,App,Regular
O005935,C1175,2024-08-18,Home & Kitchen,1,64.59,64.59,27.13,0.0,False,West,App,Regular
O002562,C0507,2024-10-19,Clothing,1,50.98,50.98,28.04,0.0,False,South,Online,Premium
O005202,C1030,2024-09-08,Sports,1,114.29,114.29,43.43,11.43,False,Central,App,Regular
O007475,C1479,2024-10-15,Home & Kitchen,2,66.19,132.38,55.6,0.0,False,South,App,Regular
O007049,C1407,2023-10-28,Beauty,2,5.0,10.0,6.2,0.0,False,West,App,Regular
O004738,C0950,2024-12-31,Clothing,2,25.33,65.87,36.23,0.0,False,North,Partner,Premium
O004351,C0877,2024-06-03,Home & Kitchen,1,86.38,86.38,36.28,0.0,False,Central,Retail,Regular
O006987,C1395,2024-01-23,Beauty,1,73.53,62.5,38.75,12.5,False,North,App,Regular
O004952,C0989,2023-03-13,Home & Kitchen,1,209.18,209.18,87.86,10.46,False,North,App,Regular
O008012,C1589,2023-10-08,Home & Kitchen,1,114.83,114.83,48.23,0.0,False,South,Retail,Regular
O004438,C0892,2024-09-01,Home & Kitchen,1,178.3,178.3,74.89,0.0,False,South,App,Regular
O006525,C1303,2023-12-28,Home & Kitchen,1,64.17,83.42,35.04,0.0,False,South,Partner,Regular
O004201,C0844,2024-06-23,Sports,1,98.95,98.95,37.6,14.84,False,South,App,Regular
O008168,C1630,2023-09-12,Sports,1,91.28,91.28,34.69,0.0,False,East,Retail,Premium
O001547,C0296,2023-01-23,Beauty,1,58.98,50.13,31.08,5.01,False,West,Online,Premium
O002477,C0486,2023-05-13,Sports,1,141.11,141.11,53.62,0.0,False,West,App,Regular
O008320,C1668,2023-05-07,Clothing,1,61.11,61.11,33.61,9.17,False,Central,Online,Regular
O009140,C1838,2024-05-05,Clothing,1,97.44,97.44,53.59,0.0,False,West,App,Regular
O005173,C1027,2023-01-05,Electronics,1,82.83,70.41,15.49,0.0,False,North,Partner,Regular
O007414,C1466,2023-10-07,Clothing,1,38.47,38.47,21.16,0.0,False,East,Online,Premium
O009182,C1844,2023-04-20,Sports,1,59.02,59.02,22.43,8.85,False,Central,Retail,Premium
O000319,C0061,2023-09-06,Home & Kitchen,1,72.74,72.74,30.55,0.0,False,South,Online,Occasional
O002656,C0529,2024-06-04,Home & Kitchen,1,87.59,87.59,36.79,13.14,False,Central,App,Premium
O004531,C0913,2024-08-16,Sports,1,158.39,158.39,60.19,7.92,False,West,App,Premium
O006045,C1196,2023-10-30,Home & Kitchen,1,5.0,5.0,2.1,0.0,False,East,App,Premium
O008404,C1691,2024-07-25,Clothing,1,60.32,60.32,33.18,12.06,False,North,Partner,Regular
O001193,C0228,2024-12-15,Sports,1,115.05,149.56,56.83,0.0,False,West,Partner,Regular
O004480,C0903,2023-02-11,Clothing,1,117.41,99.8,54.89,9.98,False,East,Online,Regular
O005966,C1180,2024-06-18,Clothing,1,59.57,59.57,32.76,2.98,False,South,App,Premium
O001607,C0308,2023-12-03,Sports,2,96.9,251.95,95.74,0.0,False,West,Retail,Regular
O000089,C0017,2024-01-06,Beauty,1,77.11,65.55,40.64,3.28,False,West,App,Premium
O002007,C0383,2024-01-06,Sports,1,74.46,63.29,24.05,6.33,False,Central,Online,Regular
O000214,C0041,2024-09-03,Clothing,2,56.79,113.59,62.47,22.72,False,East,App,Premium
O008939,C1801,2023-01-07,Beauty,1,33.37,28.36,17.58,0.0,False,East,Online,Regular
O005414,C1085,2024-06-11,Beauty,1,60.21,60.21,37.33,9.03,False,South,Retail,Premium
O003244,C0644,2023-09-14,Clothing,1,9.84,9.84,5.41,1.97,False,North,Online,Regular
O009798,C1957,2024-07-14,Electronics,1,17.93,17.93,3.94,1.79,False,West,App,Regular
O008058,C1600,2024-04-01,Electronics,1,157.57,157.57,34.67,23.64,False,South,Online,Regular
O003589,C0715,2024-03-13,Electronics,2,251.39,502.78,110.61,0.0,False,South,Online,Regular
O009586,C1928,2023-08-31,Sports,1,7.38,7.38,2.8,0.0,False,North,App,Regular
O000666,C0122,2024-01-30,Sports,1,39.02,33.17,12.6,0.0,False,South,Retail,Premium
O009907,C1975,2023-06-02,Beauty,1,49.77,49.77,30.86,7.47,False,East,Online,Regular
O005619,C1119,2023-01-06,Home & Kitchen,3,14.45,36.84,15.47,0.0,False,North,App,Premium
O010021,C1996,2023-10-23,Beauty,1,24.97,24.97,15.48,0.0,False,East,Retail,Premium
O004136,C0831,2024-11-10,Clothing,1,97.65,126.95,69.82,12.7,False,South,Retail,Premium
O009121,C1835,2023-04-05,Sports,1,5.0,5.0,1.9,1.0,False,Central,Online,Regular
O001299,C0243,2023-01-27,Sports,1,147.5,125.37,47.64,0.0,False,West,Online,Premium
O004745,C0950,2024-09-27,Clothing,1,50.91,50.91,28.0,2.55,False,North,Partner,Premium
O007520,C1488,2024-08-25,Electronics,1,423.16,423.16,93.1,0.0,False,West,Retail,Regular
O001827,C0346,2024-10-26,Beauty,1,76.41,76.41,47.37,0.0,False,Central,Online,Premium
O009547,C1922,2023-09-18,Sports,1,5.0,5.0,1.9,0.5,False,North,Online,Regular
O009440,C1893,2023-01-12,Home & Kitchen,1,151.0,128.35,53.91,0.0,False,East,Online,Regular
O004047,C0819,2024-03-15,Clothing,1,82.48,82.48,45.36,8.25,False,West,Retail,Premium
O009275,C1861,2023-10-27,Electronics,1,155.07,155.07,34.12,0.0,False,West,Partner,Regular
O004026,C0814,2024-08-31,Home & Kitchen,1,158.62,158.62,66.62,23.79,False,North,Retail,Regular
O000077,C0014,2024-10-16,Clothing,1,117.24,117.24,64.48,23.45,False,South,Online,Regular
O004352,C0877,2023-06-21,Home & Kitchen,1,20.72,20.72,8.7,3.11,False,Central,Retail,Regular
O004603,C0925,2024-07-23,Beauty,2,46.97,93.95,58.25,0.0,False,West,Partner,Premium
O002109,C0405,2024-12-14,Home & Kitchen,1,86.64,112.63,47.3,16.89,False,Central,Online,Premium
O004159,C0835,2023-11-29,Beauty,1,71.07,92.39,57.28,13.86,False,East,Online,Premium
O008754,C1760,2024-05-05,Home & Kitchen,1,7.82,7.82,3.28,0.0,False,Central,Online,Regular
O009273,C1860,2024-01-17,Beauty,2,55.02,93.54,57.99,4.68,False,Central,Online,Regular
O009468,C1900,2023-03-03,Clothing,2,124.01,248.01,136.41,49.6,False,West,Retail,Regular
O005790,C1145,2024-09-18,Sports,2,52.8,105.59,40.12,0.0,True,West,Online,Premium
O002833,C0560,2024-12-17,Clothing,1,42.5,55.25,30.39,5.52,False,Central,Online,Occasional
O004505,C0907,2024-10-01,Home & Kitchen,1,69.98,69.98,29.39,10.5,False,West,Online,Regular
O003905,C0788,2024-05-26,Beauty,1,35.6,35.6,22.07,0.0,False,West,Online,Premium
O007434,C1472,2023-05-15,Home & Kitchen,1,100.9,100.9,42.38,0.0,False,West,Online,Regular
O006868,C1372,2023-12-21,Sports,1,45.21,58.77,22.33,2.94,False,North,App,Regular
O009158,C1841,2024-12-19,Home & Kitchen,2,60.86,158.24,66.46,0.0,False,South,Online,Regular
O001346,C0254,2024-02-11,Beauty,1,40.93,34.79,21.57,3.48,False,West,Online,Occasional
O009002,C1813,2023-01-23,Beauty,1,47.39,40.28,24.97,2.01,False,North,App,Occasional
O007274,C1448,2023-05-25,Electronics,1,209.34,209.34,46.05,10.47,False,North,App,Premium
O002223,C0429,2023-04-14,Home & Kitchen,1,91.9,91.9,38.6,0.0,False,North,App,Regular
O001823,C0346,2023-12-06,Clothing,1,47.98,62.37,34.3,0.0,False,Central,Online,Premium
O003483,C0696,2024-05-30,Clothing,1,5.0,5.0,2.75,0.75,False,South,Online,Regular
O004718,C0941,2023-03-09,Sports,1,133.09,133.09,50.57,0.0,False,South,App,Regular
O007389,C1464,2023-10-12,Electronics,1,224.54,224.54,49.4,33.68,False,East,App,Premium
O003991,C0805,2023-01-09,Clothing,1,57.52,48.89,26.89,2.44,False,Central,Retail,Regular
O007169,C1427,2023-09-11,Clothing,1,96.42,96.42,53.03,14.46,False,South,Online,Regular
O002744,C0546,2024-09-18,Home & Kitchen,1,63.61,63.61,26.72,9.54,False,West,Online,Occasional
O008219,C1640,2023-05-27,Sports,1,106.11,106.11,40.32,0.0,False,East,App,Regular
O009824,C1960,2023-12-03,Clothing,1,75.66,98.36,54.1,9.84,False,East,Online,Regular
O001367,C0259,2023-10-10,Beauty,1,50.38,50.38,31.24,2.52,False,Central,Retail,Premium
O004111,C0825,2023-11-17,Home & Kitchen,1,21.66,28.16,11.83,1.41,False,North,Online,Premium
O005166,C1026,2023-11-10,Beauty,1,51.85,67.4,41.79,3.37,False,Central,App,Regular
O005701,C1129,2023-12-26,Beauty,2,42.78,111.24,68.97,16.69,False,South,App,Regular
O009197,C1846,2023-12-08,Sports,2,111.16,289.02,109.83,0.0,True,North,App,Premium
O004792,C0957,2024-07-22,Home & Kitchen,1,231.31,231.31,97.15,0.0,False,North,Online,Premium
O007941,C1574,2023-03-27,Home & Kitchen,1,54.74,54.74,22.99,2.74,False,East,App,Regular
O003214,C0635,2024-09-11,Electronics,1,402.07,402.07,88.46,0.0,False,South,Online,Premium
O007439,C1474,2023-11-18,Sports,1,144.32,187.61,71.29,0.0,True,Central,Online,Regular
O006372,C1269,2023-11-17,Sports,1,162.29,210.98,80.17,10.55,False,East,Online,Occasional
O001786,C0340,2024-03-29,Sports,1,107.16,107.16,40.72,21.43,False,West,Online,Premium
O004326,C0871,2023-02-18,Beauty,1,23.11,19.64,12.18,0.0,False,South,Online,Regular
O007209,C1434,2024-06-15,Beauty,1,17.73,17.73,10.99,0.0,False,East,Online,Regular
O005802,C1145,2024-09-10,Home & Kitchen,2,211.39,422.78,177.57,42.28,True,West,Online,Premium
O008662,C1745,2024-12-07,Electronics,2,111.23,289.21,63.63,0.0,False,Central,Online,Premium
O000366,C0072,2024-02-15,Clothing,1,92.61,78.72,43.3,11.81,False,West,Online,Regular
O008056,C1600,2023-11-18,Beauty,1,21.84,28.4,17.61,5.68,False,South,Online,Regular
O005794,C1145,2023-12-31,Electronics,2,66.29,172.35,37.92,0.0,False,West,Online,Premium
O009111,C1834,2023-10-17,Home & Kitchen,1,130.05,130.05,54.62,0.0,False,East,Online,Regular
O000395,C0079,2024-11-11,Home & Kitchen,1,100.96,131.25,55.12,26.25,False,South,Online,Regular
O002896,C0569,2023-06-09,Clothing,2,5.0,10.0,5.5,1.5,False,South,Online,Premium
O007484,C1481,2023-05-24,Clothing,1,16.54,16.54,9.1,1.65,False,Central,App,Regular
O006668,C1329,2023-05-30,Sports,1,83.06,83.06,31.56,12.46,False,West,App,Regular
O006593,C1315,2024-03-22,Sports,1,13.24,13.24,5.03,1.99,False,South,Online,Regular
O002950,C0577,2023-11-16,Electronics,1,347.33,451.52,99.33,0.0,False,North,Online,Regular
O005484,C1096,2024-07-05,Clothing,1,31.92,31.92,17.56,3.19,False,East,Retail,Premium
O004790,C0957,2023-01-11,Clothing,1,85.05,72.29,39.76,0.0,False,North,Online,Premium
O001757,C0335,2023-04-20,Sports,3,79.93,239.79,91.12,0.0,True,East,Online,Regular
O008739,C1757,2024-08-03,Beauty,1,70.91,70.91,43.96,0.0,False,East,Online,Regular
O002721,C0543,2024-12-05,Beauty,1,14.76,19.19,11.9,3.84,False,South,App,Premium
O005705,C1129,2023-01-01,Electronics,1,122.24,103.9,22.86,0.0,False,South,App,Regular
O006161,C1214,2023-12-10,Clothing,1,50.45,65.59,36.07,0.0,False,East,Retail,Premium
O009380,C1882,2024-12-14,Electronics,1,374.65,487.04,107.15,48.7,False,South,App,Occasional
O009148,C1839,2024-06-06,Beauty,1,48.66,48.66,30.17,9.73,False,North,Online,Premium
O009885,C1971,2024-09-19,Clothing,1,62.72,62.72,34.5,0.0,False,North,Online,Regular
O004182,C0840,2024-09-09,Home & Kitchen,2,82.05,164.1,68.92,0.0,False,East,Retail,Regular
O004214,C0848,2023-04-21,Clothing,1,33.59,33.59,18.47,3.36,False,East,Retail,Premium
O006812,C1361,2023-02-12,Sports,1,267.79,227.62,86.5,0.0,False,West,Online,Regular
O007757,C1538,2023-07-02,Sports,1,5.0,5.0,1.9,1.0,False,East,Online,Regular
O001288,C0241,2023-11-01,Clothing,1,119.24,155.02,85.26,0.0,False,West,Online,Occasional
O003857,C0776,2023-01-21,Electronics,1,372.33,316.48,69.63,31.65,False,South,App,Premium
O005585,C1113,2024-03-11,Electronics,1,5.0,5.0,1.1,0.75,True,East,App,Regular
O008845,C1777,2023-01-21,Clothing,2,114.3,194.31,106.87,19.43,False,West,Online,Premium
O004609,C0926,2024-12-25,Clothing,1,27.46,35.7,19.64,1.78,False,South,Retail,Premium
O000200,C0039,2023-09-12,Beauty,2,47.44,94.87,58.82,18.97,False,West,App,Regular
O007689,C1526,2023-07-16,Sports,1,147.95,147.95,56.22,14.8,False,East,Online,Premium
O000727,C0134,2024-07-03,Clothing,1,111.75,111.75,61.46,11.18,False,South,App,Occasional
O002225,C0429,2023-09-23,Home & Kitchen,1,148.22,148.22,62.25,0.0,False,North,App,Regular
O009963,C1988,2024-06-01,Clothing,1,147.87,147.87,81.33,0.0,False,East,Partner,Premium
O007242,C1442,2023-11-16,Electronics,1,63.07,81.99,18.04,16.4,False,North,Retail,Regular
O004403,C0887,2024-10-01,Sports,1,92.24,92.24,35.05,18.45,False,Central,Online,Premium
O003023,C0595,2024-12-11,Electronics,2,355.67,924.74,203.44,92.47,False,North,App,Regular
O002175,C0416,2023-11-20,Electronics,3,243.99,951.58,209.35,47.58,False,North,App,Occasional
O005922,C1174,2024-01-05,Electronics,2,424.44,721.55,158.74,144.31,False,West,Retail,Premium
O000205,C0041,2024-06-11,Beauty,1,65.32,65.32,40.5,3.27,False,East,App,Premium
O003490,C0698,2024-12-27,Clothing,1,22.86,29.72,16.35,2.97,False,West,Partner,Premium
O003309,C0655,2024-09-17,Beauty,1,100.72,100.72,62.45,0.0,False,East,Online,Regular
O007818,C1549,2023-06-13,Sports,2,116.4,232.81,88.47,0.0,False,South,Partner,Premium
O002740,C0545,2024-03-13,Sports,1,114.08,114.08,43.35,5.7,False,East,Partner,Regular
O004181,C0840,2023-11-14,Sports,2,178.82,464.94,176.68,69.74,False,East,Retail,Regular
O009841,C1967,2024-11-09,Sports,1,72.59,94.37,35.86,0.0,False,South,App,Premium
O004953,C0989,2023-02-28,Clothing,1,29.55,25.11,13.81,0.0,False,North,App,Regular
O001313,C0246,2024-04-21,Sports,1,155.52,155.52,59.1,0.0,False,South,Online,Regular
O003727,C0751,2024-06-01,Electronics,2,426.64,853.27,187.72,85.33,False,Central,App,Regular
O005261,C1043,2023-09-30,Clothing,1,52.74,52.74,29.01,2.64,False,East,Online,Regular
O003357,C0665,2024-06-26,Home & Kitchen,1,105.21,105.21,44.19,0.0,False,West,Partner,Regular
O006436,C1285,2024-09-27,Home & Kitchen,1,84.88,84.88,35.65,8.49,False,East,Online,Premium
O002304,C0452,2023-01-27,Clothing,1,5.0,4.25,2.34,0.85,False,West,Online,Regular
O004829,C0961,2023-09-11,Clothing,2,116.35,232.7,127.98,0.0,False,North,App,Premium
O008441,C1701,2023-12-29,Clothing,2,101.15,262.99,144.64,13.15,False,West,Retail,Regular
O000702,C0129,2024-01-21,Beauty,2,34.69,58.97,36.56,0.0,False,Central,App,Regular
O009506,C1911,2024-05-16,Clothing,2,83.42,166.84,91.76,0.0,False,South,Online,Occasional
O009689,C1941,2023-09-09,Home & Kitchen,1,6.98,6.98,2.93,1.4,False,West,Online,Regular
O008025,C1591,2023-06-14,Electronics,1,260.19,260.19,57.24,0.0,False,Central,App,Premium
O007560,C1498,2024-11-05,Clothing,1,124.21,161.47,88.81,0.0,False,North,Online,Regular
O001652,C0315,2024-10-20,Home & Kitchen,1,44.54,44.54,18.71,0.0,False,Central,Partner,Regular
O008106,C1618,2023-11-27,Sports,2,70.41,183.06,69.56,9.15,False,East,Retail,Regular
O003699,C0744,2023-11-11,Electronics,2,236.2,614.13,135.11,0.0,False,North,Online,Regular
O005518,C1103,2024-06-28,Home & Kitchen,1,104.47,104.47,43.88,0.0,False,North,Retail,Occasional
O007111,C1417,2024-12-24,Electronics,2,365.85,951.2,209.26,190.24,False,Central,App,Premium
O001884,C0358,2024-04-30,Electronics,1,229.15,229.15,50.41,0.0,False,South,Online,Occasional
O006998,C1397,2024-06-24,Beauty,1,20.0,20.0,12.4,4.0,False,West,Online,Premium
O008454,C1704,2023-09-09,Electronics,1,5.0,5.0,1.1,0.0,False,South,Online,Regular
O006526,C1303,2024-12-28,Beauty,1,43.15,56.1,34.78,0.0,False,South,Partner,Regular
O002029,C0390,2023-10-18,Sports,1,96.47,96.47,36.66,0.0,False,North,Online,Occasional
O002363,C0464,2023-07-12,Clothing,2,31.13,62.26,34.24,12.45,True,North,Retail,Premium
O000128,C0026,2024-01-05,Clothing,2,5.0,8.5,4.68,0.85,False,South,Online,Occasional
O007573,C1500,2024-12-04,Sports,2,170.85,444.22,168.8,22.21,False,North,Online,Regular
O005475,C1096,2023-01-01,Sports,2,48.65,82.7,31.43,0.0,False,East,Retail,Premium
O003815,C0771,2023-02-02,Electronics,1,97.7,83.05,18.27,4.15,True,West,Partner,Regular
O002142,C0412,2023-07-25,Home & Kitchen,2,25.57,51.15,21.48,5.12,False,East,App,Premium
O003818,C0772,2024-01-21,Clothing,1,100.25,85.21,46.87,4.26,False,North,Retail,Regular
O009902,C1973,2024-02-15,Sports,2,73.28,124.58,47.34,6.23,False,East,Online,Regular
O000019,C0004,2023-03-29,Beauty,2,62.8,125.6,77.87,12.56,False,North,Online,Regular
O005581,C1113,2023-05-08,Sports,1,94.13,94.13,35.77,4.71,True,East,App,Regular
O002234,C0431,2024-02-15,Beauty,1,54.29,46.15,28.61,0.0,True,West,App,Occasional
O008024,C1591,2023-03-18,Clothing,1,26.68,26.68,14.67,0.0,False,Central,App,Premium
O009744,C1947,2024-04-21,Clothing,1,85.23,85.23,46.88,0.0,False,West,Online,Premium
O005943,C1176,2024-03-02,Clothing,1,46.48,46.48,25.56,0.0,False,North,Online,Regular
O005245,C1039,2024-10-13,Home & Kitchen,1,56.12,56.12,23.57,0.0,False,South,Online,Regular
O001835,C0347,2023-04-27,Clothing,1,35.04,35.04,19.27,1.75,False,West,Retail,Regular
O004739,C0950,2024-08-30,Sports,1,97.06,97.06,36.88,19.41,False,North,Partner,Premium
O007372,C1460,2023-03-21,Sports,1,198.35,198.35,75.37,0.0,False,North,App,Regular
O002783,C0552,2023-04-27,Sports,1,151.59,151.59,57.6,22.74,False,West,Partner,Premium
O006208,C1226,2023-09-05,Home & Kitchen,1,160.71,160.71,67.5,16.07,False,East,Retail,Premium
O004061,C0822,2023-07-31,Sports,2,52.33,104.66,39.77,10.47,False,Central,App,Premium
O002600,C0517,2024-10-29,Beauty,1,48.32,48.32,29.96,4.83,False,East,App,Premium
O006732,C1342,2024-03-06,Sports,1,140.86,140.86,53.53,0.0,False,North,Online,Regular
O003322,C0660,2023-08-07,Sports,1,88.32,88.32,33.56,17.66,False,North,Online,Premium
O007674,C1524,2023-03-20,Electronics,2,206.58,413.17,90.9,0.0,False,East,Online,Regular
O004519,C0910,2024-07-26,Clothing,1,98.61,98.61,54.24,0.0,True,Central,Partner,Regular
O002597,C0517,2023-05-19,Home & Kitchen,1,140.16,140.16,58.87,7.01,False,East,App,Premium
O008972,C1808,2024-08-05,Electronics,1,536.95,536.95,118.13,0.0,False,South,Online,Regular
O000393,C0079,2024-07-16,Clothing,1,70.03,70.03,38.52,3.5,True,South,Online,Regular
O000901,C0164,2023-08-05,Sports,1,197.25,197.25,74.96,9.86,False,North,Partner,Premium
O001892,C0360,2023-01-12,Beauty,1,35.6,30.26,18.76,3.03,False,South,App,Regular
O009122,C1835,2024-01-04,Sports,1,83.35,70.85,26.92,0.0,False,Central,Online,Regular
O000625,C0113,2023-05-24,Electronics,1,275.37,275.37,60.58,55.07,False,East,Partner,Premium
O006907,C1382,2024-02-02,Home & Kitchen,2,118.37,201.23,84.52,30.18,False,West,App,Regular
O008250,C1647,2024-04-09,Electronics,1,458.08,458.08,100.78,45.81,False,West,Partner,Regular
O000450,C0088,2024-07-11,Home & Kitchen,1,46.74,46.74,19.63,2.34,True,Central,Partner,Regular
O001885,C0359,2024-06-30,Home & Kitchen,2,69.4,138.79,58.29,0.0,False,South,Retail,Regular
O004958,C0991,2023-05-13,Clothing,2,70.32,140.63,77.35,14.06,False,South,Retail,Occasional
O007675,C1524,2024-01-17,Electronics,1,318.1,270.39,59.49,0.0,False,East,Online,Regular
O009930,C1980,2023-09-16,Electronics,2,458.57,917.15,201.77,45.86,True,Central,Online,Regular
O009459,C1895,2024-06-06,Electronics,1,412.01,412.01,90.64,0.0,False,West,Online,Occasional
O006793,C1356,2023-09-27,Sports,1,5.0,5.0,1.9,0.75,False,West,Online,Regular
O001380,C0262,2024-12-13,Clothing,1,5.0,6.5,3.58,0.98,False,South,App,Regular
O006173,C1216,2023-04-17,Electronics,1,5.0,5.0,1.1,0.0,False,West,Partner,Occasional
O008712,C1752,2023-07-25,Home & Kitchen,1,61.61,61.61,25.88,9.24,False,Central,Online,Regular
O005188,C1029,2024-10-12,Beauty,1,59.87,59.87,37.12,8.98,False,East,Online,Premium
O004597,C0925,2023-02-16,Electronics,1,498.62,423.83,93.24,0.0,False,West,Partner,Premium
O008239,C1644,2023-07-22,Sports,1,173.66,173.66,65.99,0.0,False,South,Online,Premium
O006151,C1212,2024-01-08,Electronics,1,5.0,4.25,0.94,0.0,False,North,Online,Occasional
O006129,C1207,2024-11-14,Beauty,2,78.05,202.93,125.82,20.29,False,Central,App,Regular
O001871,C0353,2023-01-07,Home & Kitchen,3,72.1,183.86,77.22,27.58,False,East,Online,Regular
O000948,C0180,2024-07-30,Beauty,1,41.0,41.0,25.42,0.0,False,South,Retail,Occasional
O002015,C0389,2024-10-24,Clothing,2,78.67,157.34,86.54,31.47,False,West,Retail,Premium
O007106,C1416,2024-08-07,Clothing,1,117.49,117.49,64.62,5.87,True,West,Online,Regular
O001504,C0287,2023-07-25,Home & Kitchen,1,94.58,94.58,39.72,0.0,False,West,App,Premium
O009618,C1931,2024-03-23,Beauty,1,58.89,58.89,36.51,11.78,False,East,Online,Premium
O004007,C0809,2023-09-25,Electronics,2,564.95,1129.9,248.58,112.99,False,North,App,Regular
O000583,C0108,2023-06-02,Sports,1,5.0,5.0,1.9,0.0,True,North,App,Occasional
O009456,C1894,2024-10-04,Electronics,2,808.32,1616.63,355.66,161.66,False,North,Online,Premium
O005918,C1174,2023-01-18,Beauty,1,72.0,61.2,37.94,0.0,False,West,Retail,Premium
O005239,C1037,2023-07-25,Clothing,2,57.66,115.33,63.43,0.0,False,South,Online,Premium
O001385,C0263,2023-11-25,Clothing,1,85.58,111.26,61.19,0.0,False,Central,Online,Premium
O003821,C0772,2024-07-24,Beauty,1,26.79,26.79,16.61,4.02,False,North,Retail,Regular
O007657,C1522,2024-03-03,Home & Kitchen,2,19.76,39.53,16.6,0.0,False,North,App,Premium
O008813,C1771,2024-10-05,Sports,1,146.1,146.1,55.52,0.0,False,North,Retail,Regular
O002071,C0400,2024-05-03,Sports,1,101.89,101.89,38.72,20.38,False,South,Online,Regular
O004114,C0826,2023-06-04,Home & Kitchen,3,100.15,300.44,126.18,30.04,False,South,Online,Regular
O009198,C1846,2024-05-26,Home & Kitchen,1,139.12,139.12,58.43,20.87,False,North,App,Premium
O001735,C0331,2024-06-08,Sports,1,85.36,85.36,32.44,0.0,False,West,App,Premium
O007201,C1433,2024-09-11,Sports,2,74.22,148.44,56.41,14.84,False,Central,Online,Regular
O007156,C1423,2023-12-24,Clothing,1,34.46,44.79,24.63,2.24,False,East,Online,Regular
O008393,C1689,2023-10-27,Clothing,1,29.69,29.69,16.33,1.48,False,North,Retail,Regular
O000229,C0042,2024-07-17,Home & Kitchen,1,121.13,121.13,50.87,0.0,False,East,Online,Premium
O004379,C0883,2023-01-31,Clothing,1,123.32,104.82,57.65,5.24,False,West,App,Regular
O007599,C1507,2023-07-12,Electronics,1,367.59,367.59,80.87,0.0,False,East,Partner,Occasional
O003967,C0798,2024-08-26,Home & Kitchen,1,97.69,97.69,41.03,0.0,False,Central,Online,Premium
O006221,C1229,2023-05-10,Beauty,1,26.8,26.8,16.62,2.68,False,South,Partner,Premium
O004185,C0840,2024-01-12,Beauty,1,54.41,46.24,28.67,4.62,False,East,Retail,Regular
O007419,C1467,2023-09-17,Beauty,1,34.98,34.98,21.69,0.0,False,West,Retail,Regular
O007856,C1556,2024-03-31,Home & Kitchen,1,64.9,64.9,27.26,0.0,False,West,Online,Regular
O008425,C1696,2023-06-13,Home & Kitchen,1,36.66,36.66,15.4,0.0,False,North,Online,Regular
O004693,C0937,2023-06-18,Home & Kitchen,1,140.52,140.52,59.02,0.0,True,South,Online,Premium
O006215,C1228,2024-02-04,Clothing,1,61.14,51.97,28.58,7.8,False,East,Online,Regular
O006065,C1199,2024-06-02,Home & Kitchen,1,55.53,55.53,23.32,2.78,False,West,App,Regular
O008848,C1777,2024-08-21,Sports,1,205.92,205.92,78.25,20.59,False,West,Online,Premium
O001343,C0253,2023-11-24,Electronics,2,150.22,390.56,85.92,58.58,False,West,Online,Regular
O002024,C0389,2023-09-22,Sports,1,54.58,54.58,20.74,0.0,False,West,Retail,Premium
O000932,C0176,2023-08-20,Clothing,2,56.21,112.43,61.84,11.24,False,West,Online,Occasional
O002687,C0536,2023-11-16,Home & Kitchen,1,145.79,189.53,79.6,18.95,False,West,Online,Regular
O008803,C1767,2024-11-27,Home & Kitchen,2,40.52,105.36,44.25,10.54,True,West,App,Regular
O003874,C0780,2023-06-20,Beauty,1,5.0,5.0,3.1,0.5,True,West,Retail,Regular
O005364,C1069,2024-09-05,Sports,2,126.4,252.79,96.06,0.0,False,South,Online,Regular
O006958,C1389,2023-01-17,Beauty,1,31.35,26.65,16.52,4.0,False,Central,Online,Premium
O009190,C1846,2024-10-25,Beauty,2,16.78,33.56,20.81,5.03,True,North,App,Premium
O008388,C1687,2024-03-18,Sports,1,86.19,86.19,32.75,12.93,False,Central,App,Regular
O003110,C0612,2024-05-08,Electronics,1,377.2,377.2,82.98,56.58,False,North,App,Regular
O007224,C1438,2023-11-05,Clothing,1,43.53,56.59,31.12,0.0,False,West,Retail,Occasional
O008713,C1752,2023-02-27,Home & Kitchen,1,117.31,99.72,41.88,4.99,False,Central,Online,Regular
O004368,C0881,2023-06-25,Beauty,1,20.07,20.07,12.44,0.0,False,South,App,Regular
O007792,C1545,2023-09-13,Beauty,1,38.66,38.66,23.97,0.0,False,Central,App,Occasional
O001266,C0239,2023-06-16,Electronics,2,287.47,574.94,126.49,28.75,False,East,Partner,Regular
O001683,C0323,2023-08-17,Sports,1,121.07,121.07,46.01,24.21,False,South,Partner,Regular
O007741,C1537,2024-11-21,Electronics,1,196.54,255.5,56.21,12.78,False,East,Online,Premium
O006245,C1235,2023-02-22,Clothing,1,63.2,53.72,29.55,0.0,False,North,Partner,Regular
O001586,C0305,2023-08-29,Sports,1,167.41,167.41,63.62,0.0,False,West,Retail,Regular
O000858,C0155,2024-12-28,Electronics,1,519.17,674.93,148.48,67.49,False,South,Online,Regular
O002920,C0571,2023-02-02,Home & Kitchen,1,108.05,91.85,38.58,0.0,False,Central,Online,Premium
O000649,C0120,2024-10-11,Electronics,1,510.53,510.53,112.32,0.0,False,Central,Retail,Regular
O003144,C0621,2023-05-16,Sports,1,52.48,52.48,19.94,5.25,True,South,Partner,Premium
O009665,C1938,2023-06-02,Clothing,1,72.56,72.56,39.91,0.0,False,South,Partner,Premium
O007080,C1410,2023-11-23,Clothing,1,59.38,77.19,42.45,15.44,False,West,Online,Premium
O001001,C0192,2024-06-07,Sports,1,161.39,161.39,61.33,0.0,True,West,Online,Regular
O004255,C0858,2023-05-09,Clothing,1,67.4,67.4,37.07,0.0,False,North,Online,Regular
O008948,C1803,2023-08-22,Clothing,1,99.59,99.59,54.77,0.0,False,Central,Online,Premium
O000860,C0156,2023-06-19,Clothing,1,5.0,5.0,2.75,0.5,False,North,App,Occasional
O002863,C0565,2024-06-16,Sports,2,83.02,166.04,63.1,24.91,False,South,App,Regular
O004410,C0888,2024-07-04,Clothing,2,77.09,154.17,84.79,0.0,False,East,App,Premium
O002567,C0508,2023-12-09,Electronics,1,465.96,605.75,133.27,0.0,True,East,App,Regular
O003223,C0637,2024-03-13,Electronics,1,144.97,144.97,31.89,21.75,False,South,App,Premium
O001267,C0239,2023-03-17,Sports,1,116.67,116.67,44.33,23.33,False,East,Partner,Regular
O006254,C1237,2023-04-06,Home & Kitchen,2,61.16,122.31,51.37,0.0,False,North,Online,Regular
O001249,C0235,2024-10-16,Clothing,1,24.47,24.47,13.46,3.67,False,East,Retail,Regular
O005678,C1124,2023-04-16,Beauty,1,35.84,35.84,22.22,5.38,False,Central,Online,Premium
O002486,C0490,2024-08-27,Electronics,1,448.76,448.76,98.73,0.0,False,East,Partner,Premium
O004654,C0932,2023-10-12,Clothing,2,64.95,129.91,71.45,12.99,False,West,Retail,Regular
O002527,C0496,2023-09-04,Beauty,1,31.13,31.13,19.3,3.11,False,Central,Partner,Regular
O002861,C0564,2023-05-13,Clothing,1,87.78,87.78,48.28,8.78,False,West,App,Premium
O002802,C0555,2023-05-01,Electronics,1,623.11,623.11,137.08,0.0,False,East,App,Regular
O006322,C1252,2023-07-04,Clothing,1,5.0,5.0,2.75,1.0,False,Central,Partner,Regular
O001482,C0278,2023-05-12,Sports,1,149.52,149.52,56.82,22.43,False,West,Online,Regular
O003039,C0599,2024-09-02,Sports,1,136.23,136.23,51.77,27.25,False,North,Online,Regular
O005216,C1031,2024-08-23,Electronics,2,147.95,295.91,65.1,0.0,False,North,App,Premium
O002436,C0474,2024-03-25,Beauty,1,55.16,55.16,34.2,8.27,False,Central,Online,Premium
O004487,C0905,2024-08-26,Clothing,1,29.03,29.03,15.97,1.45,False,South,Online,Premium
O004498,C0905,2024-01-22,Home & Kitchen,1,103.85,88.28,37.08,4.41,False,South,Online,Premium
O008653,C1743,2023-06-09,Sports,1,195.37,195.37,74.24,0.0,False,South,App,Premium
O004447,C0896,2024-01-05,Clothing,1,61.91,52.62,28.94,2.63,False,West,Online,Regular
O003685,C0740,2023-04-30,Electronics,1,8.93,8.93,1.96,1.79,False,Central,Online,Regular
O001191,C0227,2023-08-31,Beauty,1,54.19,54.19,33.6,5.42,True,South,App,Occasional
O008895,C1792,2023-09-25,Beauty,1,23.37,23.37,14.49,2.34,False,East,Online,Premium
O005776,C1143,2023-09-01,Clothing,1,46.71,46.71,25.69,0.0,False,West,Online,Regular
O001322,C0248,2024-07-20,Beauty,1,66.51,66.51,41.24,0.0,False,West,Online,Regular
O008579,C1729,2023-06-21,Clothing,1,116.9,116.9,64.3,0.0,False,Central,App,Regular
O009852,C1967,2024-03-16,Sports,1,146.53,146.53,55.68,29.31,False,South,App,Premium
O001789,C0340,2024-10-25,Clothing,1,133.9,133.9,73.65,0.0,False,West,Online,Premium
O002302,C0452,2023-03-07,Home & Kitchen,1,107.02,107.02,44.95,5.35,False,West,Online,Regular
O005556,C1109,2024-09-15,Sports,1,157.01,157.01,59.66,7.85,False,North,App,Premium
O007827,C1550,2024-09-13,Electronics,1,728.3,728.3,160.23,109.24,False,East,App,Regular
O004238,C0853,2024-11-20,Beauty,2,41.82,108.74,67.42,0.0,False,Central,App,Regular
O009596,C1929,2023-04-08,Home & Kitchen,1,121.55,121.55,51.05,0.0,False,East,App,Premium
O003993,C0806,2023-04-03,Electronics,1,412.36,412.36,90.72,82.47,False,West,Online,Regular
O001904,C0363,2023-08-15,Electronics,1,415.41,415.41,91.39,41.54,True,South,Partner,Regular
O008432,C1698,2024-07-27,Sports,1,5.0,5.0,1.9,0.5,False,South,App,Regular
O009191,C1846,2023-08-24,Beauty,1,26.04,26.04,16.14,2.6,False,North,App,Premium
O001508,C0287,2023-07-04,Clothing,1,9.73,9.73,5.35,1.95,False,West,App,Premium
O005478,C1096,2023-10-28,Home & Kitchen,1,27.74,27.74,11.65,4.16,False,East,Retail,Premium
O004356,C0879,2023-10-27,Beauty,1,39.4,39.4,24.43,5.91,False,South,Online,Regular
O000497,C0097,2024-04-19,Electronics,1,526.31,526.31,115.79,0.0,False,North,Partner,Regular
O000071,C0013,2024-03-12,Clothing,1,5.0,5.0,2.75,0.0,True,North,Online,Premium
O002105,C0404,2023-04-13,Sports,2,216.31,432.62,164.4,0.0,False,West,App,Regular
O005178,C1029,2024-01-18,Electronics,1,287.23,244.14,53.71,12.21,False,East,Online,Premium
O002768,C0550,2024-05-27,Beauty,1,43.67,43.67,27.08,0.0,False,North,Online,Premium
O006292,C1245,2024-10-29,Sports,1,19.54,19.54,7.43,0.0,True,East,App,Regular
O003798,C0766,2023-03-11,Electronics,1,501.58,501.58,110.35,25.08,False,West,Online,Premium
O005330,C1062,2024-10-19,Beauty,1,40.08,40.08,24.85,8.02,False,East,App,Regular
O005340,C1063,2024-01-12,Beauty,1,66.02,56.12,34.79,0.0,False,North,Online,Premium
O004967,C0993,2023-11-14,Electronics,1,431.9,561.47,123.52,56.15,False,Central,Online,Regular
O009915,C1977,2023-12-07,Clothing,2,68.0,176.8,97.24,26.52,True,Central,Online,Regular
O000387,C0077,2024-09-21,Beauty,1,21.03,21.03,13.04,0.0,False,South,App,Regular
O004253,C0857,2024-02-09,Clothing,1,49.19,41.82,23.0,8.36,False,Central,App,Regular
O007042,C1405,2023-03-16,Sports,1,113.47,113.47,43.12,0.0,False,West,Online,Occasional
O001228,C0231,2024-09-20,Clothing,1,87.04,87.04,47.87,17.41,False,North,App,Premium
O002847,C0563,2023-10-09,Beauty,1,9.89,9.89,6.13,0.0,False,South,Online,Occasional
O009973,C1989,2023-01-19,Sports,1,147.8,125.63,47.74,6.28,False,South,Online,Regular
O008595,C1732,2024-11-06,Beauty,1,5.0,6.5,4.03,0.98,False,Central,App,Regular
O003041,C0599,2024-05-21,Electronics,3,215.21,645.62,142.04,96.84,False,North,Online,Regular
O008683,C1747,2023-10-21,Clothing,1,44.25,44.25,24.34,0.0,False,West,Online,Premium
O001257,C0235,2024-01-31,Clothing,1,129.89,110.4,60.72,5.52,False,East,Retail,Regular
O006518,C1301,2023-12-10,Electronics,1,102.47,133.21,29.31,6.66,False,West,Retail,Premium
O003883,C0781,2023-08-20,Home & Kitchen,1,26.12,26.12,10.97,2.61,False,West,App,Premium
O003308,C0655,2023-04-10,Sports,1,57.02,57.02,21.67,2.85,False,East,Online,Regular
O001373,C0260,2023-09-01,Beauty,1,32.62,32.62,20.22,0.0,False,Central,Online,Occasional
O001988,C0379,2023-09-27,Electronics,1,391.06,391.06,86.03,39.11,False,West,Online,Premium
O003742,C0756,2023-12-30,Home & Kitchen,1,131.71,171.22,71.91,8.56,False,North,Retail,Premium
O004224,C0848,2024-11-08,Electronics,1,210.05,273.06,60.07,13.65,False,East,Retail,Premium
O003421,C0681,2024-03-14,Clothing,2,96.26,192.51,105.88,28.88,False,South,Online,Occasional
O005423,C1085,2023-06-26,Home & Kitchen,1,72.66,72.66,30.52,10.9,False,South,Retail,Premium
O003238,C0641,2024-03-17,Sports,1,64.38,64.38,24.46,0.0,False,East,Online,Occasional
O006930,C1385,2023-09-28,Home & Kitchen,1,101.52,101.52,42.64,20.3,False,South,Online,Premium
O005783,C1144,2023-04-29,Beauty,1,41.26,41.26,25.58,0.0,False,West,Online,Regular
O000247,C0046,2023-06-16,Beauty,1,39.17,39.17,24.29,1.96,False,North,Retail,Regular
O005759,C1140,2024-07-29,Sports,1,174.2,174.2,66.2,34.84,False,South,Online,Regular
O009737,C1947,2023-05-24,Sports,1,208.99,208.99,79.42,31.35,False,West,Online,Premium
O009522,C1917,2024-11-16,Sports,1,249.72,324.64,123.36,48.7,False,Central,App,Regular
O008359,C1680,2023-03-27,Clothing,1,71.51,71.51,39.33,0.0,False,East,App,Occasional
O001209,C0229,2023-07-01,Sports,2,169.57,339.14,128.87,67.83,False,South,App,Premium
O002602,C0517,2024-09-22,Beauty,1,42.21,42.21,26.17,6.33,False,East,App,Premium
O007976,C1583,2024-10-15,Electronics,1,170.1,170.1,37.42,25.51,True,North,Online,Occasional
O007906,C1564,2024-06-20,Electronics,1,506.19,506.19,111.36,0.0,True,North,Online,Regular
O004109,C0825,2024-09-19,Sports,1,31.3,31.3,11.89,6.26,False,North,Online,Premium
O007411,C1466,2023-04-07,Sports,1,70.81,70.81,26.91,0.0,False,East,Online,Premium
O007257,C1445,2024-01-27,Clothing,1,5.0,4.25,2.34,0.0,True,West,Online,Premium
O007940,C1574,2023-04-30,Electronics,1,444.71,444.71,97.84,22.24,False,East,App,Regular
O001148,C0218,2024-08-10,Electronics,2,271.55,543.11,119.48,27.16,False,South,App,Premium
O004937,C0984,2024-01-31,Beauty,2,45.4,77.18,47.85,0.0,False,East,App,Regular
O007240,C1442,2024-02-05,Sports,2,5.0,8.5,3.23,0.0,False,North,Retail,Regular
O002895,C0569,2023-05-20,Home & Kitchen,1,5.72,5.72,2.4,0.29,False,South,Online,Premium
O003047,C0600,2023-05-31,Home & Kitchen,2,165.7,331.4,139.19,49.71,False,West,Partner,Premium
O008326,C1669,2024-10-14,Beauty,1,32.68,32.68,20.26,0.0,False,North,App,Regular
O002076,C0401,2023-07-13,Beauty,1,31.13,31.13,19.3,0.0,False,North,Partner,Premium
O000723,C0132,2024-06-02,Home & Kitchen,1,127.71,127.71,53.64,25.54,False,South,App,Premium
O004797,C0958,2023-01-31,Electronics,1,307.81,261.64,57.56,0.0,False,West,Online,Premium
O006296,C1246,2023-07-17,Home & Kitchen,1,180.47,180.47,75.8,0.0,False,Central,Retail,Regular
O001526,C0290,2024-06-27,Electronics,1,551.07,551.07,121.24,0.0,False,Central,Online,Regular
O000596,C0109,2024-02-20,Sports,2,135.6,230.52,87.6,11.53,False,North,Online,Premium
O001520,C0289,2024-02-18,Clothing,1,33.35,28.34,15.59,1.42,False,West,Online,Regular
O003666,C0735,2024-12-05,Sports,1,218.71,284.33,108.05,0.0,False,West,App,Occasional
O000197,C0039,2023-04-10,Sports,1,101.34,101.34,38.51,0.0,False,West,App,Regular
O006524,C1302,2023-01-14,Beauty,1,47.72,40.57,25.15,8.11,True,West,Online,Occasional
O003511,C0702,2024-03-30,Beauty,1,32.62,32.62,20.22,4.89,False,North,Retail,Regular
O000415,C0084,2023-05-16,Beauty,2,20.04,40.08,24.85,4.01,False,East,Retail,Regular
O001664,C0319,2024-04-15,Clothing,1,81.44,81.44,44.79,4.07,False,West,App,Regular
O005768,C1141,2024-05-30,Clothing,1,73.19,73.19,40.25,10.98,False,North,Online,Regular
O009632,C1935,2023-10-08,Electronics,2,524.82,1049.65,230.92,0.0,True,West,Online,Regular
O003513,C0702,2023-10-26,Sports,2,139.93,279.86,106.35,0.0,False,North,Retail,Regular
O008833,C1774,2024-02-24,Beauty,1,5.46,4.64,2.88,0.0,False,North,App,Regular
O000137,C0030,2024-02-24,Clothing,1,62.09,52.78,29.03,10.56,False,South,Online,Premium
O005264,C1044,2024-03-15,Electronics,1,172.56,172.56,37.96,0.0,False,Central,Online,Regular
O000005,C0002,2023-02-18,Sports,1,74.57,63.38,24.08,0.0,False,North,Retail,Regular
O000107,C0020,2024-09-18,Beauty,1,56.6,56.6,35.09,0.0,False,South,Online,Premium
O003524,C0705,2024-04-13,Home & Kitchen,2,83.5,167.0,70.14,0.0,False,North,App,Occasional
O000453,C0088,2024-04-16,Electronics,1,523.86,523.86,115.25,0.0,False,Central,Partner,Regular
O006528,C1303,2024-11-10,Home & Kitchen,1,104.26,135.53,56.92,27.11,False,South,Partner,Regular
O000949,C0180,2024-09-16,Sports,1,199.07,199.07,75.65,29.86,False,South,Retail,Occasional
O009953,C1985,2023-01-10,Sports,2,5.0,8.5,3.23,1.27,True,South,Partner,Premium
O009967,C1988,2023-07-21,Home & Kitchen,1,88.81,88.81,37.3,4.44,False,East,Partner,Premium
O002245,C0437,2023-06-03,Electronics,1,453.72,453.72,99.82,22.69,False,East,Retail,Occasional
O000110,C0023,2023-05-19,Electronics,2,563.55,1127.1,247.96,225.42,False,East,Online,Regular
O008622,C1737,2024-08-24,Electronics,1,572.79,572.79,126.01,85.92,False,East,Online,Regular
O008533,C1718,2024-02-22,Beauty,1,59.12,50.25,31.16,2.51,False,East,App,Regular
O005083,C1009,2024-07-03,Sports,1,5.0,5.0,1.9,1.0,False,Central,Partner,Premium
O002623,C0523,2023-03-29,Clothing,1,106.78,106.78,58.73,0.0,False,South,Online,Premium
O001634,C0312,2023-09-25,Beauty,2,54.13,108.26,67.12,16.24,True,South,Online,Premium
O007639,C1518,2023-06-03,Sports,1,212.34,212.34,80.69,0.0,False,East,Online,Premium
O009954,C1986,2024-01-05,Clothing,2,85.32,145.05,79.78,21.76,True,West,Retail,Occasional
O003349,C0663,2023-02-08,Sports,1,149.49,127.06,48.28,12.71,False,South,Online,Premium
O001237,C0232,2024-08-04,Sports,1,134.56,134.56,51.13,0.0,False,West,Online,Regular
O006555,C1309,2024-03-19,Sports,1,150.29,150.29,57.11,30.06,False,Central,Partner,Occasional
O000822,C0149,2023-02-24,Beauty,1,73.12,62.15,38.53,12.43,False,Central,App,Premium
O004469,C0902,2024-12-22,Clothing,1,16.56,21.53,11.84,2.15,False,West,Partner,Premium
O001306,C0245,2023-09-29,Electronics,2,508.71,1017.42,223.83,0.0,False,West,Retail,Regular
O003106,C0612,2023-02-04,Clothing,1,98.74,83.93,46.16,0.0,False,North,App,Regular
O001412,C0266,2024-01-17,Sports,1,109.95,93.46,35.51,4.67,False,South,Online,Regular
O006206,C1226,2023-12-10,Beauty,2,21.52,55.96,34.7,0.0,False,East,Retail,Premium
O002246,C0438,2023-01-10,Home & Kitchen,1,43.83,37.26,15.65,0.0,False,West,App,Occasional
O006492,C1297,2024-05-03,Home & Kitchen,1,136.06,136.06,57.15,20.41,False,East,App,Regular
O007031,C1404,2024-05-21,Home & Kitchen,1,73.77,73.77,30.98,11.07,False,North,Online,Premium
O001493,C0284,2023-05-01,Home & Kitchen,1,86.35,86.35,36.27,4.32,False,East,Retail,Regular
O002284,C0448,2023-06-15,Electronics,1,5.0,5.0,1.1,0.0,False,West,Online,Premium
O002090,C0401,2024-09-18,Beauty,1,64.62,64.62,40.06,0.0,False,North,Partner,Premium
O009890,C1972,2024-12-17,Electronics,1,215.19,279.74,61.54,27.97,False,North,Partner,Regular
O004235,C0853,2023-07-11,Home & Kitchen,1,125.27,125.27,52.61,0.0,False,Central,App,Regular
O001898,C0361,2023-03-29,Electronics,1,136.41,136.41,30.01,0.0,False,North,Online,Regular
O006591,C1315,2024-09-03,Sports,1,163.64,163.64,62.18,0.0,False,South,Online,Regular
O003799,C0766,2024-11-25,Electronics,1,418.52,544.07,119.7,0.0,False,West,Online,Premium
O005275,C1048,2023-05-23,Home & Kitchen,1,103.55,103.55,43.49,0.0,False,East,App,Regular
O004673,C0936,2024-10-18,Home & Kitchen,1,134.88,134.88,56.65,20.23,False,East,Retail,Regular
O001471,C0276,2023-07-14,Sports,1,24.51,24.51,9.31,0.0,True,North,Online,Regular
O009589,C1929,2023-08-14,Beauty,3,74.08,222.24,137.79,0.0,False,East,App,Premium
O006573,C1312,2024-03-16,Electronics,1,559.08,559.08,123.0,0.0,False,Central,App,Regular
O007474,C1479,2023-01-11,Sports,1,175.14,148.87,56.57,0.0,False,South,App,Regular
O002536,C0502,2024-06-14,Electronics,1,240.81,240.81,52.98,0.0,False,West,Retail,Regular
O001677,C0322,2024-10-14,Clothing,1,33.21,33.21,18.27,0.0,False,West,Online,Regular
O007860,C1556,2023-02-06,Beauty,1,61.07,51.91,32.18,10.38,False,West,Online,Regular
O005196,C1030,2023-01-29,Electronics,1,631.09,536.43,118.01,80.46,False,Central,App,Regular
O008746,C1759,2024-10-22,Clothing,1,162.3,162.3,89.27,8.12,True,South,Online,Premium
O007003,C1397,2023-10-03,Electronics,1,425.06,425.06,93.51,0.0,False,West,Online,Premium
O009400,C1886,2023-08-17,Beauty,1,62.61,62.61,38.82,0.0,False,North,Online,Premium
O001604,C0307,2023-02-16,Home & Kitchen,1,41.42,35.21,14.79,0.0,False,Central,Online,Premium
O002924,C0573,2023-11-06,Sports,1,130.45,169.58,64.44,0.0,False,South,App,Regular
O006226,C1230,2024-07-20,Electronics,1,302.84,302.84,66.62,0.0,False,East,Partner,Regular
O008927,C1797,2023-08-04,Electronics,2,251.4,502.79,110.61,0.0,True,South,App,Regular
O008243,C1644,2024-02-11,Home & Kitchen,2,17.42,29.62,12.44,0.0,True,South,Online,Premium
O003761,C0758,2024-03-14,Home & Kitchen,1,34.44,34.44,14.46,0.0,False,South,Online,Regular
O006936,C1386,2024-10-15,Sports,1,83.57,83.57,31.76,16.71,False,East,Retail,Regular
O009324,C1871,2023-09-05,Sports,1,176.2,176.2,66.96,35.24,False,East,Retail,Occasional
O007221,C1437,2024-05-28,Sports,2,117.38,234.77,89.21,11.74,False,North,Online,Premium
O002077,C0401,2024-12-27,Home & Kitchen,1,108.34,140.84,59.15,21.13,False,North,Partner,Premium
O008889,C1791,2024-12-14,Electronics,1,608.29,790.78,173.97,39.54,False,West,Online,Regular
O002589,C0517,2023-05-16,Electronics,3,508.01,1524.04,335.29,0.0,False,East,App,Premium
O002512,C0492,2024-10-15,Electronics,1,392.49,392.49,86.35,39.25,False,West,Partner,Regular
O005513,C1102,2023-06-07,Beauty,1,49.25,49.25,30.54,0.0,False,West,App,Premium
O008721,C1754,2024-03-27,Clothing,1,59.83,59.83,32.91,0.0,False,West,Online,Regular
O004486,C0904,2023-05-27,Clothing,1,106.83,106.83,58.76,0.0,False,West,App,Occasional
O008650,C1743,2024-02-04,Home & Kitchen,2,119.73,203.54,85.49,40.71,False,South,App,Premium
O001822,C0346,2024-11-10,Beauty,1,86.41,112.33,69.64,0.0,False,Central,Online,Premium
O000235,C0044,2024-01-10,Beauty,2,55.65,94.6,58.65,18.92,False,South,Online,Premium
O003094,C0611,2023-07-04,Beauty,1,21.18,21.18,13.13,1.06,False,North,App,Regular
O007969,C1582,2023-01-07,Sports,1,23.73,20.17,7.66,0.0,False,Central,Online,Regular
O002994,C0590,2024-10-21,Electronics,1,184.6,184.6,40.61,27.69,False,North,Retail,Occasional
O003474,C0693,2024-07-28,Clothing,1,52.24,52.24,28.73,7.84,False,West,Online,Regular
O004627,C0928,2023-02-01,Electronics,1,174.44,148.27,32.62,29.65,False,North,App,Regular
O006889,C1378,2024-01-27,Sports,2,222.6,378.42,143.8,18.92,False,West,Retail,Regular
O003272,C0649,2024-07-21,Clothing,1,5.0,5.0,2.75,0.0,False,Central,App,Premium
O000880,C0160,2023-09-11,Sports,1,77.95,77.95,29.62,15.59,False,West,Online,Regular
O008118,C1620,2023-04-14,Electronics,1,331.68,331.68,72.97,0.0,False,South,Online,Regular
O003382,C0669,2024-08-16,Sports,1,88.31,88.31,33.56,0.0,True,North,Online,Regular
O007130,C1418,2023-07-14,Sports,1,70.57,70.57,26.82,14.11,True,East,Online,Premium
O001456,C0274,2023-10-11,Beauty,2,51.2,102.39,63.48,0.0,False,West,Online,Premium
O004616,C0927,2024-10-23,Clothing,1,63.62,63.62,34.99,0.0,False,North,App,Premium
O005042,C1004,2024-11-09,Clothing,1,37.98,49.38,27.16,7.41,False,East,Partner,Premium
O003619,C0722,2023-11-06,Clothing,1,76.66,99.66,54.81,19.93,False,East,Retail,Regular
O004021,C0813,2023-04-24,Electronics,3,461.36,1384.08,304.5,0.0,False,West,Retail,Regular
O000259,C0050,2024-12-05,Electronics,1,208.11,270.55,59.52,40.58,False,North,App,Premium
O008499,C1711,2023-10-10,Beauty,2,40.96,81.93,50.8,8.19,False,East,Online,Premium
O002325,C0457,2024-04-12,Beauty,1,55.23,55.23,34.24,8.28,False,South,Retail,Premium
O008737,C1756,2024-07-30,Sports,1,69.92,69.92,26.57,0.0,False,Central,Online,Premium
O002355,C0463,2024-03-08,Clothing,1,97.0,97.0,53.35,14.55,False,South,Online,Regular
O009716,C1945,2024-06-16,Home & Kitchen,2,151.19,302.38,127.0,0.0,False,West,Online,Premium
O004198,C0843,2023-08-18,Sports,1,93.33,93.33,35.47,14.0,False,West,Online,Regular
O007995,C1586,2024-04-30,Home & Kitchen,1,40.83,40.83,17.15,6.12,False,Central,Online,Premium
O003395,C0674,2023-08-10,Home & Kitchen,1,46.88,46.88,19.69,4.69,False,East,Online,Regular
O000925,C0174,2024-12-17,Electronics,3,268.45,1046.95,230.33,209.39,False,South,Retail,Regular
O003552,C0710,2023-05-05,Beauty,1,50.82,50.82,31.51,0.0,False,Central,App,Regular
O002541,C0502,2024-12-07,Clothing,1,79.79,103.73,57.05,20.75,False,West,Retail,Regular
O007605,C1508,2023-10-19,Home & Kitchen,2,132.84,265.68,111.59,0.0,False,North,Online,Regular
O002416,C0473,2023-10-10,Sports,2,5.0,10.0,3.8,1.0,False,East,Online,Premium
O007264,C1445,2023-08-26,Clothing,1,19.94,19.94,10.97,1.0,False,West,Online,Premium
O009139,C1837,2024-12-15,Beauty,1,31.73,41.25,25.58,0.0,False,East,Online,Regular
O009342,C1874,2024-09-26,Electronics,1,543.24,543.24,119.51,54.32,False,Central,Online,Regular
O005983,C1184,2023-04-17,Clothing,1,56.37,56.37,31.0,0.0,False,East,App,Regular
O002324,C0457,2024-08-28,Sports,2,81.99,163.98,62.31,16.4,False,South,Retail,Premium
O007530,C1489,2024-04-23,Home & Kitchen,1,141.07,141.07,59.25,14.11,False,Central,App,Regular
O003961,C0798,2023-08-30,Electronics,1,196.08,196.08,43.14,9.8,False,Central,Online,Premium
O005003,C1000,2023-11-30,Electronics,1,286.7,372.71,82.0,18.64,False,East,Online,Regular
O010011,C1996,2024-10-24,Clothing,1,50.32,50.32,27.68,0.0,False,East,Retail,Premium
O004063,C0822,2023-10-17,Home & Kitchen,1,233.58,233.58,98.1,35.04,True,Central,App,Premium
O004573,C0923,2023-04-14,Sports,1,136.72,136.72,51.95,0.0,False,South,Online,Premium
O001472,C0276,2024-12-31,Electronics,1,475.59,618.27,136.02,0.0,False,North,Online,Regular
O004215,C0848,2024-03-11,Home & Kitchen,2,126.59,253.17,106.33,12.66,False,East,Retail,Premium
O005119,C1017,2024-02-29,Electronics,2,5.0,8.5,1.87,1.27,False,West,Retail,Occasional
O002504,C0491,2023-08-25,Electronics,1,521.54,521.54,114.74,52.15,False,West,Retail,Premium
O005598,C1116,2024-03-08,Beauty,1,23.42,23.42,14.52,1.17,False,East,Partner,Regular
O001469,C0276,2023-02-06,Clothing,1,62.1,52.78,29.03,5.28,False,North,Online,Regular
O001542,C0294,2024-05-16,Clothing,1,147.28,147.28,81.0,0.0,False,North,Online,Regular
O001750,C0334,2024-05-06,Electronics,1,390.22,390.22,85.85,39.02,True,East,Partner,Premium
O001950,C0376,2023-02-01,Beauty,2,58.8,99.96,61.98,19.99,False,West,App,Premium
O005772,C1142,2024-12-26,Sports,1,166.97,217.06,82.48,0.0,False,South,App,Regular
O008434,C1698,2024-09-25,Electronics,1,594.22,594.22,130.73,89.13,False,South,App,Regular
O005458,C1093,2024-10-29,Beauty,1,55.42,55.42,34.36,0.0,False,West,Retail,Regular
O005030,C1002,2024-02-05,Clothing,2,101.5,172.55,94.9,0.0,False,East,App,Premium
O002908,C0571,2023-12-06,Electronics,1,323.13,420.07,92.42,84.01,False,Central,Online,Premium
O005673,C1124,2023-04-28,Home & Kitchen,2,45.76,91.52,38.44,18.3,False,Central,Online,Premium
O003845,C0775,2024-10-02,Sports,1,124.56,124.56,47.33,0.0,False,South,Online,Regular
O008894,C1792,2023-05-16,Electronics,1,260.16,260.16,57.24,0.0,False,East,Online,Premium
O000018,C0003,2024-11-11,Clothing,1,80.11,104.14,57.28,15.62,False,Central,Retail,Premium
O007085,C1413,2024-08-11,Home & Kitchen,1,58.96,58.96,24.76,5.9,False,Central,Retail,Regular
O002526,C0496,2023-11-28,Sports,1,95.04,123.56,46.95,12.36,False,Central,Partner,Regular
O002691,C0536,2023-05-22,Sports,1,51.44,51.44,19.55,5.14,False,West,Online,Regular
O000900,C0164,2023-08-12,Home & Kitchen,1,17.64,17.64,7.41,0.88,False,North,Partner,Premium
O000763,C0141,2023-11-04,Home & Kitchen,2,119.2,309.92,130.17,0.0,False,West,App,Premium
O004284,C0862,2024-07-21,Clothing,1,16.81,16.81,9.25,0.0,False,West,Online,Regular
O003909,C0788,2024-09-21,Home & Kitchen,1,178.01,178.01,74.76,35.6,False,West,Online,Premium
O007603,C1508,2024-10-31,Sports,1,58.58,58.58,22.26,0.0,False,North,Online,Regular
O003786,C0764,2023-12-31,Sports,2,86.05,223.73,85.02,11.19,False,West,Online,Premium
O007397,C1464,2023-12-23,Beauty,1,11.93,15.51,9.62,0.0,False,East,App,Premium
O004396,C0887,2023-11-18,Electronics,2,554.54,1441.81,317.2,0.0,False,Central,Online,Premium
O006633,C1323,2023-10-25,Clothing,1,47.41,47.41,26.08,4.74,False,North,App,Premium
O006652,C1326,2024-09-10,Electronics,1,144.93,144.93,31.88,0.0,False,West,App,Regular
O003435,C0687,2023-03-27,Sports,1,113.82,113.82,43.25,11.38,False,East,App,Premium
O001318,C0248,2023-04-10,Home & Kitchen,1,163.08,163.08,68.49,0.0,False,West,Online,Regular
O003509,C0701,2023-05-16,Beauty,1,34.53,34.53,21.41,1.73,False,West,App,Regular
O007908,C1564,2024-11-11,Home & Kitchen,1,221.84,288.39,121.12,0.0,False,North,Online,Regular
O001339,C0252,2023-03-22,Home & Kitchen,2,137.56,275.13,115.55,41.27,True,North,Online,Regular
O006233,C1232,2024-12-25,Electronics,1,296.54,385.5,84.81,38.55,False,South,Partner,Regular
O006346,C1260,2023-11-24,Electronics,1,221.41,287.84,63.32,0.0,False,West,Online,Occasional
O005856,C1161,2024-03-01,Beauty,1,68.12,68.12,42.23,0.0,False,West,App,Regular
O003611,C0719,2024-02-29,Clothing,1,33.48,28.46,15.65,0.0,False,West,App,Regular
O006301,C1248,2024-08-24,Home & Kitchen,2,64.53,129.07,54.21,0.0,False,South,Partner,Regular
O005897,C1171,2023-11-23,Clothing,3,64.15,250.19,137.6,12.51,False,Central,Online,Premium
O004899,C0979,2024-04-28,Home & Kitchen,3,73.66,220.97,92.81,33.15,False,East,App,Premium
O009475,C1902,2023-08-19,Home & Kitchen,1,5.0,5.0,2.1,0.75,True,West,Online,Regular
O003441,C0687,2023-01-17,Home & Kitchen,1,6.86,5.83,2.45,0.29,False,East,App,Premium
O008686,C1748,2023-05-03,Sports,1,144.61,144.61,54.95,7.23,False,East,Online,Occasional
O004805,C0958,2023-09-26,Home & Kitchen,1,160.02,160.02,67.21,0.0,False,West,Online,Premium
O009712,C1945,2024-02-09,Electronics,1,558.77,474.96,104.49,47.5,False,West,Online,Premium
O008817,C1771,2023-02-24,Beauty,1,51.7,43.94,27.24,0.0,False,North,Retail,Regular
O003404,C0675,2023-03-03,Electronics,1,5.0,5.0,1.1,0.0,True,North,Online,Regular
O003506,C0699,2024-10-04,Home & Kitchen,1,212.59,212.59,89.29,0.0,False,West,App,Occasional
O003303,C0653,2023-02-16,Sports,1,56.4,47.94,18.22,0.0,False,West,Partner,Premium
O001223,C0231,2024-03-23,Electronics,1,5.0,5.0,1.1,1.0,False,North,App,Premium
O009605,C1931,2024-09-06,Home & Kitchen,1,26.02,26.02,10.93,5.2,False,East,Online,Premium
O007702,C1529,2024-02-13,Beauty,1,46.51,39.53,24.51,0.0,False,West,Partner,Occasional
O008544,C1719,2023-12-26,Clothing,1,100.91,131.18,72.15,19.68,False,East,Online,Regular
O000534,C0103,2024-01-15,Sports,1,193.14,164.17,62.38,0.0,False,West,App,Premium
O007035,C1404,2024-03-04,Sports,1,5.0,5.0,1.9,0.0,False,North,Online,Premium
O001499,C0285,2023-05-03,Clothing,1,24.44,24.44,13.44,4.89,False,Central,Online,Regular
O009616,C1931,2023-10-06,Home & Kitchen,1,31.92,31.92,13.41,0.0,False,East,Online,Premium
O003462,C0691,2023-08-01,Clothing,2,62.71,125.43,68.99,25.09,False,West,App,Occasional
O006390,C1274,2023-02-23,Home & Kitchen,2,91.38,155.35,65.25,0.0,False,West,App,Regular
O000868,C0157,2023-11-28,Electronics,1,230.09,299.12,65.81,44.87,False,South,Partner,Premium
O009619,C1931,2024-06-20,Clothing,2,34.32,68.64,37.75,0.0,False,East,Online,Premium
O007555,C1495,2023-11-13,Electronics,1,120.45,156.58,34.45,31.32,False,South,Partner,Occasional
O003812,C0768,2024-07-09,Electronics,1,193.56,193.56,42.58,0.0,False,West,App,Premium
O009721,C1945,2024-05-30,Clothing,2,137.65,275.3,151.42,55.06,False,West,Online,Premium
O004516,C0909,2024-12-25,Beauty,1,30.39,39.51,24.5,0.0,False,West,Partner,Regular
O007596,C1506,2024-02-12,Beauty,1,19.09,16.23,10.06,0.0,True,North,Online,Regular
O003068,C0603,2023-02-01,Electronics,1,315.19,267.91,58.94,0.0,False,South,Retail,Regular
O000479,C0091,2023-11-04,Electronics,1,579.58,753.45,165.76,0.0,False,Central,App,Regular
O005680,C1124,2023-07-05,Clothing,1,128.13,128.13,70.47,0.0,False,Central,Online,Premium
O001295,C0243,2023-03-31,Clothing,1,59.6,59.6,32.78,0.0,False,West,Online,Premium
O004534,C0913,2023-11-25,Electronics,1,191.97,249.57,54.91,12.48,False,West,App,Premium
O007092,C1414,2023-10-23,Electronics,1,516.94,516.94,113.73,0.0,False,North,Online,Premium
O004011,C0812,2023-12-01,Electronics,1,571.34,742.75,163.4,37.14,False,West,App,Regular
O005326,C1061,2024-09-07,Beauty,1,40.63,40.63,25.19,0.0,False,North,Online,Regular
O008590,C1731,2023-05-25,Sports,1,51.84,51.84,19.7,0.0,False,North,Online,Regular
O003157,C0624,2024-09-01,Home & Kitchen,1,128.92,128.92,54.15,25.78,False,West,Retail,Regular
O007798,C1546,2024-10-31,Electronics,1,203.54,203.54,44.78,10.18,False,West,Online,Premium
O005968,C1181,2023-08-05,Clothing,1,86.42,86.42,47.53,4.32,False,South,App,Regular
O003058,C0601,2024-08-19,Beauty,1,34.2,34.2,21.2,0.0,False,East,Retail,Premium
O005932,C1174,2024-03-10,Home & Kitchen,1,53.69,53.69,22.55,0.0,False,West,Retail,Premium
O003003,C0593,2024-05-14,Clothing,1,5.0,5.0,2.75,0.0,False,South,Retail,Regular
O002305,C0453,2024-02-11,Clothing,1,38.04,32.34,17.79,3.23,False,North,App,Occasional
O006172,C1216,2023-04-12,Beauty,1,27.43,27.43,17.01,0.0,False,West,Partner,Occasional
O002190,C0423,2023-07-24,Home & Kitchen,1,29.01,29.01,12.18,0.0,True,West,Online,Regular
O004916,C0982,2024-01-19,Clothing,1,66.26,56.32,30.98,0.0,False,East,App,Regular
O001693,C0325,2023-12-30,Sports,1,81.23,105.6,40.13,21.12,False,East,Online,Regular
O000002,C0001,2024-03-09,Clothing,1,58.44,58.44,32.14,0.0,False,East,Online,Occasional
O004575,C0923,2023-05-09,Clothing,1,74.27,74.27,40.85,0.0,False,South,Online,Premium
O002432,C0474,2024-05-14,Electronics,2,367.36,734.72,161.64,0.0,False,Central,Online,Premium
O008844,C1777,2023-06-24,Beauty,1,24.48,24.48,15.18,4.9,False,West,Online,Premium
O003795,C0765,2023-05-18,Electronics,1,575.99,575.99,126.72,0.0,False,East,Online,Regular
O004956,C0990,2024-02-25,Clothing,1,54.39,46.23,25.43,2.31,False,South,Partner,Regular
O009556,C1923,2023-10-11,Clothing,2,131.38,262.76,144.52,26.28,False,West,Online,Regular
O009666,C1938,2023-05-26,Sports,1,98.69,98.69,37.5,19.74,False,South,Partner,Premium
O009443,C1893,2024-06-21,Electronics,1,304.85,304.85,67.07,45.73,False,East,Online,Regular
O008351,C1676,2024-03-07,Clothing,1,79.15,79.15,43.53,0.0,False,Central,Online,Premium
O000870,C0157,2024-08-09,Clothing,1,79.21,79.21,43.57,0.0,False,South,Partner,Premium
O003558,C0711,2023-12-06,Clothing,1,78.69,102.3,56.26,15.34,False,East,Retail,Regular
O003574,C0713,2024-09-14,Sports,1,104.09,104.09,39.55,15.61,False,East,Online,Premium
O009308,C1866,2024-01-18,Electronics,1,122.7,104.29,22.94,10.43,False,South,Online,Premium
O004610,C0926,2023-10-07,Beauty,2,37.97,75.93,47.08,0.0,False,South,Retail,Premium
O000361,C0071,2023-07-17,Electronics,1,428.47,428.47,94.26,0.0,False,East,Retail,Premium
O009511,C1913,2023-10-05,Clothing,1,46.76,46.76,25.72,9.35,False,South,Online,Regular
O001437,C0268,2024-12-27,Sports,1,188.85,245.51,93.29,36.83,False,Central,App,Premium
O000988,C0190,2023-01-15,Sports,1,205.51,174.68,66.38,0.0,False,Central,Retail,Premium
O008637,C1739,2023-08-08,Sports,1,167.03,167.03,63.47,0.0,False,East,Online,Regular
O007931,C1571,2023-03-04,Clothing,1,10.71,10.71,5.89,0.0,False,North,Retail,Regular
O006446,C1287,2023-01-17,Beauty,1,51.59,43.85,27.19,2.19,False,West,App,Regular
O001020,C0195,2024-05-23,Home & Kitchen,1,191.44,191.44,80.4,0.0,False,North,App,Premium
O002900,C0570,2024-02-28,Sports,1,155.58,132.24,50.25,19.84,False,West,App,Premium
O001341,C0253,2024-10-04,Sports,1,5.0,5.0,1.9,0.0,False,West,Online,Regular
O005998,C1186,2024-05-10,Clothing,1,79.97,79.97,43.98,0.0,False,East,App,Premium
O001861,C0351,2023-02-25,Electronics,1,499.27,424.38,93.36,0.0,False,West,Online,Regular
O000318,C0061,2024-08-23,Sports,1,76.21,76.21,28.96,0.0,False,South,Online,Occasional
O008664,C1745,2024-02-28,Clothing,2,94.81,161.18,88.65,8.06,False,Central,Online,Premium
O001946,C0375,2023-07-21,Electronics,1,279.32,279.32,61.45,0.0,False,Central,Online,Occasional
O002993,C0590,2023-11-14,Sports,1,151.51,196.96,74.84,29.54,False,North,Retail,Occasional
O000357,C0071,2023-07-10,Sports,1,26.55,26.55,10.09,0.0,False,East,Retail,Premium
O003011,C0593,2024-02-20,Home & Kitchen,1,51.71,43.95,18.46,8.79,False,South,Retail,Regular
O001320,C0248,2024-07-08,Home & Kitchen,3,251.52,754.57,316.92,37.73,False,West,Online,Regular
O008881,C1788,2023-02-02,Electronics,1,452.89,384.95,84.69,0.0,False,North,App,Regular
O005013,C1001,2023-07-19,Clothing,1,68.4,68.4,37.62,3.42,False,West,Online,Regular
O002996,C0591,2023-08-26,Clothing,1,86.25,86.25,47.44,0.0,False,Central,Online,Regular
O009384,C1884,2024-08-22,Home & Kitchen,1,123.38,123.38,51.82,0.0,True,South,Partner,Occasional
O005542,C1108,2024-06-28,Clothing,1,148.17,148.17,81.49,14.82,False,Central,Retail,Premium
O000878,C0160,2023-05-30,Sports,2,162.42,324.83,123.44,48.72,False,West,Online,Regular
O002674,C0533,2023-03-05,Beauty,1,57.59,57.59,35.71,8.64,False,West,Online,Regular
O001698,C0326,2023-02-16,Home & Kitchen,1,85.0,72.25,30.34,0.0,False,North,Online,Regular
O006502,C1298,2023-01-22,Electronics,1,423.0,359.55,79.1,0.0,False,West,Online,Premium
O006899,C1380,2023-12-11,Clothing,1,5.0,6.5,3.58,1.3,False,North,App,Regular
O002333,C0459,2023-11-12,Home & Kitchen,2,32.82,85.32,35.83,0.0,False,East,Online,Regular
O007461,C1476,2023-01-04,Sports,1,253.78,215.72,81.97,0.0,False,Central,Retail,Regular
O005457,C1093,2024-12-31,Home & Kitchen,1,73.87,96.03,40.33,19.21,False,West,Retail,Regular
O008665,C1745,2023-10-12,Clothing,1,112.37,112.37,61.8,22.47,False,Central,Online,Premium
O003482,C0696,2023-12-28,Home & Kitchen,1,101.86,132.42,55.62,0.0,False,South,Online,Regular
O008308,C1663,2023-03-10,Electronics,1,34.89,34.89,7.68,0.0,False,North,Online,Regular
O000929,C0175,2023-01-02,Sports,1,78.45,66.68,25.34,0.0,False,West,Online,Occasional
O000156,C0031,2023-07-21,Clothing,2,60.88,121.76,66.97,18.26,False,East,Online,Premium
O007014,C1399,2023-03-20,Electronics,1,377.64,377.64,83.08,0.0,False,West,App,Regular
O009598,C1929,2023-09-05,Home & Kitchen,1,40.78,40.78,17.13,2.04,False,East,App,Premium
O006304,C1248,2024-05-14,Beauty,1,5.0,5.0,3.1,0.25,True,South,Partner,Regular
O009489,C1906,2023-05-30,Beauty,2,75.35,150.71,93.44,30.14,False,West,Online,Regular
O006816,C1362,2024-03-17,Clothing,1,35.44,35.44,19.49,1.77,False,South,Partner,Premium
O004031,C0816,2023-06-27,Home & Kitchen,1,87.31,87.31,36.67,13.1,False,East,Online,Regular
O007954,C1577,2023-09-15,Clothing,1,68.69,68.69,37.78,13.74,False,West,Retail,Occasional
O009681,C1940,2023-03-10,Beauty,1,29.34,29.34,18.19,5.87,False,North,App,Premium
O005162,C1025,2024-07-04,Home & Kitchen,1,86.85,86.85,36.48,0.0,False,North,App,Premium
O008565,C1722,2024-11-30,Electronics,2,254.66,662.11,145.66,0.0,False,Central,Online,Regular
O008192,C1635,2023-02-05,Electronics,1,233.27,198.28,43.62,29.74,False,North,Retail,Regular
O007927,C1571,2023-10-12,Beauty,1,45.61,45.61,28.28,0.0,False,North,Retail,Regular
O000912,C0169,2023-06-11,Sports,2,101.27,202.54,76.97,10.13,False,West,Online,Regular
O001933,C0372,2024-10-18,Electronics,1,5.0,5.0,1.1,0.25,False,West,App,Regular
O005654,C1122,2023-05-11,Clothing,2,18.01,36.01,19.81,0.0,False,South,Online,Regular
O001573,C0301,2024-09-24,Beauty,1,60.63,60.63,37.59,0.0,False,Central,Online,Regular
O009465,C1898,2024-10-02,Clothing,1,53.75,53.75,29.56,0.0,False,East,App,Regular
O010004,C1994,2023-08-29,Sports,2,95.17,190.34,72.33,9.52,False,East,Retail,Occasional
O004387,C0885,2023-02-07,Sports,1,158.88,135.04,51.32,20.26,False,South,Online,Regular
O007926,C1571,2023-09-30,Home & Kitchen,1,124.99,124.99,52.5,12.5,False,North,Retail,Regular
O006470,C1292,2024-10-23,Home & Kitchen,1,97.19,97.19,40.82,0.0,False,South,App,Premium
O008043,C1597,2023-06-05,Electronics,1,261.2,261.2,57.46,52.24,False,South,Partner,Regular
O004977,C0994,2024-04-18,Sports,1,89.6,89.6,34.05,8.96,False,South,App,Premium
O005807,C1145,2024-10-06,Sports,1,102.15,102.15,38.82,20.43,False,West,Online,Premium
O009424,C1890,2023-05-21,Home & Kitchen,3,10.0,30.01,12.6,0.0,False,East,Online,Premium
O008796,C1767,2024-11-06,Sports,1,190.24,247.31,93.98,12.37,True,West,App,Regular
O003178,C0629,2024-04-04,Sports,2,143.87,287.74,109.34,14.39,False,North,Online,Regular
O007661,C1522,2023-04-25,Home & Kitchen,1,166.12,166.12,69.77,0.0,False,North,App,Premium
O000424,C0085,2023-08-12,Sports,1,121.81,121.81,46.29,12.18,False,West,Online,Premium
O009934,C1982,2024-12-27,Sports,1,151.08,196.4,74.63,39.28,False,South,Online,Regular
O002989,C0587,2024-04-21,Electronics,1,297.9,297.9,65.54,29.79,False,East,Retail,Occasional
O007932,C1572,2023-08-22,Electronics,2,387.99,775.97,170.71,0.0,False,West,Retail,Regular
O007437,C1472,2024-03-30,Electronics,1,67.31,67.31,14.81,10.1,True,West,Online,Regular
O006925,C1385,2024-10-30,Sports,1,100.51,100.51,38.19,20.1,False,South,Online,Premium
O004217,C0848,2024-11-07,Sports,1,168.26,218.74,83.12,32.81,False,East,Retail,Premium
O001629,C0311,2024-12-01,Beauty,1,38.15,49.59,30.75,9.92,True,West,Online,Regular
O001718,C0330,2024-03-19,Home & Kitchen,2,209.53,419.05,176.0,83.81,False,West,App,Regular
O006482,C1295,2024-12-09,Sports,2,173.07,449.97,170.99,0.0,False,West,Retail,Premium
O003933,C0795,2024-10-24,Clothing,1,92.48,92.48,50.86,0.0,True,West,Online,Premium
O008960,C1805,2023-06-15,Clothing,1,10.59,10.59,5.82,0.0,False,South,Partner,Regular
O001198,C0228,2024-07-30,Electronics,1,222.11,222.11,48.86,0.0,False,West,Partner,Regular
O005346,C1065,2024-02-02,Electronics,1,207.26,176.17,38.76,8.81,False,West,App,Premium
O003180,C0630,2024-06-26,Sports,1,176.7,176.7,67.15,26.5,False,South,Retail,Regular
O001289,C0242,2023-04-09,Electronics,1,257.44,257.44,56.64,0.0,False,North,App,Occasional
O005161,C1025,2023-11-04,Clothing,2,67.22,174.77,96.12,17.48,False,North,App,Premium
O007019,C1402,2024-08-06,Clothing,1,31.32,31.32,17.23,6.26,False,North,Online,Occasional
O001978,C0378,2024-01-14,Home & Kitchen,1,82.63,70.24,29.5,0.0,False,South,Online,Regular
O006902,C1381,2023-01-29,Sports,1,133.88,113.79,43.24,0.0,False,Central,Retail,Regular
O010013,C1996,2023-04-12,Beauty,1,39.54,39.54,24.51,0.0,False,East,Retail,Premium
O001516,C0288,2023-06-12,Beauty,1,52.3,52.3,32.43,2.62,False,Central,Online,Regular
O009670,C1939,2023-06-20,Home & Kitchen,1,81.05,81.05,34.04,8.1,False,West,Online,Regular
O009787,C1956,2023-05-28,Clothing,1,101.23,101.23,55.68,0.0,False,South,App,Premium
O007779,C1543,2023-06-26,Clothing,2,72.67,145.33,79.93,21.8,False,Central,Online,Premium
O006064,C1198,2024-11-29,Electronics,1,554.52,720.88,158.59,36.04,False,West,Partner,Premium
O005158,C1025,2024-05-08,Electronics,1,397.61,397.61,87.47,0.0,True,North,App,Premium
O000236,C0044,2023-05-28,Clothing,2,24.95,49.91,27.45,0.0,False,South,Online,Premium
O005098,C1012,2024-10-17,Clothing,2,48.99,97.97,53.88,14.7,False,West,Partner,Regular
O000519,C0101,2023-05-01,Beauty,1,62.51,62.51,38.76,9.38,False,East,Online,Premium
O006990,C1395,2023-06-03,Electronics,1,163.99,163.99,36.08,8.2,False,North,App,Regular
O002203,C0424,2024-09-27,Beauty,1,34.49,34.49,21.38,0.0,False,West,Online,Premium
O002222,C0429,2024-01-24,Beauty,1,80.84,68.71,42.6,6.87,False,North,App,Regular
O004108,C0825,2023-10-17,Clothing,3,98.37,295.1,162.31,0.0,False,North,Online,Premium
O005433,C1088,2023-05-03,Sports,1,179.84,179.84,68.34,0.0,True,Central,Online,Regular
O003754,C0757,2023-04-29,Home & Kitchen,1,66.0,66.0,27.72,3.3,False,South,App,Premium
O005157,C1025,2023-06-09,Sports,1,39.36,39.36,14.96,7.87,False,North,App,Premium
O002202,C0424,2024-05-08,Electronics,1,512.21,512.21,112.69,0.0,False,West,Online,Premium
O004331,C0872,2023-03-07,Sports,1,106.19,106.19,40.35,0.0,False,Central,Online,Occasional
O000383,C0077,2024-12-21,Clothing,3,85.49,333.43,183.39,66.69,False,South,App,Regular
O004327,C0871,2024-01-03,Sports,1,177.16,150.58,57.22,0.0,False,South,Online,Regular
O009831,C1963,2023-08-13,Clothing,3,142.55,427.64,235.2,0.0,False,North,Partner,Regular
O000364,C0071,2024-03-13,Beauty,1,15.36,15.36,9.52,1.54,False,East,Retail,Premium
O004881,C0973,2023-04-11,Sports,1,5.0,5.0,1.9,0.0,False,South,App,Regular
O004312,C0867,2024-11-20,Home & Kitchen,1,90.77,118.0,49.56,17.7,False,West,Online,Regular
O001568,C0299,2024-11-09,Home & Kitchen,1,81.13,105.47,44.3,10.55,False,South,App,Regular
O008406,C1692,2023-11-26,Sports,1,71.38,92.8,35.26,13.92,False,South,Online,Regular
O002634,C0524,2024-06-19,Sports,1,161.22,161.22,61.26,32.24,False,South,App,Regular
O000798,C0146,2023-12-23,Clothing,1,57.83,75.18,41.35,0.0,False,West,Retail,Regular
O006754,C1349,2023-04-09,Clothing,1,14.81,14.81,8.15,0.0,False,West,Partner,Premium
O003627,C0724,2024-10-13,Clothing,1,32.38,32.38,17.81,1.62,False,East,Online,Occasional
O006008,C1187,2023-04-10,Sports,1,142.78,142.78,54.26,0.0,False,South,Partner,Regular
O009539,C1920,2023-12-12,Home & Kitchen,1,42.31,55.01,23.1,0.0,False,East,Online,Regular
O002309,C0454,2024-11-01,Home & Kitchen,1,87.42,113.65,47.73,5.68,False,West,Online,Regular
O007062,C1408,2024-08-26,Clothing,1,74.71,74.71,41.09,14.94,False,West,Online,Premium
O004233,C0852,2024-09-30,Sports,1,214.84,214.84,81.64,42.97,False,North,App,Regular
O007109,C1417,2024-04-09,Beauty,1,5.0,5.0,3.1,0.0,False,Central,App,Premium
O003397,C0674,2024-02-01,Clothing,1,91.24,77.56,42.66,0.0,False,East,Online,Regular
O005731,C1134,2024-12-22,Electronics,1,311.17,404.52,88.99,20.23,False,South,Online,Occasional
O004729,C0946,2024-03-14,Electronics,1,156.29,156.29,34.38,15.63,False,East,Online,Regular
O002123,C0406,2024-12-29,Home & Kitchen,1,44.82,58.26,24.47,5.83,False,Central,Online,Occasional
O000794,C0145,2024-10-16,Beauty,1,59.9,59.9,37.14,0.0,False,West,Online,Regular
O009304,C1866,2023-08-21,Home & Kitchen,1,77.86,77.86,32.7,11.68,False,South,Online,Premium
O006350,C1261,2024-03-07,Sports,1,168.18,168.18,63.91,0.0,False,South,Online,Regular
O009870,C1969,2024-12-03,Electronics,1,376.17,489.02,107.58,97.8,False,North,Retail,Premium
O002932,C0574,2024-05-09,Sports,1,165.47,165.47,62.88,16.55,False,East,App,Regular
O003207,C0635,2023-01-25,Home & Kitchen,1,127.04,107.98,45.35,10.8,True,South,Online,Premium
O006756,C1349,2023-05-24,Home & Kitchen,1,5.0,5.0,2.1,0.0,False,West,Partner,Premium
O001592,C0306,2024-06-07,Electronics,1,5.0,5.0,1.1,0.0,False,North,Online,Regular
O003451,C0688,2024-01-15,Electronics,2,338.11,574.78,126.45,86.22,False,West,App,Regular
O004226,C0849,2023-07-06,Home & Kitchen,1,110.52,110.52,46.42,22.1,False,South,Online,Occasional
O005154,C1024,2024-03-08,Sports,1,181.76,181.76,69.07,18.18,False,South,Retail,Regular
O000121,C0024,2024-12-27,Sports,2,256.14,665.97,253.07,99.9,False,North,App,Premium
O010024,C1998,2023-03-12,Beauty,1,76.3,76.3,47.31,0.0,False,East,Online,Occasional
O006574,C1313,2024-11-07,Beauty,2,84.67,220.13,136.48,44.03,False,Central,Online,Premium
O005670,C1124,2024-09-24,Home & Kitchen,1,5.0,5.0,2.1,0.0,False,Central,Online,Premium
O002653,C0529,2023-10-27,Electronics,2,606.56,1213.12,266.89,242.62,False,Central,App,Premium
O005342,C1064,2024-08-13,Sports,1,160.2,160.2,60.88,24.03,False,North,Online,Regular
O007418,C1467,2024-12-13,Clothing,1,56.14,72.99,40.14,10.95,False,West,Retail,Regular
O006090,C1201,2024-05-02,Clothing,1,80.34,80.34,44.19,0.0,False,East,Partner,Premium
O006731,C1342,2024-01-29,Sports,3,69.41,177.0,67.26,35.4,False,North,Online,Regular
O004867,C0969,2024-03-12,Electronics,1,243.07,243.07,53.48,12.15,False,East,App,Premium
O007502,C1485,2024-12-20,Home & Kitchen,1,41.39,53.8,22.6,2.69,False,West,App,Premium
O000222,C0042,2023-02-16,Electronics,1,338.49,287.72,63.3,14.39,False,East,Online,Premium
O000677,C0124,2023-03-06,Clothing,3,58.17,174.52,95.99,0.0,False,East,Online,Regular
O006778,C1353,2024-07-07,Home & Kitchen,2,58.13,116.26,48.83,0.0,False,Central,App,Regular
O006597,C1317,2023-07-24,Beauty,1,24.16,24.16,14.98,0.0,False,West,Retail,Premium
O001651,C0315,2023-02-25,Clothing,1,83.16,70.68,38.87,0.0,False,Central,Partner,Regular
O004191,C0842,2024-03-08,Sports,1,89.63,89.63,34.06,17.93,False,North,Online,Occasional
O000660,C0122,2024-02-22,Electronics,1,339.17,288.29,63.42,0.0,False,South,Retail,Premium
O000700,C0129,2024-05-17,Home & Kitchen,2,72.74,145.49,61.11,14.55,False,Central,App,Regular
O007325,C1453,2024-06-20,Electronics,1,575.27,575.27,126.56,86.29,True,West,Online,Regular
O004175,C0839,2024-02-17,Sports,1,72.25,61.42,23.34,0.0,True,East,App,Regular
O001758,C0335,2024-01-26,Home & Kitchen,1,20.31,17.26,7.25,0.0,True,East,Online,Regular
O000504,C0098,2023-03-22,Sports,2,157.31,314.62,119.56,15.73,False,South,Partner,Premium
O003263,C0647,2024-11-29,Electronics,2,294.3,765.18,168.34,0.0,False,South,App,Occasional
O008160,C1630,2024-10-29,Sports,1,121.13,121.13,46.03,0.0,False,East,Retail,Premium
O001974,C0378,2024-05-10,Clothing,1,73.54,73.54,40.45,0.0,False,South,Online,Regular
O007506,C1485,2023-12-17,Home & Kitchen,1,94.08,122.31,51.37,18.35,False,West,App,Premium
O009130,C1837,2023-06-08,Beauty,1,53.55,53.55,33.2,5.36,False,East,Online,Regular
O005940,C1176,2023-05-25,Beauty,1,5.0,5.0,3.1,0.0,False,North,Online,Regular
O008362,C1682,2024-08-22,Clothing,2,62.55,125.1,68.81,6.26,True,West,Online,Occasional
O002424,C0474,2023-06-11,Beauty,2,5.0,10.0,6.2,0.5,False,Central,Online,Premium
O002411,C0472,2024-11-13,Beauty,1,54.53,70.89,43.95,0.0,False,South,Retail,Regular
O003013,C0594,2024-07-23,Sports,1,56.78,56.78,21.58,8.52,False,North,Partner,Regular
O009507,C1911,2024-06-29,Clothing,1,65.19,65.19,35.85,6.52,True,South,Online,Occasional
O005005,C1000,2023-09-16,Beauty,1,69.49,69.49,43.08,0.0,False,East,Online,Regular
O002462,C0481,2024-01-08,Clothing,1,88.56,75.28,41.4,15.06,False,North,Retail,Regular
O000856,C0155,2024-08-25,Beauty,1,42.3,42.3,26.23,6.34,False,South,Online,Regular
O001594,C0306,2024-10-21,Clothing,1,149.96,149.96,82.48,0.0,False,North,Online,Regular
O005292,C1053,2024-02-14,Sports,1,142.34,120.99,45.98,18.15,False,East,App,Regular
O009853,C1967,2023-08-29,Sports,1,51.44,51.44,19.55,0.0,False,South,App,Premium
O008764,C1762,2023-02-13,Sports,1,103.97,88.38,33.58,4.42,False,East,Partner,Premium
O006029,C1194,2023-05-15,Electronics,1,259.41,259.41,57.07,0.0,False,East,Online,Premium
O004068,C0822,2023-10-25,Home & Kitchen,2,38.17,76.34,32.06,0.0,False,Central,App,Premium
O002893,C0569,2024-05-05,Sports,1,91.06,91.06,34.6,4.55,False,South,Online,Premium
O005521,C1104,2023-12-04,Home & Kitchen,1,76.92,100.0,42.0,15.0,False,East,App,Regular
O003979,C0801,2023-02-05,Clothing,1,104.63,88.94,48.92,17.79,False,East,Online,Occasional
O001598,C0307,2023-06-28,Home & Kitchen,2,47.28,94.57,39.72,18.91,False,Central,Online,Premium
O006152,C1213,2023-11-06,Sports,2,134.77,350.4,133.15,0.0,False,East,Online,Regular
O005387,C1077,2023-03-15,Clothing,1,68.94,68.94,37.92,6.89,False,South,Online,Regular
O007159,C1425,2023-08-26,Electronics,1,472.45,472.45,103.94,0.0,False,South,Online,Occasional
O001736,C0331,2024-12-19,Electronics,2,140.69,365.78,80.47,36.58,False,West,App,Premium
O004590,C0925,2024-05-08,Home & Kitchen,1,114.22,114.22,47.97,0.0,False,West,Partner,Premium
O008981,C1809,2023-02-13,Clothing,1,136.49,116.02,63.81,17.4,False,Central,Online,Regular
O000099,C0020,2023-10-13,Home & Kitchen,1,172.25,172.25,72.34,0.0,False,South,Online,Premium
O005156,C1025,2024-03-19,Beauty,2,13.77,27.54,17.07,5.51,False,North,App,Premium
O009172,C1844,2023-12-01,Home & Kitchen,1,79.27,103.05,43.28,0.0,False,Central,Retail,Premium
O009231,C1851,2023-04-26,Beauty,1,44.97,44.97,27.88,0.0,False,South,Online,Regular
O007643,C1518,2024-09-21,Sports,3,5.0,15.0,5.7,2.25,False,East,Online,Premium
O003300,C0653,2023-05-25,Electronics,1,588.88,588.88,129.55,29.44,False,West,Partner,Premium
O003241,C0644,2023-09-23,Electronics,1,190.02,190.02,41.8,0.0,False,North,Online,Regular
O001596,C0307,2023-09-28,Sports,1,5.0,5.0,1.9,0.25,False,Central,Online,Premium
O003247,C0645,2024-10-30,Sports,1,29.45,29.45,11.19,4.42,False,North,Retail,Regular
O003921,C0791,2023-07-28,Electronics,1,251.88,251.88,55.41,50.38,False,West,Online,Regular
O001595,C0307,2024-04-12,Clothing,1,97.81,97.81,53.8,0.0,False,Central,Online,Premium
O001534,C0292,2023-11-10,Sports,1,28.79,37.43,14.22,0.0,False,Central,App,Regular
O001261,C0237,2024-07-13,Beauty,1,28.59,28.59,17.73,1.43,False,East,Online,Regular
O002508,C0492,2024-08-06,Home & Kitchen,1,86.31,86.31,36.25,12.95,False,West,Partner,Regular
O007788,C1545,2023-03-24,Sports,3,54.44,163.32,62.06,16.33,False,Central,App,Occasional
O002042,C0392,2024-08-27,Home & Kitchen,1,155.89,155.89,65.47,0.0,False,South,Online,Regular
O004360,C0879,2024-10-24,Electronics,2,271.52,543.03,119.47,0.0,False,South,Online,Regular
O009062,C1825,2023-03-02,Electronics,1,5.0,5.0,1.1,0.25,False,Central,Online,Regular
O000754,C0140,2023-05-26,Sports,1,104.55,104.55,39.73,0.0,False,North,Online,Regular
O006036,C1195,2024-09-17,Home & Kitchen,2,144.28,288.55,121.19,28.86,False,South,Online,Occasional
O006736,C1342,2023-03-16,Beauty,2,40.38,80.76,50.07,4.04,False,North,Online,Regular
O008227,C1641,2023-12-03,Sports,1,184.94,240.42,91.36,36.06,False,East,App,Occasional
O008236,C1644,2023-02-05,Clothing,1,61.12,51.96,28.58,7.79,True,South,Online,Premium
O005477,C1096,2024-06-15,Beauty,1,48.81,48.81,30.26,9.76,False,East,Retail,Premium
O009532,C1919,2024-04-18,Sports,2,5.0,10.0,3.8,1.0,False,South,App,Regular
O007719,C1531,2024-03-06,Clothing,1,41.89,41.89,23.04,6.28,True,Central,Online,Premium
O001522,C0290,2023-01-05,Electronics,1,301.5,256.28,56.38,0.0,False,Central,Online,Regular
O007398,C1465,2023-01-26,Sports,1,21.96,18.66,7.09,3.73,True,West,App,Regular
O008283,C1658,2023-06-05,Beauty,1,6.64,6.64,4.12,0.66,False,North,App,Regular
O003413,C0678,2024-07-20,Electronics,1,391.56,391.56,86.14,78.31,True,North,Retail,Occasional
O000143,C0030,2023-12-19,Sports,1,173.35,225.35,85.63,0.0,False,South,Online,Premium
O004589,C0925,2023-01-01,Home & Kitchen,1,114.32,97.17,40.81,0.0,False,West,Partner,Premium
O008553,C1721,2023-01-02,Sports,1,122.48,104.1,39.56,10.41,False,South,App,Premium
O009145,C1839,2024-02-01,Home & Kitchen,1,107.07,91.01,38.22,18.2,False,North,Online,Premium
O000803,C0147,2024-08-27,Home & Kitchen,1,55.28,55.28,23.22,0.0,False,East,App,Premium
O000604,C0111,2023-04-08,Beauty,1,71.02,71.02,44.03,7.1,False,Central,Online,Regular
O001527,C0291,2023-01-19,Home & Kitchen,1,178.01,151.31,63.55,22.7,False,North,App,Regular
O008119,C1620,2024-06-30,Clothing,1,43.01,43.01,23.66,4.3,False,South,Online,Regular
O005081,C1009,2024-09-05,Beauty,1,51.42,51.42,31.88,2.57,False,Central,Partner,Premium
O005514,C1102,2024-03-20,Beauty,1,38.01,38.01,23.57,1.9,False,West,App,Premium
O004003,C0808,2023-12-07,Beauty,1,52.08,67.71,41.98,10.16,False,North,Partner,Regular
O000896,C0163,2024-11-11,Sports,1,151.87,197.43,75.02,29.61,False,North,Online,Regular
O008867,C1782,2024-01-09,Clothing,1,28.02,23.82,13.1,4.76,False,West,Retail,Occasional
O006328,C1255,2023-05-29,Clothing,1,72.37,72.37,39.8,14.47,False,South,Online,Premium
O009233,C1852,2024-08-16,Sports,1,183.14,183.14,69.59,27.47,True,North,Partner,Occasional
O000528,C0101,2023-11-12,Electronics,1,560.91,729.19,160.42,0.0,False,East,Online,Premium
O009503,C1910,2024-08-10,Sports,1,133.25,133.25,50.64,0.0,False,North,Partner,Occasional
O008500,C1712,2023-09-16,Beauty,1,24.63,24.63,15.27,3.69,True,North,App,Occasional
O009298,C1865,2024-05-28,Clothing,1,103.91,103.91,57.15,10.39,False,East,App,Premium
O001075,C0205,2024-07-08,Sports,1,45.14,45.14,17.15,0.0,False,North,App,Premium
O005425,C1086,2024-12-09,Electronics,2,169.29,440.16,96.84,88.03,False,North,Partner,Occasional
O000034,C0006,2023-12-07,Electronics,2,289.52,752.76,165.61,0.0,False,South,Online,Premium
O001348,C0256,2023-10-10,Home & Kitchen,1,91.22,91.22,38.31,9.12,False,Central,Online,Regular
O000588,C0109,2024-01-18,Electronics,1,271.12,230.45,50.7,11.52,False,North,Online,Premium
O004125,C0829,2024-01-01,Sports,1,50.07,42.56,16.17,6.38,False,North,Online,Regular
O009263,C1857,2024-09-04,Beauty,1,68.3,68.3,42.35,0.0,False,West,App,Occasional
O009184,C1844,2024-08-06,Electronics,1,415.03,415.03,91.31,62.25,False,Central,Retail,Premium
O006240,C1235,2023-08-16,Clothing,1,40.64,40.64,22.35,0.0,False,North,Partner,Regular
O003871,C0779,2023-07-30,Home & Kitchen,1,5.0,5.0,2.1,0.0,False,North,Retail,Regular
O008450,C1703,2024-11-14,Electronics,1,271.91,353.48,77.77,0.0,False,North,App,Premium
O007184,C1430,2023-11-27,Home & Kitchen,1,132.3,171.99,72.24,0.0,False,East,Retail,Premium
O008805,C1768,2024-02-16,Beauty,1,89.77,76.3,47.31,7.63,False,West,Online,Regular
O008607,C1733,2023-07-22,Sports,1,78.17,78.17,29.7,0.0,False,Central,Online,Premium
O006399,C1278,2024-04-16,Electronics,1,461.75,461.75,101.58,0.0,False,South,App,Regular
O009336,C1873,2024-11-08,Clothing,1,60.47,78.61,43.24,3.93,False,South,Online,Premium
O002056,C0397,2023-05-14,Home & Kitchen,2,164.23,328.46,137.95,32.85,False,West,Online,Regular
O008492,C1711,2024-07-27,Home & Kitchen,1,54.22,54.22,22.77,2.71,False,East,Online,Premium
O005057,C1005,2023-08-14,Clothing,1,24.7,24.7,13.58,0.0,False,North,Online,Premium
O006404,C1279,2024-04-02,Beauty,1,73.83,73.83,45.77,11.07,False,South,Online,Regular
O001053,C0200,2024-01-17,Sports,1,241.83,205.56,78.11,0.0,False,North,Online,Occasional
O007292,C1449,2023-11-26,Clothing,2,69.5,180.69,99.38,9.03,False,North,Online,Regular
O005507,C1101,2024-12-14,Beauty,2,71.15,184.98,114.69,27.75,False,Central,Online,Premium
O001525,C0290,2023-11-26,Sports,1,134.5,174.84,66.44,34.97,False,Central,Online,Regular
O005268,C1045,2024-11-12,Sports,1,92.45,120.19,45.67,6.01,False,North,Partner,Premium
O008851,C1778,2024-11-18,Home & Kitchen,2,64.77,168.41,70.73,16.84,False,East,App,Regular
O005911,C1172,2024-03-07,Electronics,1,111.22,111.22,24.47,11.12,False,West,App,Regular
O000142,C0030,2024-11-27,Clothing,1,67.75,88.07,48.44,8.81,False,South,Online,Premium
O006447,C1288,2023-07-11,Home & Kitchen,1,128.94,128.94,54.15,0.0,False,South,App,Occasional
O009623,C1933,2024-03-28,Sports,1,68.64,68.64,26.08,6.86,False,Central,App,Regular
O003391,C0671,2023-08-14,Home & Kitchen,1,120.8,120.8,50.74,0.0,False,East,App,Regular
O007012,C1399,2023-03-23,Sports,1,111.41,111.41,42.34,0.0,False,West,App,Regular
O004763,C0952,2024-07-26,Home & Kitchen,1,77.01,77.01,32.34,15.4,True,West,App,Regular
O005294,C1054,2023-03-25,Sports,3,198.8,596.39,226.63,0.0,False,South,Online,Regular
O006047,C1197,2024-08-13,Sports,2,185.29,370.57,140.82,0.0,False,North,Online,Regular
O001817,C0346,2024-06-01,Beauty,1,10.38,10.38,6.44,0.0,False,Central,Online,Premium
O001931,C0372,2023-11-17,Sports,1,5.0,6.5,2.47,0.0,False,West,App,Regular
O000381,C0075,2023-06-13,Clothing,2,103.48,206.96,113.83,10.35,False,North,Online,Regular
O003253,C0645,2023-01-04,Beauty,1,41.77,35.51,22.02,3.55,False,North,Retail,Regular
O006345,C1260,2024-03-21,Sports,1,153.25,153.25,58.24,0.0,False,West,Online,Occasional
O004724,C0944,2024-02-25,Clothing,2,5.0,8.5,4.68,0.0,False,North,Partner,Regular
O008517,C1715,2024-01-02,Clothing,1,99.34,84.44,46.44,8.44,True,North,Partner,Occasional
O001687,C0323,2024-04-29,Home & Kitchen,1,125.11,125.11,52.55,18.77,False,South,Partner,Regular
O007144,C1419,2024-10-12,Home & Kitchen,2,92.63,185.26,77.81,0.0,False,East,Retail,Premium
O007647,C1519,2023-05-05,Clothing,2,14.19,28.39,15.61,5.68,False,Central,App,Regular
O007727,C1534,2024-04-18,Beauty,2,73.98,147.96,91.74,29.59,False,West,Retail,Regular
O003012,C0593,2023-04-20,Home & Kitchen,1,121.44,121.44,51.0,0.0,False,South,Retail,Regular
O005111,C1014,2024-01-20,Clothing,1,148.91,126.57,69.61,0.0,False,East,Partner,Premium
O008282,C1658,2024-09-07,Home & Kitchen,1,97.11,97.11,40.79,19.42,False,North,App,Regular
O005146,C1023,2023-11-07,Home & Kitchen,1,113.69,147.8,62.08,0.0,False,South,App,Premium
O002349,C0462,2024-02-26,Beauty,1,43.45,36.93,22.9,3.69,False,West,Online,Regular
O006588,C1314,2024-01-31,Sports,1,71.21,60.53,23.0,3.03,False,South,App,Regular
O005526,C1106,2023-01-11,Sports,1,105.98,90.08,34.23,0.0,False,East,Partner,Occasional
O002306,C0453,2023-03-27,Electronics,1,417.83,417.83,91.92,0.0,False,North,App,Occasional
O002574,C0512,2024-10-09,Sports,1,155.65,155.65,59.15,7.78,False,South,Retail,Occasional
O002621,C0522,2024-12-02,Electronics,1,388.27,504.75,111.04,0.0,False,West,Online,Regular
O000135,C0030,2024-05-05,Electronics,1,398.61,398.61,87.69,39.86,False,South,Online,Premium
O005907,C1171,2024-05-19,Electronics,2,269.21,538.43,118.45,53.84,False,Central,Online,Premium
O006154,C1213,2023-05-08,Electronics,1,369.38,369.38,81.26,55.41,False,East,Online,Regular
O000762,C0141,2023-11-23,Electronics,2,529.11,1375.68,302.65,0.0,False,West,App,Premium
O000979,C0189,2023-01-13,Clothing,1,51.44,43.72,24.05,0.0,False,Central,App,Occasional
O002735,C0544,2023-07-29,Clothing,2,181.12,362.24,199.23,0.0,False,East,App,Occasional
O009351,C1875,2024-01-28,Home & Kitchen,2,108.89,185.11,77.75,37.02,False,Central,App,Premium
O002102,C0402,2024-11-06,Electronics,1,201.69,262.2,57.68,0.0,False,Central,Online,Regular
O001953,C0376,2024-08-27,Electronics,1,643.58,643.58,141.59,0.0,False,West,App,Premium
O008102,C1615,2023-10-28,Electronics,2,298.16,596.31,131.19,0.0,False,East,Partner,Regular
O008495,C1711,2024-05-03,Home & Kitchen,3,94.48,283.44,119.04,56.69,False,East,Online,Premium
O008821,C1771,2023-11-11,Home & Kitchen,1,204.88,266.35,111.87,53.27,False,North,Retail,Regular
O001419,C0266,2024-12-06,Electronics,1,489.13,635.87,139.89,0.0,False,South,Online,Regular
O007891,C1561,2024-05-11,Clothing,2,61.39,122.77,67.52,18.42,False,East,Retail,Regular
O002912,C0571,2024-01-20,Electronics,1,130.26,110.72,24.36,16.61,False,Central,Online,Premium
O005488,C1098,2023-02-07,Clothing,1,141.0,119.85,65.92,0.0,False,West,Online,Regular
O005417,C1085,2024-10-04,Home & Kitchen,1,87.34,87.34,36.68,13.1,False,South,Retail,Premium
O009402,C1887,2024-05-20,Sports,2,5.03,10.06,3.82,0.0,False,South,Online,Occasional
O008993,C1812,2024-02-14,Electronics,1,261.36,222.15,48.87,0.0,False,North,Retail,Premium
O006676,C1332,2023-10-24,Beauty,2,36.83,73.67,45.68,11.05,True,East,Online,Premium
O006136,C1208,2024-11-21,Home & Kitchen,2,66.07,171.77,72.14,8.59,False,South,Online,Premium
O006258,C1239,2023-04-14,Sports,1,214.22,214.22,81.4,10.71,False,South,Partner,Occasional
O005916,C1173,2024-01-06,Clothing,1,73.8,62.73,34.5,0.0,False,South,Retail,Occasional
O007632,C1518,2023-12-10,Home & Kitchen,3,114.32,445.85,187.26,89.17,False,East,Online,Premium
O001756,C0335,2023-01-14,Clothing,1,37.96,32.26,17.74,3.23,False,East,Online,Regular
O009969,C1988,2024-08-28,Home & Kitchen,1,88.99,88.99,37.38,8.9,False,East,Partner,Premium
O008696,C1749,2023-03-27,Home & Kitchen,2,78.17,156.34,65.66,31.27,False,East,Online,Regular
O001382,C0262,2023-08-22,Electronics,2,426.77,853.54,187.78,0.0,False,South,App,Regular
O003722,C0749,2023-10-12,Electronics,2,518.65,1037.3,228.21,103.73,False,East,Partner,Regular
O008726,C1755,2023-11-22,Sports,2,137.72,358.06,136.06,0.0,False,East,App,Regular
O003914,C0788,2023-06-01,Electronics,2,385.52,771.03,169.63,0.0,False,West,Online,Premium
O000430,C0085,2023-02-02,Electronics,1,621.6,528.36,116.24,0.0,False,West,Online,Premium
O004093,C0824,2024-11-18,Sports,1,120.62,156.81,59.59,0.0,False,Central,Retail,Premium
O003770,C0761,2023-03-29,Electronics,1,434.55,434.55,95.6,0.0,False,North,App,Occasional
O005109,C1014,2024-05-25,Home & Kitchen,1,128.45,128.45,53.95,0.0,False,East,Partner,Premium
O007518,C1487,2024-01-17,Sports,1,58.95,50.1,19.04,5.01,False,South,Online,Regular
O009464,C1898,2024-02-28,Home & Kitchen,2,102.93,174.99,73.5,35.0,False,East,App,Regular
O004791,C0957,2024-01-02,Sports,1,10.98,9.33,3.55,0.0,False,North,Online,Premium
O005215,C1031,2024-11-05,Clothing,1,5.0,6.5,3.58,0.32,False,North,App,Premium
O001692,C0324,2023-01-03,Beauty,1,39.98,33.98,21.07,0.0,False,Central,App,Regular
O005050,C1004,2024-01-19,Beauty,1,48.08,40.87,25.34,0.0,False,East,Partner,Premium
O004298,C0866,2023-12-22,Beauty,1,46.57,60.55,37.54,3.03,False,Central,App,Premium
O006499,C1298,2023-05-26,Electronics,2,430.46,860.92,189.4,0.0,False,West,Online,Premium
O002610,C0521,2024-03-09,Beauty,1,47.27,47.27,29.31,0.0,False,Central,App,Premium
O006234,C1233,2023-03-22,Clothing,1,89.91,89.91,49.45,8.99,False,East,Online,Occasional
O002005,C0383,2023-08-05,Electronics,2,305.99,611.97,134.63,0.0,False,Central,Online,Regular
O001976,C0378,2024-05-14,Home & Kitchen,1,98.89,98.89,41.53,0.0,False,South,Online,Regular
O004399,C0887,2024-09-17,Home & Kitchen,2,100.81,201.61,84.68,0.0,False,Central,Online,Premium
O006944,C1388,2023-10-10,Beauty,1,38.13,38.13,23.64,0.0,False,East,Online,Regular
O005786,C1144,2024-01-13,Clothing,1,77.13,65.56,36.06,0.0,False,West,Online,Regular
O004101,C0825,2024-12-28,Beauty,1,28.26,36.74,22.78,3.67,False,North,Online,Premium
O001654,C0316,2024-04-25,Electronics,1,438.0,438.0,96.36,87.6,False,North,App,Occasional
O002775,C0550,2024-04-09,Electronics,1,276.32,276.32,60.79,27.63,False,North,Online,Premium
O002905,C0570,2024-07-22,Beauty,2,38.44,76.89,47.67,7.69,False,West,App,Premium
O001640,C0312,2024-11-16,Beauty,1,54.83,71.28,44.19,14.26,False,South,Online,Premium
O000811,C0149,2024-09-02,Sports,1,41.99,41.99,15.96,0.0,False,Central,App,Premium
O005198,C1030,2023-06-01,Clothing,1,59.85,59.85,32.92,0.0,False,Central,App,Regular
O002235,C0433,2024-04-06,Sports,1,155.39,155.39,59.05,0.0,False,South,Online,Occasional
O004619,C0927,2024-11-19,Electronics,1,106.41,138.34,30.43,0.0,False,North,App,Premium
O000419,C0085,2024-11-19,Clothing,2,93.34,242.68,133.47,48.54,False,West,Online,Premium
O003186,C0630,2023-10-07,Home & Kitchen,2,22.42,44.84,18.83,0.0,False,South,Retail,Regular
O002753,C0549,2024-02-10,Beauty,2,43.0,73.11,45.33,10.97,False,East,Retail,Premium
O004042,C0818,2023-08-23,Home & Kitchen,1,18.19,18.19,7.64,0.0,False,South,Online,Regular
O008991,C1812,2023-11-21,Beauty,2,25.34,65.88,40.85,3.29,False,North,Retail,Premium
O005985,C1184,2023-12-10,Clothing,1,5.0,6.5,3.58,0.0,False,East,App,Regular
O007820,C1549,2023-03-13,Electronics,1,444.74,444.74,97.84,0.0,False,South,Partner,Premium
O009580,C1927,2024-03-16,Clothing,1,59.71,59.71,32.84,0.0,True,North,App,Regular
O007059,C1408,2024-05-03,Electronics,1,525.45,525.45,115.6,78.82,False,West,Online,Premium
O007884,C1559,2024-05-03,Beauty,1,31.7,31.7,19.65,3.17,False,East,Online,Occasional
O004187,C0841,2024-04-01,Electronics,1,164.26,164.26,36.14,8.21,False,South,App,Regular
O003884,C0781,2023-04-05,Beauty,1,25.56,25.56,15.85,3.83,True,West,App,Premium
O005363,C1069,2024-12-20,Sports,3,153.0,596.68,226.74,0.0,False,South,Online,Regular
O008982,C1809,2023-12-28,Beauty,1,24.94,32.42,20.1,1.62,False,Central,Online,Regular
O008825,C1772,2024-04-02,Home & Kitchen,1,95.05,95.05,39.92,4.75,False,West,App,Regular
O001156,C0219,2023-02-05,Home & Kitchen,1,35.04,29.78,12.51,2.98,False,West,Partner,Premium
O001572,C0300,2023-04-18,Beauty,1,78.04,78.04,48.38,7.8,False,West,Online,Occasional
O003487,C0697,2024-04-08,Clothing,1,89.9,89.9,49.45,4.5,False,North,Retail,Regular
O000558,C0104,2024-06-20,Home & Kitchen,1,207.51,207.51,87.15,0.0,False,North,App,Premium
O000587,C0109,2024-02-11,Electronics,1,530.61,451.02,99.22,0.0,False,North,Online,Premium
O000992,C0190,2023-10-21,Home & Kitchen,2,128.23,256.46,107.71,38.47,False,Central,Retail,Premium
O007911,C1566,2024-06-03,Electronics,1,270.52,270.52,59.51,0.0,False,South,App,Occasional
O008656,C1745,2023-09-22,Electronics,3,359.29,1077.87,237.13,53.89,False,Central,Online,Premium
O003481,C0696,2023-08-19,Clothing,1,65.63,65.63,36.1,0.0,False,South,Online,Regular
O003165,C0625,2023-12-20,Clothing,2,48.22,125.36,68.95,0.0,False,Central,Online,Regular
O001753,C0335,2024-11-21,Home & Kitchen,1,66.14,85.99,36.12,12.9,False,East,Online,Regular
O008034,C1594,2023-03-02,Beauty,2,67.29,134.59,83.45,0.0,False,East,Online,Regular
O009196,C1846,2023-07-05,Electronics,1,111.65,111.65,24.56,22.33,False,North,App,Premium
O009043,C1821,2023-11-26,Clothing,2,51.77,134.6,74.03,26.92,False,West,App,Premium
O003547,C0708,2024-11-12,Electronics,1,412.44,536.17,117.96,0.0,False,North,Retail,Regular
O007006,C1397,2023-09-06,Home & Kitchen,1,90.52,90.52,38.02,18.1,False,West,Online,Premium
O001199,C0228,2024-05-19,Beauty,1,72.79,72.79,45.13,7.28,False,West,Partner,Regular
O009355,C1875,2024-09-27,Home & Kitchen,1,24.03,24.03,10.09,0.0,False,Central,App,Premium
O006419,C1282,2024-05-21,Home & Kitchen,2,23.03,46.07,19.35,0.0,False,North,Online,Regular
O001146,C0218,2023-02-13,Home & Kitchen,1,10.2,8.67,3.64,0.43,False,South,App,Premium
O004639,C0929,2023-01-21,Sports,1,87.58,74.44,28.29,14.89,False,South,Partner,Regular
O007001,C1397,2024-06-21,Clothing,1,24.87,24.87,13.68,2.49,False,West,Online,Premium
O008145,C1627,2023-08-03,Electronics,2,245.56,491.12,108.05,0.0,False,North,Partner,Regular
O001133,C0215,2023-01-13,Clothing,1,58.25,49.51,27.23,0.0,False,East,Online,Regular
O002888,C0569,2024-08-05,Beauty,2,49.14,98.27,60.93,9.83,False,South,Online,Premium
O009242,C1854,2023-02-08,Home & Kitchen,1,103.25,87.76,36.86,4.39,False,East,Online,Regular
O005418,C1085,2024-02-18,Electronics,1,131.07,111.41,24.51,0.0,False,South,Retail,Premium
O004576,C0923,2024-08-04,Beauty,1,45.65,45.65,28.3,2.28,False,South,Online,Premium
O004218,C0848,2024-08-05,Beauty,1,17.8,17.8,11.04,3.56,False,East,Retail,Premium
O002946,C0576,2023-03-31,Home & Kitchen,1,57.4,57.4,24.11,0.0,False,North,Online,Regular
O003418,C0679,2024-04-29,Electronics,1,647.77,647.77,142.51,129.55,False,North,Online,Regular
O004105,C0825,2023-05-11,Clothing,3,68.59,205.77,113.17,10.29,False,North,Online,Premium
O006388,C1274,2024-07-04,Electronics,2,587.75,1175.49,258.61,0.0,False,West,App,Regular
O006866,C1372,2024-07-08,Sports,1,5.0,5.0,1.9,0.5,False,North,App,Regular
O003295,C0653,2024-06-19,Sports,1,100.21,100.21,38.08,5.01,False,West,Partner,Premium
O006655,C1326,2023-04-17,Sports,1,120.43,120.43,45.76,6.02,False,West,App,Regular
O008631,C1738,2024-12-01,Clothing,1,84.76,110.19,60.6,22.04,True,West,Partner,Regular
O001509,C0287,2023-03-24,Beauty,1,38.32,38.32,23.76,1.92,False,West,App,Premium
O006162,C1214,2023-06-30,Sports,1,187.58,187.58,71.28,9.38,False,East,Retail,Premium
O008217,C1638,2023-05-09,Electronics,1,8.3,8.3,1.83,0.0,False,West,Retail,Regular
O008537,C1718,2023-04-09,Sports,1,167.57,167.57,63.68,0.0,False,East,App,Regular
O000952,C0182,2023-08-07,Home & Kitchen,2,69.76,139.52,58.6,20.93,False,West,App,Occasional
O008094,C1614,2023-06-05,Home & Kitchen,1,112.15,112.15,47.1,16.82,False,West,Online,Regular
O009790,C1956,2023-10-10,Beauty,1,32.07,32.07,19.88,1.6,False,South,App,Premium
O008154,C1628,2024-04-12,Sports,1,27.34,27.34,10.39,0.0,True,South,Retail,Regular
O004219,C0848,2023-09-17,Home & Kitchen,1,71.15,71.15,29.88,0.0,False,East,Retail,Premium
O009788,C1956,2023-07-21,Electronics,2,326.33,652.66,143.59,0.0,False,South,App,Premium
O005553,C1109,2024-10-16,Clothing,1,52.84,52.84,29.06,0.0,False,North,App,Premium
O007896,C1561,2024-11-15,Electronics,1,522.66,679.46,149.48,0.0,False,East,Retail,Regular
O007173,C1429,2023-04-27,Sports,1,106.64,106.64,40.52,0.0,False,North,App,Occasional
O008830,C1772,2023-06-05,Sports,1,58.29,58.29,22.15,0.0,False,West,App,Regular
O006931,C1386,2023-07-03,Electronics,1,268.62,268.62,59.1,13.43,True,East,Retail,Regular
O002438,C0475,2024-12-06,Electronics,1,613.26,797.23,175.39,39.86,False,Central,Online,Regular
O007877,C1558,2023-01-29,Beauty,1,54.12,46.0,28.52,9.2,False,West,App,Premium
O008949,C1803,2024-02-09,Sports,1,209.61,178.17,67.7,26.73,False,Central,Online,Premium
O007641,C1518,2024-08-27,Electronics,1,229.18,229.18,50.42,0.0,True,East,Online,Premium
O001340,C0253,2024-03-21,Beauty,1,61.82,61.82,38.33,0.0,True,West,Online,Regular
O009388,C1886,2023-06-16,Electronics,1,409.57,409.57,90.11,0.0,False,North,Online,Premium
O009791,C1956,2023-08-14,Clothing,1,105.34,105.34,57.94,0.0,False,South,App,Premium
O006915,C1383,2023-09-01,Home & Kitchen,1,117.59,117.59,49.39,0.0,False,South,Partner,Regular
O009643,C1936,2023-01-21,Clothing,1,73.82,62.74,34.51,3.14,False,North,App,Premium
O003166,C0625,2024-10-19,Clothing,1,73.98,73.98,40.69,0.0,False,Central,Online,Regular
O001727,C0331,2024-01-29,Beauty,1,58.12,49.4,30.63,2.47,False,West,App,Premium
O002460,C0480,2023-07-09,Beauty,1,37.79,37.79,23.43,0.0,False,South,Online,Regular
O009272,C1860,2024-08-17,Electronics,1,207.18,207.18,45.58,10.36,False,Central,Online,Regular
O004830,C0961,2024-10-06,Beauty,1,74.95,74.95,46.47,14.99,False,North,App,Premium
O006783,C1354,2023-03-11,Beauty,1,44.97,44.97,27.88,8.99,False,South,App,Occasional
O008545,C1719,2024-10-10,Sports,1,135.53,135.53,51.5,0.0,False,East,Online,Regular
O007514,C1486,2024-11-05,Electronics,1,490.28,637.36,140.22,95.6,False,South,App,Regular
O005869,C1165,2023-12-08,Electronics,1,426.65,554.65,122.02,0.0,True,Central,App,Regular
O006565,C1311,2023-11-07,Home & Kitchen,1,80.05,104.07,43.71,5.2,True,North,Online,Regular
O004782,C0956,2024-12-10,Electronics,1,571.98,743.57,163.59,0.0,False,East,Partner,Regular
O005601,C1117,2023-12-13,Sports,1,5.0,6.5,2.47,0.98,True,East,Online,Premium
O003174,C0629,2024-04-30,Clothing,2,99.86,199.73,109.85,0.0,False,North,Online,Regular
O009295,C1865,2024-12-10,Electronics,2,5.0,13.0,2.86,0.65,False,East,App,Premium
O000109,C0022,2023-07-24,Home & Kitchen,1,65.96,65.96,27.7,0.0,False,West,App,Occasional
O002261,C0442,2023-12-09,Electronics,2,311.01,808.61,177.89,0.0,False,East,App,Regular
O000411,C0084,2024-08-20,Electronics,2,124.19,248.38,54.64,12.42,False,East,Retail,Regular
O003049,C0600,2024-06-28,Home & Kitchen,2,92.92,185.85,78.06,0.0,False,West,Partner,Premium
O007753,C1537,2023-05-07,Home & Kitchen,1,60.87,60.87,25.57,0.0,False,East,Online,Premium
O003516,C0702,2024-06-16,Sports,1,155.95,155.95,59.26,23.39,False,North,Retail,Regular
O000776,C0142,2024-10-17,Beauty,1,12.65,12.65,7.84,1.9,False,Central,Partner,Premium
O007934,C1572,2024-08-18,Home & Kitchen,1,129.25,129.25,54.28,6.46,False,West,Retail,Regular
O004428,C0891,2023-12-29,Beauty,1,61.31,79.7,49.41,0.0,False,North,App,Premium
O002902,C0570,2024-06-17,Home & Kitchen,1,93.75,93.75,39.38,0.0,False,West,App,Premium
O007815,C1549,2023-04-24,Sports,2,113.64,227.28,86.37,45.46,False,South,Partner,Premium
O001732,C0331,2023-05-17,Home & Kitchen,1,34.1,34.1,14.32,0.0,False,West,App,Premium
O008582,C1729,2024-09-19,Sports,1,134.92,134.92,51.27,0.0,False,Central,App,Regular
O006373,C1270,2024-09-19,Beauty,1,29.9,29.9,18.54,0.0,False,West,Online,Regular
O002195,C0423,2024-09-25,Beauty,1,30.26,30.26,18.76,0.0,False,West,Online,Regular
O003048,C0600,2023-06-02,Home & Kitchen,1,28.74,28.74,12.07,1.44,False,West,Partner,Premium
O003976,C0800,2024-01-12,Beauty,1,49.95,42.46,26.33,8.49,False,East,Online,Premium
O005253,C1041,2023-04-14,Beauty,1,19.45,19.45,12.06,0.0,False,East,Retail,Regular
O000495,C0097,2023-08-19,Electronics,1,5.0,5.0,1.1,0.0,False,North,Partner,Regular
O005778,C1143,2023-06-01,Electronics,1,277.41,277.41,61.03,0.0,False,West,Online,Regular
O008309,C1663,2024-02-25,Sports,1,37.58,31.94,12.14,0.0,False,North,Online,Regular
O000663,C0122,2023-04-06,Home & Kitchen,3,53.21,159.63,67.04,15.96,False,South,Retail,Premium
O004843,C0963,2024-04-20,Electronics,1,378.14,378.14,83.19,0.0,True,East,App,Regular
O005149,C1023,2023-10-06,Home & Kitchen,1,68.34,68.34,28.7,13.67,False,South,App,Premium
O009652,C1937,2024-08-22,Clothing,1,33.95,33.95,18.67,5.09,False,East,Online,Regular
O000313,C0060,2023-07-26,Clothing,1,45.78,45.78,25.18,9.16,False,Central,Retail,Occasional
O001797,C0343,2024-01-22,Clothing,1,86.2,73.27,40.3,0.0,False,Central,App,Premium
O007241,C1442,2024-09-12,Electronics,1,599.44,599.44,131.88,119.89,False,North,Retail,Regular
O004700,C0938,2023-09-14,Beauty,3,35.98,107.95,66.93,0.0,False,West,Online,Regular
O000601,C0110,2023-03-26,Sports,1,102.85,102.85,39.08,5.14,False,West,App,Regular
O005148,C1023,2024-10-12,Electronics,1,500.82,500.82,110.18,0.0,True,South,App,Premium
O006883,C1377,2023-10-12,Home & Kitchen,1,182.47,182.47,76.64,18.25,False,East,Online,Occasional
O001325,C0250,2024-07-02,Home & Kitchen,1,127.14,127.14,53.4,19.07,False,East,App,Regular
O002730,C0543,2023-08-20,Sports,1,5.0,5.0,1.9,0.0,False,South,App,Premium
O005831,C1150,2024-01-29,Clothing,1,62.45,53.08,29.19,0.0,False,West,App,Regular
O006714,C1338,2024-12-26,Electronics,2,5.0,13.0,2.86,1.3,False,South,Online,Regular
O007463,C1476,2023-12-26,Beauty,1,55.09,71.61,44.4,0.0,False,Central,Retail,Regular
O007631,C1518,2024-04-29,Sports,1,5.0,5.0,1.9,0.75,False,East,Online,Premium
O001275,C0240,2023-04-06,Beauty,1,30.63,30.63,18.99,0.0,False,West,Online,Premium
O009150,C1839,2023-01-25,Sports,2,5.0,8.5,3.23,1.27,False,North,Online,Premium
O004550,C0916,2023-03-02,Electronics,1,445.64,445.64,98.04,44.56,False,East,Online,Regular
O005681,C1124,2024-08-28,Home & Kitchen,1,83.52,83.52,35.08,12.53,False,Central,Online,Premium
O004839,C0963,2024-06-04,Clothing,1,118.23,118.23,65.03,5.91,False,East,App,Regular
O004325,C0870,2023-08-03,Clothing,1,112.57,112.57,61.91,11.26,False,West,App,Occasional
O001930,C0372,2023-06-22,Home & Kitchen,1,123.13,123.13,51.71,0.0,False,West,App,Regular
O004936,C0984,2023-03-07,Electronics,2,90.2,180.4,39.69,18.04,False,East,App,Regular
O006578,C1313,2024-05-29,Beauty,2,23.55,47.09,29.2,7.06,False,Central,Online,Premium
O006290,C1245,2023-04-05,Home & Kitchen,1,6.5,6.5,2.73,0.0,False,East,App,Regular
O005519,C1103,2024-12-01,Sports,1,5.0,6.5,2.47,0.65,False,North,Retail,Occasional
O006416,C1282,2024-10-24,Sports,1,96.1,96.1,36.52,14.42,True,North,Online,Regular
O009490,C1906,2024-10-18,Clothing,1,48.85,48.85,26.87,0.0,False,West,Online,Regular
O004477,C0903,2024-02-23,Beauty,1,66.09,56.18,34.83,0.0,False,East,Online,Regular
O008430,C1697,2024-10-19,Home & Kitchen,1,62.83,62.83,26.39,6.28,False,East,Online,Premium
O000518,C0101,2023-07-14,Home & Kitchen,1,5.0,5.0,2.1,0.75,False,East,Online,Premium
O007790,C1545,2024-02-23,Clothing,1,47.41,40.3,22.16,0.0,False,Central,App,Occasional
O008301,C1660,2023-11-26,Beauty,1,43.48,56.52,35.04,0.0,False,East,Online,Premium
O008561,C1721,2024-09-27,Clothing,1,39.29,39.29,21.61,1.96,False,South,App,Premium
O006023,C1194,2023-05-25,Clothing,1,91.22,91.22,50.17,18.24,False,East,Online,Premium
O009369,C1879,2024-12-21,Clothing,2,48.14,125.17,68.84,25.03,False,Central,App,Regular
O007406,C1466,2023-01-11,Clothing,1,126.03,107.13,58.92,0.0,False,East,Online,Premium
O000051,C0008,2023-10-20,Sports,1,184.82,184.82,70.23,0.0,False,West,Online,Premium
O002903,C0570,2024-08-01,Sports,1,149.63,149.63,56.86,22.44,False,West,App,Premium
O007833,C1550,2023-02-10,Sports,1,183.44,155.92,59.25,0.0,False,East,App,Regular
O005664,C1123,2024-09-03,Electronics,2,193.99,387.97,85.35,58.2,True,West,Online,Premium
O007271,C1447,2023-06-23,Sports,2,89.58,179.15,68.08,0.0,False,Central,Online,Regular
O004852,C0965,2023-08-13,Sports,1,37.88,37.88,14.39,0.0,False,North,Online,Regular
O008912,C1793,2023-12-16,Electronics,2,381.39,991.61,218.15,198.32,False,West,App,Regular
O007307,C1451,2023-05-24,Clothing,1,134.48,134.48,73.96,20.17,False,North,App,Premium
O008026,C1591,2024-05-06,Electronics,2,146.68,293.36,64.54,44.0,False,Central,App,Premium
O006225,C1230,2024-10-04,Home & Kitchen,2,69.66,139.32,58.51,0.0,False,East,Partner,Regular
O008893,C1792,2024-12-25,Clothing,1,5.0,6.5,3.58,0.0,False,East,Online,Premium
O009759,C1951,2023-12-27,Electronics,2,381.24,991.23,218.07,0.0,False,West,Retail,Regular
O003044,C0599,2023-05-23,Clothing,1,84.33,84.33,46.38,8.43,False,North,Online,Regular
O005841,C1156,2023-12-13,Beauty,2,20.24,52.62,32.62,10.52,False,Central,Online,Regular
O001959,C0376,2024-02-06,Beauty,1,85.9,73.01,45.27,0.0,False,West,App,Premium
O009467,C1900,2023-09-26,Home & Kitchen,1,5.0,5.0,2.1,0.25,False,West,Retail,Regular
O005033,C1003,2023-10-07,Sports,1,151.32,151.32,57.5,0.0,False,West,App,Regular
O009785,C1956,2024-03-26,Sports,2,157.03,314.06,119.34,47.11,True,South,App,Premium
O005447,C1091,2023-04-12,Clothing,1,47.78,47.78,26.28,0.0,False,North,Retail,Regular
O007929,C1571,2023-03-07,Clothing,3,43.22,129.67,71.32,0.0,False,North,Retail,Regular
O004795,C0958,2024-10-08,Beauty,1,43.48,43.48,26.96,4.35,False,West,Online,Premium
O001066,C0205,2023-11-08,Clothing,1,64.27,83.55,45.95,12.53,False,North,App,Premium
O002348,C0462,2024-01-18,Clothing,1,41.89,35.61,19.59,0.0,False,West,Online,Regular
O004367,C0881,2023-10-21,Beauty,1,21.24,21.24,13.17,2.12,False,South,App,Regular
O002880,C0568,2023-07-26,Home & Kitchen,1,40.07,40.07,16.83,6.01,False,East,Partner,Premium
O000681,C0126,2023-03-20,Beauty,1,72.84,72.84,45.16,0.0,False,East,Online,Regular
O002937,C0574,2023-04-11,Home & Kitchen,1,29.83,29.83,12.53,5.97,False,East,App,Regular
O001837,C0348,2023-10-17,Clothing,2,12.46,24.93,13.71,0.0,False,South,App,Regular
O001067,C0205,2024-09-29,Home & Kitchen,1,87.29,87.29,36.66,0.0,False,North,App,Premium
O002595,C0517,2024-05-28,Sports,1,159.77,159.77,60.71,7.99,False,East,App,Premium
O005288,C1052,2023-02-16,Clothing,1,106.39,90.43,49.74,18.09,False,West,App,Occasional
O002380,C0467,2023-01-16,Beauty,1,23.64,20.09,12.46,1.0,False,East,Online,Regular
O007477,C1480,2023-09-10,Electronics,2,453.62,907.24,199.59,0.0,False,South,App,Occasional
O000676,C0123,2024-05-19,Beauty,1,47.97,47.97,29.74,0.0,False,West,Retail,Occasional
O000139,C0030,2023-05-09,Home & Kitchen,1,151.06,151.06,63.45,0.0,False,South,Online,Premium
O009347,C1875,2024-05-26,Home & Kitchen,1,98.23,98.23,41.26,0.0,False,Central,App,Premium
O000278,C0054,2024-05-28,Home & Kitchen,1,160.72,160.72,67.5,32.14,False,South,Online,Regular
O009162,C1841,2023-08-06,Home & Kitchen,1,43.44,43.44,18.24,0.0,False,South,Online,Regular
O007097,C1414,2023-07-31,Electronics,1,49.61,49.61,10.91,4.96,False,North,Online,Premium
O004162,C0835,2023-02-19,Clothing,1,96.58,82.09,45.15,16.42,False,East,Online,Premium
O004991,C0998,2024-08-05,Beauty,1,76.42,76.42,47.38,0.0,False,West,Partner,Premium
O003550,C0708,2024-07-06,Sports,1,31.54,31.54,11.99,0.0,False,North,Retail,Regular
O002961,C0579,2023-01-16,Home & Kitchen,1,6.88,5.85,2.46,0.58,False,North,Online,Regular
O001743,C0333,2023-05-16,Home & Kitchen,1,113.54,113.54,47.69,17.03,False,North,Online,Regular
O009518,C1916,2023-12-10,Sports,1,184.48,239.82,91.13,23.98,True,South,App,Regular
O006452,C1289,2024-07-17,Home & Kitchen,2,103.55,207.1,86.98,0.0,True,West,App,Regular
O001149,C0218,2024-02-09,Clothing,1,108.61,92.32,50.78,4.62,False,South,App,Premium
O005955,C1179,2023-06-27,Beauty,1,44.33,44.33,27.48,4.43,False,North,App,Regular
O009801,C1957,2023-06-17,Clothing,2,100.77,201.55,110.85,40.31,False,West,App,Regular
O006662,C1328,2023-08-29,Beauty,1,75.08,75.08,46.55,15.02,False,Central,App,Occasional
O002251,C0440,2023-11-20,Beauty,1,44.11,57.34,35.55,11.47,False,North,App,Regular
O000115,C0024,2023-11-24,Clothing,2,72.67,188.94,103.92,28.34,False,North,App,Premium
O002322,C0457,2023-05-19,Sports,1,133.7,133.7,50.81,20.05,False,South,Retail,Premium
O003062,C0601,2023-10-29,Beauty,1,68.11,68.11,42.23,0.0,False,East,Retail,Premium
O000724,C0132,2024-12-09,Electronics,1,335.25,435.83,95.88,21.79,True,South,App,Premium
O001893,C0360,2024-07-22,Beauty,1,25.55,25.55,15.84,0.0,False,South,App,Regular
O005517,C1103,2023-10-04,Electronics,2,353.17,706.34,155.39,0.0,False,North,Retail,Occasional
O009224,C1851,2023-11-06,Sports,1,174.94,227.42,86.42,0.0,False,South,Online,Regular
O000548,C0104,2023-09-21,Clothing,1,59.21,59.21,32.57,11.84,False,North,App,Premium
O010022,C1996,2024-07-09,Clothing,1,55.19,55.19,30.35,8.28,False,East,Retail,Premium
O000808,C0148,2024-01-18,Home & Kitchen,2,86.86,147.66,62.02,22.15,False,South,Online,Regular
O007343,C1455,2023-10-19,Beauty,1,32.73,32.73,20.29,6.55,False,Central,Online,Premium
O002395,C0469,2023-09-12,Home & Kitchen,1,113.45,113.45,47.65,5.67,False,North,App,Occasional
O000228,C0042,2024-04-06,Electronics,1,578.09,578.09,127.18,115.62,False,East,Online,Premium
O000770,C0141,2023-06-28,Home & Kitchen,1,86.84,86.84,36.47,8.68,False,West,App,Premium
O001691,C0324,2024-11-05,Clothing,1,96.68,125.69,69.13,0.0,False,Central,App,Regular
O001609,C0308,2023-10-02,Electronics,1,526.36,526.36,115.8,78.95,False,West,Retail,Regular
O004571,C0923,2023-10-03,Sports,1,28.45,28.45,10.81,2.84,False,South,Online,Premium
O002767,C0550,2023-04-03,Beauty,1,62.32,62.32,38.64,9.35,False,North,Online,Premium
O005214,C1031,2024-05-27,Electronics,2,308.22,616.44,135.62,61.64,False,North,App,Premium
O002910,C0571,2023-06-02,Beauty,1,57.57,57.57,35.69,0.0,False,Central,Online,Premium
O009905,C1975,2023-12-01,Home & Kitchen,1,111.64,145.13,60.95,0.0,False,East,Online,Regular
O008609,C1733,2024-02-18,Home & Kitchen,1,11.39,9.68,4.07,0.48,False,Central,Online,Premium
O009484,C1904,2023-03-18,Home & Kitchen,1,188.43,188.43,79.14,9.42,False,South,Online,Occasional
O004500,C0906,2023-05-22,Beauty,1,47.58,47.58,29.5,4.76,False,West,Online,Occasional
O003762,C0759,2023-03-13,Home & Kitchen,1,105.55,105.55,44.33,21.11,False,Central,App,Regular
O003605,C0719,2024-05-01,Sports,1,123.64,123.64,46.98,24.73,False,West,App,Regular
O004869,C0969,2024-02-23,Clothing,1,47.02,39.97,21.98,0.0,False,East,App,Premium
O000511,C0099,2023-03-16,Clothing,2,103.12,206.24,113.43,0.0,False,East,Online,Regular
O007975,C1582,2024-03-29,Clothing,2,10.77,21.54,11.85,0.0,False,Central,Online,Regular
O001244,C0234,2023-03-21,Sports,1,137.58,137.58,52.28,0.0,False,South,Online,Regular
O009376,C1880,2023-01-29,Electronics,1,527.02,447.97,98.55,44.8,False,West,Online,Occasional
O000935,C0179,2024-12-13,Electronics,1,176.63,229.62,50.52,0.0,False,East,Retail,Premium
O005318,C1060,2023-09-21,Sports,1,51.34,51.34,19.51,7.7,False,West,Partner,Regular
O001352,C0256,2024-08-24,Home & Kitchen,1,97.56,97.56,40.98,9.76,False,Central,Online,Regular
O009674,C1940,2024-11-01,Electronics,1,258.58,336.16,73.96,67.23,False,North,App,Premium
O005009,C1000,2024-12-12,Clothing,1,121.07,157.4,86.57,23.61,False,East,Online,Regular
O000463,C0089,2024-09-04,Clothing,1,83.21,83.21,45.77,12.48,False,South,Retail,Premium
O006102,C1204,2023-08-05,Electronics,1,402.41,402.41,88.53,80.48,False,Central,Online,Premium
O004247,C0854,2024-09-08,Home & Kitchen,1,117.54,117.54,49.37,17.63,False,West,Online,Regular
O003998,C0806,2024-10-21,Clothing,1,19.22,19.22,10.57,0.96,False,West,Online,Regular
O005956,C1179,2023-06-14,Sports,1,200.05,200.05,76.02,0.0,False,North,App,Regular
O005560,C1110,2024-04-24,Electronics,1,5.0,5.0,1.1,0.5,False,East,Online,Occasional
O005711,C1130,2023-07-09,Sports,1,94.7,94.7,35.99,0.0,False,West,Online,Regular
O009057,C1824,2023-09-30,Electronics,1,89.1,89.1,19.6,0.0,False,Central,Online,Premium
O008791,C1766,2023-11-04,Sports,1,202.25,262.92,99.91,52.58,False,South,App,Premium
O004151,C0835,2024-04-16,Clothing,1,44.9,44.9,24.7,8.98,False,East,Online,Premium
O000391,C0078,2024-09-12,Home & Kitchen,1,80.45,80.45,33.79,0.0,False,West,Online,Occasional
O002074,C0401,2024-09-04,Home & Kitchen,1,58.62,58.62,24.62,5.86,False,North,Partner,Premium
O002368,C0464,2024-04-08,Clothing,1,48.99,48.99,26.94,0.0,False,North,Retail,Premium
O003854,C0776,2024-12-05,Clothing,1,5.0,6.5,3.58,0.0,True,South,App,Premium
O005233,C1037,2023-07-10,Beauty,1,52.19,52.19,32.36,7.83,False,South,Online,Premium
O004033,C0817,2023-12-02,Clothing,1,110.0,143.0,78.65,28.6,False,Central,App,Regular
O003084,C0607,2023-03-15,Beauty,1,34.05,34.05,21.11,5.11,False,West,Online,Regular
O002864,C0565,2024-10-09,Electronics,1,350.07,350.07,77.02,17.5,False,South,App,Regular
O005001,C0999,2024-01-13,Sports,1,182.12,154.8,58.82,0.0,False,East,App,Regular
O004821,C0960,2024-12-12,Sports,1,72.83,94.68,35.98,0.0,False,Central,App,Premium
O000218,C0042,2023-04-21,Clothing,1,22.13,22.13,12.17,1.11,False,East,Online,Premium
O005297,C1054,2024-12-17,Sports,1,49.38,64.19,24.39,0.0,False,South,Online,Regular
O001919,C0370,2024-11-02,Clothing,1,84.28,109.56,60.26,0.0,False,East,Online,Regular
O001611,C0308,2023-12-17,Sports,1,39.03,50.73,19.28,0.0,False,West,Retail,Regular
O002167,C0415,2024-04-14,Clothing,1,114.71,114.71,63.09,17.21,True,East,App,Premium
O003625,C0724,2023-09-26,Sports,1,103.49,103.49,39.33,0.0,False,East,Online,Occasional
O007635,C1518,2023-07-03,Clothing,1,96.31,96.31,52.97,4.82,False,East,Online,Premium
O004386,C0885,2023-03-04,Electronics,1,466.49,466.49,102.63,23.32,False,South,Online,Regular
O008356,C1678,2023-12-03,Electronics,2,391.04,1016.71,223.68,50.84,False,East,App,Regular
O007396,C1464,2024-03-21,Sports,1,108.48,108.48,41.22,16.27,False,East,App,Premium
O002578,C0514,2024-08-01,Sports,1,59.0,59.0,22.42,0.0,False,North,Online,Regular
O003315,C0658,2023-07-27,Clothing,1,105.6,105.6,58.08,5.28,False,South,App,Occasional
O003598,C0718,2024-03-29,Beauty,2,38.33,76.66,47.53,0.0,False,North,Partner,Premium
O006143,C1210,2023-07-12,Home & Kitchen,1,146.62,146.62,61.58,7.33,False,East,Online,Occasional
O003160,C0624,2024-02-27,Home & Kitchen,1,5.52,4.69,1.97,0.94,False,West,Retail,Regular
O003691,C0741,2024-06-19,Beauty,1,58.09,58.09,36.02,11.62,False,North,Online,Regular
O006962,C1390,2023-04-22,Electronics,1,250.62,250.62,55.14,0.0,False,South,App,Regular
O002763,C0549,2023-02-25,Beauty,1,40.11,34.1,21.14,5.12,False,East,Retail,Premium
O006699,C1335,2023-12-24,Electronics,1,368.66,479.26,105.44,71.89,False,West,Online,Premium
O005300,C1054,2024-12-30,Home & Kitchen,1,36.1,46.94,19.71,0.0,False,South,Online,Regular
O002422,C0473,2023-06-08,Electronics,1,143.5,143.5,31.57,0.0,False,East,Online,Premium
O009859,C1968,2023-03-26,Clothing,1,108.66,108.66,59.76,0.0,False,East,Partner,Regular
O000126,C0025,2023-05-23,Beauty,1,68.09,68.09,42.22,0.0,False,South,Online,Occasional
O006972,C1392,2023-12-01,Home & Kitchen,1,118.23,153.7,64.55,15.37,False,South,Partner,Regular
O007550,C1494,2024-12-15,Clothing,2,5.0,13.0,7.15,1.3,False,South,Online,Regular
O007472,C1479,2024-10-03,Beauty,1,28.56,28.56,17.71,0.0,False,South,App,Regular
O005483,C1096,2023-12-27,Home & Kitchen,1,147.27,191.45,80.41,19.14,False,East,Retail,Premium
O004873,C0969,2024-03-28,Home & Kitchen,1,5.0,5.0,2.1,0.0,False,East,App,Premium
O003672,C0736,2024-05-11,Beauty,1,36.73,36.73,22.77,1.84,False,South,Partner,Premium
O007039,C1404,2023-02-04,Electronics,1,5.0,4.25,0.94,0.85,False,North,Online,Premium
O001204,C0229,2023-08-13,Home & Kitchen,1,101.77,101.77,42.74,0.0,False,South,App,Premium
O000322,C0062,2023-08-27,Home & Kitchen,1,54.69,54.69,22.97,0.0,False,Central,App,Regular
O002397,C0470,2023-02-04,Electronics,1,510.49,433.92,95.46,0.0,False,West,App,Premium
O005093,C1011,2024-11-13,Electronics,1,633.47,823.51,181.17,41.18,False,Central,App,Regular
O005374,C1072,2023-08-04,Home & Kitchen,2,76.2,152.41,64.01,30.48,False,Central,App,Regular
O009220,C1849,2023-10-14,Sports,1,40.67,40.67,15.45,2.03,False,East,App,Occasional
O004490,C0905,2023-07-07,Electronics,1,486.48,486.48,107.03,97.3,True,South,Online,Premium
O002750,C0547,2024-04-12,Home & Kitchen,1,9.84,9.84,4.13,1.97,False,North,App,Regular
O007356,C1456,2023-05-10,Beauty,2,38.99,77.98,48.35,15.6,False,East,Online,Regular
O001754,C0335,2024-06-30,Beauty,1,60.22,60.22,37.34,0.0,False,East,Online,Regular
O002899,C0570,2024-04-18,Electronics,1,177.11,177.11,38.96,35.42,False,West,App,Premium
O002286,C0448,2023-11-21,Home & Kitchen,1,174.18,226.43,95.1,33.96,False,West,Online,Premium
O008858,C1780,2023-04-24,Electronics,1,355.46,355.46,78.2,71.09,False,East,App,Premium
O001183,C0225,2023-06-13,Electronics,1,338.64,338.64,74.5,0.0,False,West,Online,Regular
O004317,C0867,2024-12-08,Sports,1,107.39,139.61,53.05,20.94,False,West,Online,Regular
O004865,C0969,2024-04-21,Electronics,1,488.2,488.2,107.4,48.82,False,East,App,Premium
O006202,C1226,2023-06-07,Clothing,1,11.76,11.76,6.47,2.35,True,East,Retail,Premium
O000904,C0165,2024-07-14,Beauty,1,22.92,22.92,14.21,2.29,False,West,Retail,Regular
O007519,C1487,2024-01-22,Electronics,1,491.68,417.93,91.94,62.69,False,South,Online,Regular
O003274,C0649,2023-07-15,Clothing,2,69.63,139.27,76.6,0.0,False,Central,App,Premium
O009339,C1874,2023-12-18,Beauty,1,34.27,44.55,27.62,2.23,True,Central,Online,Regular
O000373,C0073,2023-10-01,Home & Kitchen,2,39.3,78.6,33.01,0.0,False,West,App,Regular
O005366,C1069,2024-12-06,Beauty,1,66.26,86.14,53.41,0.0,False,South,Online,Regular
O009038,C1821,2024-05-02,Beauty,2,46.06,92.12,57.11,18.42,False,West,App,Premium
O000706,C0130,2024-07-12,Sports,1,92.42,92.42,35.12,0.0,False,Central,Online,Regular
O002762,C0549,2023-10-29,Electronics,1,616.46,616.46,135.62,61.65,False,East,Retail,Premium
O004250,C0855,2024-09-23,Sports,1,117.55,117.55,44.67,0.0,False,Central,Retail,Regular
O000418,C0085,2024-07-26,Electronics,1,323.7,323.7,71.21,16.18,True,West,Online,Premium
O008816,C1771,2023-01-22,Sports,1,122.22,103.89,39.48,0.0,False,North,Retail,Regular
O000955,C0183,2024-03-29,Clothing,1,34.62,34.62,19.04,6.92,False,South,Online,Regular
O008776,C1763,2023-11-30,Home & Kitchen,2,89.27,232.11,97.49,34.82,False,Central,Retail,Regular
O004001,C0808,2024-05-18,Clothing,1,60.39,60.39,33.21,3.02,True,North,Partner,Regular
O009208,C1847,2023-01-01,Clothing,1,116.89,99.36,54.65,19.87,False,West,Online,Premium
O009223,C1851,2023-02-05,Electronics,2,150.12,255.2,56.14,0.0,False,South,Online,Regular
O007495,C1484,2024-10-19,Beauty,3,66.44,199.32,123.58,19.93,False,Central,Online,Regular
O001766,C0336,2023-10-30,Clothing,1,53.34,53.34,29.34,0.0,False,Central,Partner,Premium
O007383,C1462,2023-11-16,Sports,1,110.22,143.28,54.45,28.66,False,South,Retail,Regular
O001984,C0379,2024-10-26,Clothing,2,100.12,200.24,110.13,0.0,False,West,Online,Premium
O003525,C0705,2024-08-03,Electronics,1,148.4,148.4,32.65,0.0,False,North,App,Occasional
O002054,C0397,2023-05-01,Electronics,2,550.67,1101.34,242.29,0.0,False,West,Online,Regular
O008147,C1627,2024-09-11,Sports,3,5.0,15.0,5.7,0.0,True,North,Partner,Regular
O005015,C1001,2023-09-14,Electronics,1,297.63,297.63,65.48,0.0,False,West,Online,Regular
O003376,C0668,2023-02-23,Sports,1,74.87,63.64,24.18,6.36,False,North,Partner,Regular
O001791,C0342,2024-09-09,Clothing,1,81.13,81.13,44.62,0.0,True,East,App,Occasional
O007361,C1457,2024-08-29,Clothing,1,72.83,72.83,40.06,7.28,False,South,Retail,Regular
O002052,C0397,2024-09-06,Electronics,1,306.53,306.53,67.44,0.0,False,West,Online,Regular
O008772,C1762,2024-04-16,Clothing,3,84.18,252.54,138.9,37.88,False,East,Partner,Premium
O005085,C1009,2023-09-15,Home & Kitchen,1,111.27,111.27,46.73,0.0,False,Central,Partner,Premium
O002326,C0457,2024-10-13,Sports,1,135.58,135.58,51.52,13.56,False,South,Retail,Premium
O009091,C1830,2024-08-31,Home & Kitchen,1,139.05,139.05,58.4,6.95,False,North,Online,Premium
O003332,C0662,2023-05-17,Beauty,1,42.29,42.29,26.22,0.0,False,East,Online,Premium
O007772,C1543,2024-04-20,Electronics,1,378.17,378.17,83.2,0.0,False,Central,Online,Premium
O007367,C1458,2023-04-04,Sports,1,141.22,141.22,53.66,28.24,False,North,Online,Occasional
O009349,C1875,2023-09-19,Beauty,2,25.67,51.33,31.82,7.7,False,Central,App,Premium
O003737,C0755,2024-12-25,Clothing,1,35.43,46.06,25.33,2.3,False,North,Online,Regular
O005104,C1013,2023-08-31,Beauty,1,40.29,40.29,24.98,6.04,False,West,Online,Regular
O002169,C0415,2023-01-29,Beauty,2,78.14,132.83,82.35,6.64,False,East,App,Premium
O001438,C0268,2023-10-09,Clothing,1,121.07,121.07,66.59,6.05,False,Central,App,Premium
O004146,C0834,2023-05-05,Sports,1,259.92,259.92,98.77,13.0,False,North,App,Regular
O005717,C1132,2023-05-14,Beauty,1,25.22,25.22,15.64,0.0,False,East,Online,Regular
O003935,C0795,2023-10-07,Home & Kitchen,1,20.33,20.33,8.54,0.0,False,West,Online,Premium
O003021,C0594,2024-01-29,Clothing,2,17.84,30.33,16.68,0.0,False,North,Partner,Regular
O005939,C1175,2023-05-31,Clothing,1,31.67,31.67,17.42,0.0,False,West,App,Regular
O009087,C1830,2024-01-13,Home & Kitchen,1,141.17,119.99,50.4,6.0,False,North,Online,Premium
O008900,C1792,2024-11-13,Electronics,1,124.4,161.72,35.58,0.0,False,East,Online,Premium
O009364,C1878,2024-04-10,Home & Kitchen,2,67.8,135.61,56.96,6.78,False,West,Retail,Regular
O005625,C1120,2024-06-10,Sports,2,38.75,77.5,29.45,0.0,False,East,Online,Regular
O007316,C1452,2023-06-19,Clothing,1,43.68,43.68,24.02,0.0,False,West,Partner,Regular
O001186,C0226,2024-06-30,Clothing,1,122.49,122.49,67.37,24.5,False,South,Online,Regular
O005597,C1116,2023-12-28,Sports,1,213.18,277.13,105.31,0.0,False,East,Partner,Regular
O004468,C0901,2024-04-13,Clothing,1,73.59,73.59,40.47,0.0,False,North,Online,Occasional
O009441,C1893,2023-03-03,Home & Kitchen,1,90.68,90.68,38.09,9.07,False,East,Online,Regular
O006435,C1285,2024-04-08,Sports,1,169.14,169.14,64.27,33.83,False,East,Online,Premium
O004495,C0905,2024-05-07,Beauty,1,82.49,82.49,51.14,8.25,False,South,Online,Premium
O007126,C1418,2024-12-05,Electronics,1,335.17,435.72,95.86,0.0,False,East,Online,Premium
O005832,C1151,2023-04-23,Home & Kitchen,2,97.17,194.34,81.62,38.87,False,North,Online,Regular
O008085,C1613,2023-06-12,Sports,1,158.16,158.16,60.1,31.63,False,East,Online,Occasional
O004832,C0962,2023-05-10,Clothing,1,66.74,66.74,36.71,13.35,False,Central,Online,Regular
O005782,C1144,2023-08-04,Sports,1,92.31,92.31,35.08,9.23,False,West,Online,Regular
O002708,C0539,2024-03-29,Sports,1,62.11,62.11,23.6,9.32,False,South,Online,Regular
O007581,C1503,2023-05-17,Home & Kitchen,1,95.5,95.5,40.11,4.78,False,Central,Online,Regular
O005733,C1135,2024-07-13,Home & Kitchen,1,162.04,162.04,68.06,16.2,False,North,Retail,Occasional
O006411,C1280,2023-04-05,Clothing,1,13.05,13.05,7.18,0.0,False,West,Online,Regular
O007712,C1531,2023-04-10,Home & Kitchen,1,74.03,74.03,31.09,0.0,False,Central,Online,Premium
O001494,C0284,2023-02-24,Clothing,1,62.94,53.5,29.42,10.7,False,East,Retail,Regular
O007547,C1493,2023-01-30,Home & Kitchen,1,96.96,82.42,34.62,0.0,False,East,App,Regular
O003745,C0756,2024-02-22,Sports,1,156.7,133.19,50.61,0.0,False,North,Retail,Premium
O001899,C0361,2023-08-04,Beauty,1,45.97,45.97,28.5,6.9,True,North,Online,Regular
O004069,C0822,2023-08-30,Home & Kitchen,1,34.33,34.33,14.42,3.43,False,Central,App,Premium
O001440,C0268,2023-12-24,Clothing,1,88.3,114.79,63.13,5.74,False,Central,App,Premium
O005812,C1146,2023-04-06,Beauty,1,31.48,31.48,19.52,1.57,False,West,Online,Premium
O009520,C1916,2023-10-13,Beauty,1,5.4,5.4,3.35,0.0,True,South,App,Regular
O004381,C0883,2023-01-11,Sports,2,268.65,456.7,173.55,68.5,False,West,App,Regular
O003634,C0726,2023-10-11,Beauty,1,57.43,57.43,35.61,2.87,False,North,App,Occasional
O005235,C1037,2024-05-13,Clothing,2,72.78,145.56,80.06,0.0,False,South,Online,Premium
O006209,C1227,2024-02-05,Clothing,2,35.23,59.89,32.94,0.0,False,East,App,Occasional
O009655,C1938,2023-07-20,Sports,1,5.0,5.0,1.9,1.0,False,South,Partner,Premium
O005770,C1141,2023-11-07,Electronics,1,207.62,269.9,59.38,53.98,False,North,Online,Regular
O008182,C1633,2024-11-15,Clothing,1,66.36,86.27,47.45,0.0,False,West,App,Regular
O003153,C0622,2024-05-11,Clothing,1,45.77,45.77,25.17,0.0,False,East,App,Regular
O000016,C0003,2023-09-04,Sports,1,223.34,223.34,84.87,22.33,False,Central,Retail,Premium
O007208,C1434,2024-11-01,Sports,1,139.63,181.52,68.98,0.0,False,East,Online,Regular
O007207,C1434,2024-07-20,Home & Kitchen,2,110.79,221.58,93.06,0.0,True,East,Online,Regular
O000195,C0038,2023-10-01,Electronics,1,255.15,255.15,56.13,12.76,False,West,Retail,Regular
O008916,C1794,2024-04-16,Electronics,1,314.69,314.69,69.23,47.2,True,South,App,Regular
O001241,C0234,2024-10-16,Beauty,1,43.18,43.18,26.77,4.32,False,South,Online,Regular
O003813,C0768,2024-07-07,Sports,2,197.44,394.87,150.05,39.49,True,West,App,Premium
O006665,C1329,2024-03-25,Clothing,1,68.69,68.69,37.78,13.74,False,West,App,Regular
O006048,C1197,2023-12-28,Beauty,2,51.42,133.7,82.89,0.0,False,North,Online,Regular
O004335,C0873,2023-08-18,Electronics,1,276.87,276.87,60.91,13.84,False,North,Online,Premium
O001518,C0289,2024-09-21,Home & Kitchen,1,186.78,186.78,78.45,9.34,False,West,Online,Regular
O009827,C1962,2024-08-28,Clothing,1,109.67,109.67,60.32,0.0,False,Central,Online,Regular
O002765,C0549,2024-04-19,Home & Kitchen,2,78.24,156.49,65.73,31.3,False,East,Retail,Premium
O000091,C0017,2024-09-11,Clothing,1,55.9,55.9,30.74,0.0,False,West,App,Premium
O008329,C1672,2024-10-05,Electronics,1,560.74,560.74,123.36,56.07,False,East,App,Occasional
O001039,C0198,2024-11-21,Clothing,1,89.11,115.84,63.71,17.38,False,North,Online,Occasional
O000959,C0185,2024-01-29,Clothing,1,36.32,30.87,16.98,0.0,False,East,App,Regular
O006114,C1204,2023-09-23,Home & Kitchen,1,102.51,102.51,43.05,0.0,False,Central,Online,Premium
O003128,C0618,2023-12-28,Electronics,2,44.76,116.38,25.6,23.28,False,West,App,Regular
O006977,C1393,2023-02-01,Sports,1,71.83,61.06,23.2,0.0,False,North,Online,Occasional
O006829,C1364,2024-12-19,Sports,3,108.63,423.68,161.0,21.18,False,North,Online,Regular
O003351,C0663,2024-05-26,Clothing,1,68.12,68.12,37.47,6.81,False,South,Online,Premium
O002564,C0508,2024-08-13,Home & Kitchen,1,197.25,197.25,82.84,9.86,True,East,App,Regular
O008947,C1803,2023-11-26,Sports,1,91.96,119.55,45.43,23.91,False,Central,Online,Premium
O000626,C0113,2024-12-06,Electronics,2,233.61,607.37,133.62,91.11,False,East,Partner,Premium
O008483,C1710,2024-12-19,Sports,1,133.73,173.84,66.06,26.08,False,Central,Retail,Regular
O009448,C1894,2023-09-07,Clothing,1,65.97,65.97,36.28,13.19,False,North,Online,Premium
O002063,C0399,2024-06-26,Home & Kitchen,2,53.28,106.56,44.76,5.33,False,West,Online,Regular
O000442,C0086,2023-12-23,Beauty,1,41.45,53.88,33.41,0.0,False,Central,App,Regular
O008680,C1747,2023-09-20,Beauty,2,60.41,120.83,74.91,18.12,True,West,Online,Premium
O005682,C1124,2024-10-11,Sports,1,68.88,68.88,26.17,0.0,False,Central,Online,Premium
O002729,C0543,2023-06-17,Clothing,1,19.22,19.22,10.57,0.0,False,South,App,Premium
O004675,C0936,2023-11-27,Sports,2,105.27,273.71,104.01,13.69,False,East,Retail,Regular
O004106,C0825,2023-10-15,Clothing,1,102.71,102.71,56.49,15.41,False,North,Online,Premium
O006475,C1294,2023-03-09,Home & Kitchen,1,221.04,221.04,92.84,22.1,False,North,Partner,Regular
O002044,C0392,2024-01-30,Beauty,1,41.52,35.29,21.88,0.0,False,South,Online,Regular
O002051,C0397,2024-05-02,Sports,2,200.84,401.69,152.64,40.17,False,West,Online,Regular
O007326,C1453,2024-04-30,Sports,1,202.02,202.02,76.77,0.0,False,West,Online,Regular
O005398,C1081,2023-06-17,Electronics,1,377.46,377.46,83.04,37.75,True,South,Retail,Regular
O004494,C0905,2023-02-15,Beauty,1,23.51,19.99,12.39,1.0,False,South,Online,Premium
O006947,C1389,2023-06-28,Sports,1,157.35,157.35,59.79,0.0,False,Central,Online,Premium
O001860,C0351,2023-03-31,Sports,2,97.57,195.14,74.15,0.0,False,West,Online,Regular
O008035,C1594,2023-02-27,Clothing,1,60.64,51.55,28.35,7.73,True,East,Online,Regular
O002353,C0463,2024-01-23,Beauty,2,91.51,155.56,96.45,0.0,False,South,Online,Regular
O009561,C1924,2024-09-01,Electronics,1,529.31,529.31,116.45,0.0,False,South,App,Regular
O009906,C1975,2023-09-04,Beauty,2,35.67,71.34,44.23,3.57,False,East,Online,Regular
O009891,C1972,2023-04-09,Home & Kitchen,1,108.4,108.4,45.53,5.42,False,North,Partner,Regular
O002274,C0447,2024-06-06,Electronics,1,298.72,298.72,65.72,14.94,False,North,Retail,Regular
O002298,C0452,2024-12-18,Home & Kitchen,1,8.3,10.79,4.53,1.62,False,West,Online,Regular
O004924,C0983,2024-02-18,Beauty,1,46.99,39.94,24.76,7.99,False,Central,Online,Premium
O006515,C1301,2023-05-31,Home & Kitchen,1,5.0,5.0,2.1,1.0,False,West,Retail,Premium
O002237,C0434,2024-08-12,Home & Kitchen,1,42.94,42.94,18.03,6.44,False,East,App,Regular
O000887,C0161,2024-10-10,Sports,1,216.65,216.65,82.33,43.33,False,South,Online,Regular
O000675,C0122,2023-11-05,Sports,1,49.92,64.9,24.66,0.0,False,South,Retail,Premium
O004394,C0886,2024-12-18,Beauty,1,56.89,73.95,45.85,7.4,False,West,Online,Occasional
O000998,C0191,2024-09-22,Beauty,1,5.0,5.0,3.1,0.0,False,South,Online,Regular
O006247,C1235,2024-10-04,Clothing,1,86.6,86.6,47.63,0.0,False,North,Partner,Regular
O008885,C1789,2023-07-24,Electronics,1,369.45,369.45,81.28,18.47,False,East,Partner,Occasional
O009751,C1949,2023-12-25,Beauty,1,35.72,46.44,28.79,2.32,False,West,Retail,Occasional
O002376,C0466,2023-05-09,Beauty,2,34.76,69.51,43.1,10.43,False,Central,Retail,Regular
O000965,C0186,2024-09-06,Electronics,1,354.59,354.59,78.01,53.19,False,North,Retail,Regular
O005793,C1145,2023-01-11,Home & Kitchen,1,103.13,87.66,36.82,17.53,False,West,Online,Premium
O003504,C0698,2023-06-04,Home & Kitchen,2,51.9,103.81,43.6,20.76,True,West,Partner,Premium
O004184,C0840,2023-04-09,Home & Kitchen,1,124.06,124.06,52.11,24.81,False,East,Retail,Regular
O005582,C1113,2023-01-15,Beauty,2,18.45,31.36,19.44,3.14,False,East,App,Regular
O006367,C1268,2024-03-01,Home & Kitchen,1,30.69,30.69,12.89,4.6,False,South,Retail,Regular
O009401,C1886,2024-11-30,Sports,1,82.23,106.9,40.62,10.69,False,North,Online,Premium
O005236,C1037,2024-05-29,Clothing,1,71.83,71.83,39.51,0.0,False,South,Online,Premium
O007930,C1571,2024-06-19,Electronics,1,278.49,278.49,61.27,0.0,False,North,Retail,Regular
O004803,C0958,2023-07-02,Sports,1,138.84,138.84,52.76,0.0,False,West,Online,Premium
O008632,C1738,2024-03-20,Clothing,3,98.75,296.25,162.94,44.44,False,West,Partner,Regular
O006013,C1191,2024-08-24,Clothing,1,33.72,33.72,18.55,6.74,False,South,App,Regular
O009536,C1919,2023-09-10,Sports,2,22.84,45.67,17.35,0.0,False,South,App,Regular
O008285,C1658,2023-02-18,Beauty,2,5.0,8.5,5.27,1.7,False,North,App,Regular
O001042,C0198,2023-02-15,Beauty,1,5.0,4.25,2.64,0.85,False,North,Online,Occasional
O007760,C1539,2024-02-23,Beauty,1,53.5,45.47,28.19,0.0,False,North,Retail,Regular
O008417,C1694,2024-02-20,Home & Kitchen,1,79.22,67.34,28.28,0.0,False,North,App,Regular
O000512,C0099,2024-08-24,Electronics,1,16.93,16.93,3.72,2.54,False,East,Online,Regular
O007978,C1583,2023-07-07,Sports,1,110.85,110.85,42.12,0.0,False,North,Online,Occasional
O003347,C0663,2023-09-02,Electronics,1,429.95,429.95,94.59,0.0,False,South,Online,Premium
O009128,C1836,2024-03-02,Beauty,1,67.14,67.14,41.63,10.07,False,West,App,Regular
O007337,C1454,2024-08-31,Sports,1,187.72,187.72,71.33,0.0,False,West,Online,Premium
O005397,C1081,2024-04-13,Home & Kitchen,1,70.85,70.85,29.76,10.63,False,South,Retail,Regular
O004617,C0927,2024-09-15,Beauty,1,26.98,26.98,16.73,1.35,False,North,App,Premium
O008679,C1747,2023-12-02,Sports,3,5.0,19.5,7.41,0.0,False,West,Online,Premium
O003464,C0691,2024-09-27,Beauty,1,64.16,64.16,39.78,0.0,False,West,App,Occasional
O001973,C0378,2023-05-30,Beauty,1,73.94,73.94,45.84,11.09,False,South,Online,Regular
O007334,C1454,2024-04-14,Home & Kitchen,1,129.68,129.68,54.47,0.0,True,West,Online,Premium
O008614,C1734,2024-05-10,Electronics,1,37.32,37.32,8.21,3.73,False,West,Online,Regular
O006032,C1194,2024-03-17,Clothing,2,75.56,151.12,83.12,0.0,False,East,Online,Premium
O007718,C1531,2024-04-16,Electronics,1,174.43,174.43,38.37,17.44,False,Central,Online,Premium
O006174,C1217,2024-10-27,Beauty,1,47.11,47.11,29.21,0.0,False,South,Online,Occasional
O005744,C1138,2023-05-01,Sports,1,169.23,169.23,64.31,8.46,False,Central,Retail,Occasional
O004197,C0843,2024-04-19,Home & Kitchen,1,54.66,54.66,22.96,8.2,False,West,Online,Regular
O010019,C1996,2023-06-17,Beauty,1,53.65,53.65,33.26,0.0,False,East,Retail,Premium
O009117,C1835,2023-03-11,Beauty,3,53.3,159.89,99.13,0.0,False,Central,Online,Regular
O002120,C0405,2024-01-29,Beauty,1,62.78,53.36,33.08,2.67,False,Central,Online,Premium
O007258,C1445,2024-05-23,Electronics,1,424.94,424.94,93.49,63.74,False,West,Online,Premium
O000956,C0183,2023-08-11,Electronics,1,440.95,440.95,97.01,0.0,False,South,Online,Regular
O005421,C1085,2024-05-15,Home & Kitchen,1,122.88,122.88,51.61,0.0,False,South,Retail,Premium
O000635,C0116,2023-12-01,Beauty,1,10.04,13.05,8.09,0.0,False,Central,Retail,Regular
O002182,C0419,2023-12-17,Home & Kitchen,1,55.58,72.25,30.34,0.0,False,East,Online,Occasional
O009454,C1894,2023-06-26,Clothing,1,30.02,30.02,16.51,1.5,False,North,Online,Premium
O000164,C0033,2023-06-25,Home & Kitchen,1,82.29,82.29,34.56,12.34,False,West,Online,Regular
O001803,C0343,2023-12-05,Beauty,1,16.39,21.3,13.21,1.07,False,Central,App,Premium
O006687,C1333,2024-07-31,Sports,1,152.58,152.58,57.98,7.63,False,East,Partner,Regular
O007375,C1461,2024-11-11,Sports,2,67.56,175.66,66.75,8.78,False,Central,App,Regular
O009593,C1929,2023-04-04,Electronics,2,145.29,290.57,63.93,29.06,False,East,App,Premium
O001394,C0263,2023-02-27,Beauty,1,58.84,50.02,31.01,5.0,False,Central,Online,Premium
O008745,C1759,2024-05-02,Electronics,1,229.54,229.54,50.5,22.95,False,South,Online,Premium
O006745,C1347,2023-07-20,Beauty,1,20.86,20.86,12.93,0.0,True,East,Retail,Occasional
O004216,C0848,2023-04-07,Electronics,1,527.68,527.68,116.09,26.38,False,East,Retail,Premium
O007793,C1545,2024-08-05,Beauty,1,65.18,65.18,40.41,9.78,False,Central,App,Occasional
O005495,C1099,2024-09-29,Sports,1,5.0,5.0,1.9,0.25,False,South,Online,Regular
O009252,C1855,2024-11-18,Clothing,1,85.3,110.89,60.99,0.0,False,East,App,Premium
O002828,C0559,2023-02-20,Sports,1,102.09,86.78,32.98,0.0,False,West,Retail,Regular
O009337,C1874,2023-01-11,Electronics,1,172.59,146.7,32.27,22.0,False,Central,Online,Regular
O008577,C1726,2024-11-30,Clothing,1,13.45,17.49,9.62,0.0,False,Central,Partner,Occasional
O006966,C1391,2023-07-28,Electronics,1,132.9,132.9,29.24,0.0,False,Central,Online,Regular
O004147,C0834,2024-01-18,Home & Kitchen,1,126.1,107.19,45.02,10.72,False,North,App,Regular
O008151,C1628,2024-06-03,Clothing,2,104.22,208.44,114.64,0.0,False,South,Retail,Regular
O006040,C1196,2023-01-16,Home & Kitchen,3,178.22,454.45,190.87,0.0,True,East,App,Premium
O001992,C0379,2024-01-10,Electronics,1,427.12,363.05,79.87,36.3,False,West,Online,Premium
O007309,C1451,2024-02-13,Electronics,2,389.39,661.96,145.63,0.0,False,North,App,Premium
O005306,C1057,2024-04-23,Clothing,1,97.45,97.45,53.6,0.0,False,East,App,Regular
O009195,C1846,2023-08-10,Beauty,2,50.93,101.87,63.16,20.37,True,North,App,Premium
O000003,C0002,2023-10-23,Electronics,1,47.79,47.79,10.51,0.0,False,North,Retail,Regular
O005312,C1060,2024-11-06,Clothing,1,81.7,106.21,58.42,15.93,False,West,Partner,Regular
O007479,C1481,2023-07-15,Clothing,1,119.42,119.42,65.68,17.91,False,Central,App,Regular
O002301,C0452,2023-04-16,Beauty,1,47.84,47.84,29.66,0.0,False,West,Online,Regular
O002365,C0464,2023-05-20,Beauty,1,13.2,13.2,8.18,0.0,False,North,Retail,Premium
O005072,C1008,2023-11-20,Beauty,1,34.77,45.2,28.02,0.0,True,West,Retail,Regular
O000599,C0110,2024-10-14,Sports,2,151.61,303.22,115.22,0.0,False,West,App,Regular
O008687,C1748,2023-07-26,Electronics,1,290.85,290.85,63.99,0.0,False,East,Online,Occasional
O009237,C1853,2024-05-06,Home & Kitchen,3,107.43,322.28,135.36,0.0,False,East,Retail,Regular
O005355,C1065,2024-04-16,Home & Kitchen,1,43.22,43.22,18.15,0.0,False,West,App,Premium
O005735,C1136,2024-04-30,Home & Kitchen,1,97.31,97.31,40.87,19.46,False,Central,Online,Premium
O006938,C1387,2024-02-23,Electronics,1,251.39,213.68,47.01,0.0,False,Central,App,Regular
O005307,C1057,2024-04-01,Beauty,2,5.0,10.0,6.2,0.0,False,East,App,Regular
O000824,C0150,2024-05-11,Home & Kitchen,1,17.03,17.03,7.15,0.0,False,West,App,Occasional
O007410,C1466,2023-11-14,Beauty,2,31.73,82.51,51.16,0.0,False,East,Online,Premium
O008605,C1733,2023-11-25,Sports,1,90.72,117.94,44.82,0.0,False,Central,Online,Premium
O007958,C1579,2023-12-03,Clothing,1,22.82,29.67,16.32,2.97,False,North,Retail,Occasional
O007116,C1417,2024-11-15,Beauty,1,37.43,48.66,30.17,0.0,False,Central,App,Premium
O005647,C1121,2023-06-14,Beauty,2,38.94,77.89,48.29,11.68,False,Central,Online,Premium
O005610,C1117,2023-11-09,Beauty,1,75.0,97.5,60.45,14.62,False,East,Online,Premium
O000715,C0132,2024-10-10,Sports,1,104.87,104.87,39.85,0.0,False,South,App,Premium
O005137,C1022,2024-08-29,Sports,1,87.45,87.45,33.23,8.75,False,North,Online,Regular
O008573,C1725,2024-07-04,Home & Kitchen,2,130.12,260.24,109.3,52.05,False,East,Online,Regular
O005887,C1167,2024-11-02,Sports,1,67.08,87.2,33.14,0.0,False,North,Partner,Premium
O002058,C0398,2023-01-02,Clothing,2,99.86,169.76,93.37,33.95,False,West,Retail,Occasional
O008503,C1713,2024-03-17,Clothing,1,94.78,94.78,52.13,14.22,True,East,Online,Premium
O005262,C1043,2024-04-29,Clothing,1,110.47,110.47,60.76,22.09,False,East,Online,Regular
O000449,C0087,2024-04-19,Beauty,1,28.04,28.04,17.38,4.21,False,East,Partner,Regular
O005230,C1035,2024-11-01,Beauty,1,62.85,81.7,50.65,0.0,False,North,Online,Regular
O008559,C1721,2023-03-13,Beauty,2,5.0,10.0,6.2,0.0,False,South,App,Premium
O007582,C1503,2023-12-01,Clothing,2,122.94,319.64,175.8,0.0,False,Central,Online,Regular
O005886,C1167,2023-06-02,Clothing,1,151.98,151.98,83.59,30.4,False,North,Partner,Premium
O008915,C1794,2024-10-03,Sports,1,98.23,98.23,37.33,19.65,False,South,App,Regular
O005466,C1095,2024-08-11,Electronics,1,283.36,283.36,62.34,0.0,False,Central,App,Regular
O003432,C0685,2024-12-14,Sports,1,185.69,241.39,91.73,48.28,True,Central,Retail,Regular
O001441,C0270,2023-09-16,Beauty,1,37.25,37.25,23.1,0.0,False,South,Retail,Regular
O007119,C1417,2023-08-16,Clothing,1,5.0,5.0,2.75,0.75,False,Central,App,Premium
O002682,C0534,2024-11-25,Electronics,1,126.84,164.89,36.28,16.49,False,North,Online,Regular
O003750,C0757,2024-01-05,Home & Kitchen,1,124.16,105.53,44.32,15.83,False,South,App,Premium
O009971,C1988,2024-04-12,Home & Kitchen,2,100.41,200.82,84.34,0.0,False,East,Partner,Premium
O005894,C1168,2023-04-03,Electronics,1,520.92,520.92,114.6,0.0,False,West,Retail,Regular
O006303,C1248,2023-07-30,Electronics,1,407.75,407.75,89.7,61.16,False,South,Partner,Regular
O000510,C0099,2024-09-09,Beauty,1,73.32,73.32,45.46,0.0,False,East,Online,Regular
O000298,C0058,2023-08-01,Electronics,1,305.62,305.62,67.24,45.84,False,Central,Partner,Regular
O003010,C0593,2024-06-04,Beauty,1,38.37,38.37,23.79,0.0,True,South,Retail,Regular
O003831,C0774,2024-08-08,Clothing,1,80.24,80.24,44.13,4.01,False,South,Retail,Premium
O002619,C0522,2023-02-15,Clothing,1,69.37,58.96,32.43,11.79,False,West,Online,Regular
O009743,C1947,2024-04-22,Beauty,1,56.76,56.76,35.19,8.51,False,West,Online,Premium
O009124,C1836,2024-02-27,Electronics,2,241.18,410.0,90.2,0.0,False,West,App,Regular
O009573,C1926,2024-12-04,Beauty,1,33.22,43.18,26.77,2.16,False,North,Retail,Regular
O005029,C1002,2024-07-01,Electronics,1,142.87,142.87,31.43,21.43,False,East,App,Premium
O009232,C1851,2023-08-29,Beauty,2,43.42,86.85,53.85,4.34,False,South,Online,Regular
O004542,C0915,2023-04-04,Electronics,1,481.9,481.9,106.02,0.0,False,East,App,Occasional
O006131,C1208,2023-11-28,Clothing,1,6.45,8.39,4.61,1.26,False,South,Online,Premium
O009334,C1873,2024-04-08,Electronics,1,381.38,381.38,83.9,0.0,False,South,Online,Premium
O004836,C0963,2024-04-26,Home & Kitchen,1,109.58,109.58,46.02,21.92,False,East,App,Regular
O009412,C1888,2024-06-21,Sports,2,135.57,271.14,103.03,40.67,False,East,App,Regular
O000170,C0035,2024-08-13,Clothing,1,130.82,130.82,71.95,0.0,False,North,App,Regular
O007634,C1518,2023-04-25,Home & Kitchen,1,52.65,52.65,22.11,10.53,False,East,Online,Premium
O003819,C0772,2024-04-15,Beauty,1,24.97,24.97,15.48,0.0,False,North,Retail,Regular
O001022,C0196,2023-09-23,Sports,1,152.9,152.9,58.1,0.0,False,Central,Online,Regular
O003749,C0757,2024-05-22,Clothing,1,100.0,100.0,55.0,20.0,False,South,App,Premium
O006485,C1295,2023-07-28,Electronics,1,107.83,107.83,23.72,0.0,False,West,Retail,Premium
O004271,C0861,2024-12-20,Home & Kitchen,1,105.94,137.72,57.84,6.89,False,South,Online,Regular
O001491,C0282,2023-09-24,Electronics,1,243.59,243.59,53.59,24.36,False,South,App,Regular
O007172,C1429,2023-11-23,Sports,1,24.4,31.71,12.05,4.76,False,North,App,Occasional
O001535,C0292,2023-03-08,Home & Kitchen,1,161.46,161.46,67.81,32.29,False,Central,App,Regular
O009457,C1894,2023-03-14,Electronics,1,184.59,184.59,40.61,0.0,False,North,Online,Premium
O008998,C1812,2023-04-08,Sports,1,218.45,218.45,83.01,0.0,False,North,Retail,Premium
O001468,C0275,2024-02-19,Clothing,1,43.69,37.13,20.42,1.86,False,West,Retail,Regular
O005382,C1075,2024-07-15,Home & Kitchen,1,147.05,147.05,61.76,7.35,False,North,App,Regular
O000436,C0086,2024-04-04,Home & Kitchen,1,62.4,62.4,26.21,12.48,False,Central,App,Regular
O003245,C0645,2024-04-01,Clothing,1,17.9,17.9,9.85,0.0,True,North,Retail,Regular
O004793,C0957,2023-05-26,Home & Kitchen,2,123.86,247.71,104.04,0.0,False,North,Online,Premium
O008010,C1588,2024-10-23,Electronics,1,162.41,162.41,35.73,32.48,False,West,App,Regular
O003004,C0593,2023-03-08,Sports,1,136.38,136.38,51.82,6.82,False,South,Retail,Regular
O009818,C1959,2024-08-26,Electronics,1,544.21,544.21,119.73,54.42,False,South,Online,Regular
O004043,C0819,2024-04-18,Clothing,3,51.98,155.94,85.77,0.0,False,West,Retail,Premium
O001621,C0310,2023-06-13,Clothing,1,5.0,5.0,2.75,0.0,False,East,Retail,Occasional
O004295,C0865,2024-03-03,Electronics,1,294.38,294.38,64.76,14.72,False,South,Online,Occasional
O009840,C1966,2024-09-30,Beauty,2,60.15,120.3,74.59,6.02,False,East,App,Occasional
O001552,C0296,2024-10-17,Clothing,2,113.99,227.98,125.39,0.0,False,West,Online,Premium
O009258,C1855,2024-03-21,Beauty,2,74.58,149.16,92.48,14.92,False,East,App,Premium
O008831,C1772,2024-03-01,Electronics,3,374.38,1123.15,247.09,0.0,False,West,App,Regular
O005395,C1079,2023-02-25,Sports,1,5.0,4.25,1.62,0.85,False,North,Partner,Occasional
O006638,C1324,2024-06-07,Electronics,1,394.37,394.37,86.76,59.16,False,South,Online,Occasional
O007193,C1431,2023-02-16,Home & Kitchen,1,5.0,4.25,1.78,0.0,False,West,Online,Regular
O002153,C0414,2023-09-25,Clothing,2,101.88,203.76,112.07,0.0,False,Central,Retail,Regular
O007197,C1432,2023-07-31,Electronics,1,5.0,5.0,1.1,1.0,False,North,Retail,Occasional
O001575,C0301,2023-04-19,Clothing,1,51.37,51.37,28.25,2.57,False,Central,Online,Regular
O008130,C1625,2023-12-30,Electronics,1,54.73,71.15,15.65,0.0,False,North,Online,Regular
O008964,C1805,2024-03-16,Clothing,1,17.64,17.64,9.7,0.0,False,South,Partner,Regular
O003163,C0624,2024-10-14,Home & Kitchen,2,93.26,186.53,78.34,0.0,False,West,Retail,Regular
O008107,C1618,2023-06-04,Sports,2,92.73,185.47,70.48,0.0,False,East,Retail,Regular
O003617,C0722,2024-07-21,Electronics,1,372.5,372.5,81.95,18.62,False,East,Retail,Regular
O005497,C1099,2023-09-19,Home & Kitchen,2,72.31,144.61,60.74,0.0,False,South,Online,Regular
O007136,C1419,2024-01-21,Sports,1,83.46,70.94,26.96,14.19,False,East,Retail,Premium
O008042,C1596,2024-02-28,Electronics,1,608.06,516.85,113.71,103.37,False,West,Online,Regular
O000693,C0127,2023-05-20,Beauty,2,19.26,38.52,23.88,0.0,False,West,App,Regular
O000830,C0151,2024-03-01,Beauty,2,65.88,131.76,81.69,19.76,False,West,Online,Regular
O009044,C1821,2024-10-09,Sports,2,38.93,77.87,29.59,7.79,False,West,App,Premium
O006057,C1198,2023-10-21,Beauty,1,20.51,20.51,12.72,1.03,False,West,Partner,Premium
O009260,C1855,2023-08-26,Electronics,1,440.14,440.14,96.83,66.02,False,East,App,Premium
O005847,C1157,2023-12-06,Clothing,1,44.22,57.48,31.61,2.87,False,East,Retail,Occasional
O004290,C0864,2023-03-04,Clothing,2,32.09,64.18,35.3,6.42,False,Central,Online,Regular
O002662,C0531,2024-04-13,Sports,1,256.75,256.75,97.56,25.68,False,East,Retail,Regular
O000854,C0155,2023-05-01,Home & Kitchen,1,118.79,118.79,49.89,23.76,False,South,Online,Regular
O003075,C0605,2023-08-05,Sports,2,191.18,382.36,145.3,57.35,True,West,Partner,Regular
O003965,C0798,2024-03-26,Sports,1,40.41,40.41,15.36,2.02,False,Central,Online,Premium
O006730,C1340,2023-06-28,Sports,1,136.72,136.72,51.95,20.51,False,West,Partner,Premium
O005663,C1123,2023-12-17,Electronics,1,612.43,796.15,175.15,39.81,False,West,Online,Premium
O004000,C0808,2023-03-24,Home & Kitchen,3,94.11,282.34,118.58,56.47,False,North,Partner,Regular
O001049,C0199,2023-08-18,Clothing,1,66.53,66.53,36.59,0.0,False,West,Online,Premium
O007011,C1399,2024-02-24,Beauty,1,26.98,22.94,14.22,0.0,False,West,App,Regular
O000571,C0105,2024-11-06,Electronics,1,168.36,218.87,48.15,10.94,False,Central,Online,Premium
O006858,C1371,2024-01-01,Clothing,1,78.51,66.74,36.71,13.35,True,North,Retail,Premium
O000719,C0132,2024-01-22,Home & Kitchen,1,189.61,161.17,67.69,0.0,False,South,App,Premium
O001409,C0264,2024-02-11,Home & Kitchen,1,5.0,4.25,1.78,0.64,False,Central,Partner,Premium
O005205,C1031,2023-04-30,Clothing,2,15.08,30.15,16.58,6.03,True,North,App,Premium
O003925,C0791,2024-12-04,Home & Kitchen,2,179.03,465.47,195.5,46.55,False,West,Online,Regular
O001570,C0299,2024-09-12,Home & Kitchen,1,39.69,39.69,16.67,5.95,False,South,App,Regular
O002130,C0409,2023-07-19,Electronics,1,392.74,392.74,86.4,0.0,False,East,Online,Regular
O009811,C1958,2024-04-25,Clothing,1,67.06,67.06,36.88,0.0,False,North,Online,Premium
O007846,C1554,2023-09-06,Electronics,1,491.85,491.85,108.21,98.37,False,North,Online,Occasional
O008769,C1762,2024-10-03,Home & Kitchen,1,75.72,75.72,31.8,0.0,False,East,Partner,Premium
O003266,C0648,2023-04-03,Clothing,1,75.31,75.31,41.42,0.0,False,West,Online,Occasional
O008645,C1743,2024-01-26,Sports,1,45.05,38.29,14.55,0.0,False,South,App,Premium
O008572,C1724,2024-09-29,Sports,1,5.0,5.0,1.9,0.0,False,West,Partner,Regular
O003338,C0662,2023-07-03,Clothing,1,33.25,33.25,18.29,0.0,False,East,Online,Premium
O004624,C0927,2023-03-25,Clothing,1,104.53,104.53,57.49,20.91,True,North,App,Premium
O001846,C0350,2024-07-04,Home & Kitchen,1,73.02,73.02,30.67,7.3,False,East,Online,Premium
O003962,C0798,2023-08-12,Home & Kitchen,1,184.09,184.09,77.32,0.0,False,Central,Online,Premium
O007559,C1498,2024-04-16,Clothing,1,42.24,42.24,23.23,0.0,True,North,Online,Regular
O009625,C1933,2023-05-28,Electronics,1,102.01,102.01,22.44,15.3,False,Central,App,Regular
O004640,C0929,2023-10-15,Sports,2,135.01,270.02,102.61,40.5,True,South,Partner,Regular
O007124,C1418,2024-06-09,Beauty,1,39.89,39.89,24.73,5.98,False,East,Online,Premium
O008386,C1687,2024-02-13,Electronics,1,5.0,4.25,0.94,0.85,False,Central,App,Regular
O004509,C0908,2024-07-07,Sports,2,130.54,261.07,99.21,0.0,False,North,Retail,Regular
O005754,C1139,2024-02-12,Beauty,2,55.82,94.89,58.83,4.74,False,South,Online,Premium
O007465,C1476,2024-08-04,Electronics,1,120.25,120.25,26.46,24.05,False,Central,Retail,Regular
O004455,C0898,2024-01-14,Home & Kitchen,1,57.42,48.81,20.5,7.32,False,Central,Online,Regular
O003071,C0603,2024-10-02,Home & Kitchen,1,125.27,125.27,52.61,0.0,False,South,Retail,Regular
O002031,C0390,2024-09-13,Home & Kitchen,3,114.06,342.19,143.72,17.11,False,North,Online,Occasional
O006804,C1357,2024-07-31,Sports,2,130.44,260.88,99.13,26.09,False,Central,Online,Premium
O001571,C0299,2023-05-21,Sports,1,185.39,185.39,70.45,9.27,False,South,App,Regular
O005612,C1117,2023-02-06,Beauty,1,16.12,13.71,8.5,0.69,False,East,Online,Premium
O000368,C0073,2023-05-24,Sports,1,102.05,102.05,38.78,5.1,False,West,App,Regular
O009179,C1844,2024-02-20,Clothing,1,77.44,65.83,36.21,0.0,False,Central,Retail,Premium
O006483,C1295,2024-05-22,Sports,3,204.13,612.39,232.71,0.0,False,West,Retail,Premium
O003663,C0732,2024-12-02,Clothing,2,101.62,264.22,145.32,52.84,False,West,App,Regular
O009241,C1854,2024-01-22,Clothing,2,56.35,95.8,52.69,0.0,False,East,Online,Regular
O006212,C1228,2023-02-22,Electronics,1,518.63,440.83,96.98,88.17,True,East,Online,Regular
O004726,C0946,2024-11-06,Beauty,1,21.99,28.58,17.72,2.86,False,East,Online,Regular
O003280,C0650,2023-07-14,Clothing,1,75.84,75.84,41.71,0.0,True,East,App,Regular
O002271,C0447,2023-06-28,Home & Kitchen,2,73.18,146.36,61.47,29.27,False,North,Retail,Regular
O000253,C0047,2024-07-30,Clothing,1,64.29,64.29,35.36,0.0,False,South,App,Regular
O009719,C1945,2023-09-15,Electronics,1,217.57,217.57,47.87,21.76,False,West,Online,Premium
O008313,C1664,2023-06-13,Beauty,1,41.3,41.3,25.61,6.19,False,West,Online,Occasional
O002050,C0397,2023-04-09,Clothing,1,113.49,113.49,62.42,0.0,False,West,Online,Regular
O008396,C1690,2023-09-17,Beauty,1,32.53,32.53,20.17,0.0,False,North,Retail,Regular
O006462,C1291,2024-03-08,Beauty,1,52.88,52.88,32.79,0.0,False,West,App,Regular
O006164,C1214,2023-07-01,Home & Kitchen,2,113.42,226.84,95.27,22.68,False,East,Retail,Premium
O005988,C1184,2023-04-20,Beauty,2,66.49,132.97,82.44,0.0,False,East,App,Regular
O005454,C1091,2024-06-26,Home & Kitchen,2,62.69,125.37,52.66,6.27,False,North,Retail,Regular
O006434,C1285,2024-01-08,Sports,1,47.14,40.07,15.23,2.0,False,East,Online,Premium
O006046,C1197,2023-03-11,Electronics,1,183.21,183.21,40.31,0.0,False,North,Online,Regular
O008624,C1737,2023-06-27,Electronics,1,503.57,503.57,110.79,75.54,False,East,Online,Regular
O002771,C0550,2024-07-13,Clothing,1,5.0,5.0,2.75,0.0,False,North,Online,Premium
O008761,C1761,2024-01-12,Home & Kitchen,1,8.41,7.15,3.0,1.07,False,West,Online,Regular
O000289,C0056,2024-11-23,Electronics,1,202.88,263.75,58.02,52.75,False,East,App,Regular
O009584,C1928,2023-10-01,Sports,1,47.38,47.38,18.0,4.74,False,North,App,Regular
O006249,C1236,2023-04-16,Beauty,1,62.68,62.68,38.86,0.0,False,South,App,Regular
O001928,C0372,2024-08-03,Clothing,1,76.27,76.27,41.95,0.0,False,West,App,Regular
O008863,C1781,2024-09-09,Electronics,1,5.0,5.0,1.1,1.0,False,North,Online,Regular
O002559,C0507,2024-12-07,Clothing,1,16.61,21.59,11.87,3.24,False,South,Online,Premium
O004507,C0907,2024-02-01,Home & Kitchen,1,116.85,99.32,41.71,0.0,False,West,Online,Regular
O005813,C1146,2023-07-05,Home & Kitchen,1,94.09,94.09,39.52,4.7,False,West,Online,Premium
O009904,C1974,2023-11-13,Beauty,1,70.94,92.22,57.18,13.83,False,Central,Online,Occasional
O000714,C0132,2024-05-26,Sports,1,39.12,39.12,14.87,0.0,True,South,App,Premium
O000642,C0118,2024-11-07,Electronics,2,124.41,323.48,71.17,16.17,False,East,Online,Regular
O001524,C0290,2024-01-18,Sports,1,84.9,72.17,27.42,0.0,False,Central,Online,Regular
O002265,C0442,2023-01-21,Clothing,2,62.88,106.9,58.8,5.35,False,East,App,Regular
O008984,C1812,2023-11-29,Beauty,2,51.77,134.61,83.46,26.92,False,North,Retail,Premium
O003091,C0609,2024-04-11,Clothing,1,100.96,100.96,55.53,20.19,False,East,Online,Regular
O004887,C0975,2023-11-06,Beauty,1,44.6,57.98,35.95,8.7,False,Central,Online,Regular
O004861,C0968,2023-03-28,Clothing,1,112.12,112.12,61.67,0.0,False,South,Online,Regular
O000350,C0069,2023-05-18,Beauty,2,27.62,55.24,34.25,11.05,False,North,App,Regular
O009193,C1846,2024-06-07,Sports,1,92.47,92.47,35.14,0.0,False,North,App,Premium
O004209,C0847,2023-09-12,Electronics,1,569.27,569.27,125.24,56.93,False,West,Online,Regular
O004870,C0969,2024-05-24,Clothing,1,90.58,90.58,49.82,0.0,True,East,App,Premium
O003744,C0756,2024-06-10,Clothing,1,5.0,5.0,2.75,0.0,False,North,Retail,Premium
O005976,C1182,2024-10-30,Sports,1,119.12,119.12,45.27,17.87,False,West,Partner,Occasional
O001532,C0292,2023-04-16,Beauty,1,5.0,5.0,3.1,0.25,False,Central,App,Regular
O001872,C0353,2024-09-25,Sports,1,100.67,100.67,38.25,0.0,False,East,Online,Regular
O005850,C1159,2024-12-09,Electronics,1,181.1,235.43,51.79,0.0,False,Central,App,Occasional
O005006,C1000,2024-06-02,Home & Kitchen,1,55.94,55.94,23.49,0.0,False,East,Online,Regular
O006286,C1244,2023-08-14,Electronics,1,324.4,324.4,71.37,0.0,False,West,Online,Premium
O008061,C1603,2023-08-22,Beauty,1,53.46,53.46,33.15,2.67,False,North,App,Regular
O003603,C0718,2023-03-30,Clothing,1,114.01,114.01,62.71,0.0,False,North,Partner,Premium
O008944,C1802,2023-05-07,Clothing,2,85.08,170.17,93.59,25.53,False,West,Online,Occasional
O009731,C1947,2024-05-13,Clothing,1,62.21,62.21,34.22,0.0,False,West,Online,Premium
O007873,C1558,2023-05-31,Home & Kitchen,1,88.37,88.37,37.12,8.84,False,West,App,Premium
O009045,C1822,2023-08-23,Sports,1,117.8,117.8,44.76,17.67,False,South,Online,Occasional
O007922,C1570,2023-09-08,Sports,1,63.89,63.89,24.28,0.0,False,West,Online,Regular
O004338,C0873,2023-02-17,Beauty,1,61.13,51.96,32.22,10.39,False,North,Online,Premium
O000897,C0163,2024-01-02,Electronics,1,319.89,271.91,59.82,54.38,False,North,Online,Regular
O000978,C0189,2023-03-14,Electronics,1,406.49,406.49,89.43,40.65,False,Central,App,Occasional
O000725,C0132,2024-07-10,Home & Kitchen,1,72.8,72.8,30.58,0.0,False,South,App,Premium
O007433,C1471,2023-07-01,Beauty,1,71.07,71.07,44.06,14.21,False,West,Online,Regular
O003706,C0745,2024-03-17,Sports,1,69.15,69.15,26.28,0.0,False,West,Online,Occasional
O001658,C0317,2023-09-04,Electronics,1,135.98,135.98,29.92,0.0,False,West,App,Occasional
O007226,C1438,2024-12-05,Electronics,1,428.17,556.62,122.46,0.0,False,West,Retail,Occasional
O005993,C1186,2024-10-15,Electronics,2,210.99,421.97,92.83,0.0,False,East,App,Premium
O009483,C1904,2024-05-24,Clothing,1,88.77,88.77,48.82,17.75,False,South,Online,Occasional
O003782,C0764,2024-12-31,Clothing,2,26.72,69.48,38.21,13.9,False,West,Online,Premium
O002502,C0491,2023-08-10,Sports,1,101.91,101.91,38.73,10.19,False,West,Retail,Premium
O000795,C0145,2024-09-03,Beauty,1,54.71,54.71,33.92,2.74,False,West,Online,Regular
O002558,C0507,2024-05-14,Electronics,3,265.23,795.68,175.05,159.14,True,South,Online,Premium
O002287,C0448,2023-10-26,Clothing,1,68.07,68.07,37.44,10.21,False,West,Online,Premium
O002367,C0464,2024-04-11,Electronics,1,316.74,316.74,69.68,31.67,False,North,Retail,Premium
O003633,C0725,2023-01-30,Beauty,1,94.37,80.22,49.74,0.0,False,Central,Online,Regular
O002388,C0468,2023-09-30,Electronics,1,609.55,609.55,134.1,121.91,False,West,App,Premium
O007796,C1546,2023-01-24,Home & Kitchen,1,138.61,117.82,49.48,17.67,False,West,Online,Premium
O009576,C1927,2023-03-03,Electronics,1,214.63,214.63,47.22,0.0,False,North,App,Regular
O004171,C0839,2024-02-13,Clothing,1,80.43,68.36,37.6,0.0,False,East,App,Regular
O008592,C1732,2024-02-18,Home & Kitchen,1,163.5,138.98,58.37,0.0,False,Central,App,Regular
O004685,C0937,2023-11-20,Sports,1,6.71,8.73,3.32,0.0,False,South,Online,Premium
O003287,C0651,2023-11-12,Sports,1,117.78,153.11,58.18,7.66,False,East,App,Occasional
O004935,C0984,2023-07-29,Clothing,2,53.31,106.62,58.64,5.33,True,East,App,Regular
O004419,C0890,2023-01-24,Clothing,1,16.25,13.81,7.6,0.0,False,South,Partner,Regular
O004282,C0862,2024-05-22,Clothing,1,90.87,90.87,49.98,13.63,False,West,Online,Regular
O008269,C1652,2023-04-24,Electronics,1,425.26,425.26,93.56,0.0,False,West,Online,Regular
O009186,C1844,2024-12-07,Clothing,1,90.78,118.02,64.91,17.7,False,Central,Retail,Premium
O008757,C1760,2023-05-28,Sports,1,100.55,100.55,38.21,0.0,False,Central,Online,Regular
O007154,C1422,2024-10-08,Sports,1,77.16,77.16,29.32,7.72,False,West,Retail,Regular
O009444,C1894,2023-09-30,Beauty,2,61.93,123.86,76.79,12.39,False,North,Online,Premium
O000340,C0065,2023-06-30,Beauty,1,67.59,67.59,41.91,0.0,False,South,Retail,Regular
O008431,C1697,2023-10-31,Electronics,1,337.61,337.61,74.27,67.52,True,East,Online,Premium
O005708,C1129,2023-10-20,Clothing,1,121.42,121.42,66.78,6.07,False,South,App,Regular
O002241,C0436,2023-08-30,Electronics,2,220.24,440.49,96.91,44.05,False,Central,Retail,Occasional
O000212,C0041,2023-02-19,Sports,1,227.58,193.44,73.51,0.0,False,East,App,Premium
O007293,C1449,2024-12-26,Sports,2,27.63,71.84,27.3,3.59,False,North,Online,Regular
O007754,C1537,2024-02-10,Sports,1,59.58,50.64,19.24,0.0,False,East,Online,Premium
O009672,C1939,2023-04-05,Clothing,2,5.0,10.0,5.5,1.0,False,West,Online,Regular
O008543,C1719,2023-07-25,Clothing,1,80.99,80.99,44.54,0.0,False,East,Online,Regular
O004174,C0839,2024-02-02,Clothing,1,19.44,16.52,9.09,3.3,False,East,App,Regular
O006600,C1317,2023-11-05,Beauty,2,22.23,57.79,35.83,0.0,False,West,Retail,Premium
O001613,C0308,2024-02-14,Sports,1,56.71,48.2,18.32,2.41,False,West,Retail,Regular
O003676,C0737,2023-08-15,Beauty,1,18.3,18.3,11.35,3.66,False,South,Retail,Regular
O006272,C1243,2023-12-18,Beauty,1,22.32,29.01,17.99,0.0,False,West,Online,Regular
O003753,C0757,2023-12-02,Electronics,2,564.72,1468.27,323.02,73.41,False,South,App,Premium
O009803,C1957,2024-05-09,Clothing,1,5.0,5.0,2.75,1.0,False,West,App,Regular
O004286,C0863,2024-02-14,Beauty,1,71.24,60.55,37.54,3.03,False,South,App,Occasional
O004755,C0951,2024-04-25,Clothing,1,78.42,78.42,43.13,0.0,False,West,App,Regular
O009160,C1841,2024-06-05,Electronics,1,5.0,5.0,1.1,1.0,False,South,Online,Regular
O003224,C0637,2024-11-14,Electronics,3,704.06,2745.82,604.08,549.16,False,South,App,Premium
O007921,C1570,2024-10-28,Home & Kitchen,1,138.74,138.74,58.27,27.75,False,West,Online,Regular
O008784,C1766,2024-04-19,Beauty,1,5.0,5.0,3.1,0.5,False,South,App,Premium
O007298,C1450,2023-05-11,Home & Kitchen,1,99.58,99.58,41.82,19.92,False,East,Online,Regular
O003796,C0766,2023-04-12,Beauty,2,37.29,74.57,46.23,11.19,False,West,Online,Premium
O009525,C1918,2023-05-23,Home & Kitchen,2,206.64,413.28,173.58,82.66,False,Central,Online,Regular
O006822,C1362,2024-01-24,Home & Kitchen,2,48.04,81.66,34.3,12.25,False,South,Partner,Premium
O003972,C0800,2024-05-01,Clothing,1,70.95,70.95,39.02,10.64,False,East,Online,Premium
O003227,C0637,2023-03-17,Clothing,1,55.51,55.51,30.53,0.0,False,South,App,Premium
O001038,C0197,2023-04-16,Electronics,1,342.91,342.91,75.44,34.29,False,West,Online,Premium
O007265,C1446,2024-01-14,Electronics,1,321.14,272.97,60.05,13.65,False,South,Online,Regular
O004920,C0982,2024-11-05,Clothing,1,57.21,74.37,40.9,14.87,False,East,App,Regular
O004555,C0919,2023-11-24,Clothing,2,72.05,187.33,103.03,0.0,False,North,App,Occasional
O003759,C0758,2024-07-21,Clothing,1,51.43,51.43,28.29,2.57,False,South,Online,Regular
O002938,C0575,2024-06-12,Sports,2,143.16,286.32,108.8,42.95,False,South,Online,Regular
O001410,C0264,2023-05-07,Electronics,1,163.11,163.11,35.88,24.47,False,Central,Partner,Premium
O006671,C1331,2024-11-04,Home & Kitchen,1,117.98,153.37,64.42,0.0,False,South,Partner,Regular
O003829,C0773,2024-11-06,Clothing,1,109.6,142.47,78.36,14.25,False,North,App,Occasional
O006028,C1194,2023-12-16,Clothing,1,5.0,6.5,3.58,0.32,True,East,Online,Premium
O004804,C0958,2023-01-23,Sports,1,5.0,4.25,1.62,0.0,False,West,Online,Premium
O005817,C1146,2023-07-04,Sports,1,120.69,120.69,45.86,18.1,False,West,Online,Premium
O008486,C1711,2023-10-03,Clothing,1,45.14,45.14,24.83,4.51,True,East,Online,Premium
O009557,C1924,2024-08-04,Clothing,1,5.0,5.0,2.75,0.25,True,South,App,Regular
O000945,C0179,2023-05-17,Sports,1,73.66,73.66,27.99,11.05,False,East,Retail,Premium
O006629,C1323,2023-02-26,Beauty,1,25.35,21.55,13.36,0.0,False,North,App,Premium
O004604,C0926,2024-03-18,Clothing,1,85.89,85.89,47.24,0.0,True,South,Retail,Premium
O004940,C0985,2024-04-07,Home & Kitchen,1,169.36,169.36,71.13,25.4,False,South,App,Regular
O007869,C1557,2024-05-01,Sports,1,55.8,55.8,21.2,8.37,False,West,Online,Regular
O009778,C1955,2024-06-10,Home & Kitchen,1,129.17,129.17,54.25,0.0,False,North,Retail,Premium
O004308,C0866,2024-11-03,Electronics,2,302.07,785.38,172.78,39.27,False,Central,App,Premium
O006495,C1298,2023-06-24,Home & Kitchen,1,96.48,96.48,40.52,0.0,False,West,Online,Premium
O009210,C1848,2023-02-21,Electronics,1,540.95,459.8,101.16,91.96,False,South,Online,Regular
O004259,C0858,2023-07-12,Clothing,1,20.97,20.97,11.53,4.19,True,North,Online,Regular
O004626,C0927,2023-03-21,Beauty,1,22.51,22.51,13.96,2.25,False,North,App,Premium
O001216,C0230,2024-01-09,Clothing,1,27.19,23.11,12.71,0.0,False,East,App,Premium
O000362,C0071,2024-09-17,Beauty,1,41.97,41.97,26.02,8.39,False,East,Retail,Premium
O004605,C0926,2024-09-17,Sports,1,56.54,56.54,21.49,5.65,False,South,Retail,Premium
O005574,C1112,2024-05-19,Beauty,1,95.56,95.56,59.25,19.11,False,North,Partner,Premium
O002249,C0440,2024-10-07,Beauty,1,60.64,60.64,37.6,6.06,False,North,App,Regular
O002884,C0569,2024-07-17,Sports,1,50.56,50.56,19.21,0.0,False,South,Online,Premium
O004645,C0930,2023-08-15,Sports,1,122.41,122.41,46.52,0.0,False,South,App,Regular
O009702,C1943,2023-09-09,Beauty,1,45.83,45.83,28.41,2.29,False,North,Online,Premium
O000745,C0138,2024-04-01,Electronics,1,545.42,545.42,119.99,0.0,False,West,Online,Regular
O004009,C0809,2024-03-06,Beauty,1,24.7,24.7,15.31,2.47,False,North,App,Regular
O008141,C1626,2023-06-29,Electronics,1,258.09,258.09,56.78,25.81,False,West,App,Regular
O001927,C0372,2023-06-06,Sports,1,162.38,162.38,61.7,16.24,False,West,App,Regular
O008067,C1604,2023-05-03,Sports,1,5.0,5.0,1.9,0.75,False,Central,Online,Regular
O002193,C0423,2023-08-23,Clothing,1,54.72,54.72,30.1,0.0,False,West,Online,Regular
O007541,C1493,2023-11-04,Beauty,2,77.96,202.7,125.67,0.0,False,East,App,Regular
O005895,C1169,2023-05-11,Home & Kitchen,1,140.32,140.32,58.93,0.0,False,West,App,Occasional
O006580,C1313,2023-03-30,Sports,2,42.67,85.34,32.43,12.8,False,Central,Online,Premium
O000084,C0015,2024-09-14,Clothing,1,11.72,11.72,6.45,1.76,False,East,Online,Regular
O002455,C0479,2023-09-27,Clothing,1,86.52,86.52,47.59,8.65,False,South,Online,Regular
O005554,C1109,2024-12-25,Home & Kitchen,1,65.1,84.63,35.54,16.93,True,North,App,Premium
O004374,C0882,2023-08-22,Beauty,1,37.72,37.72,23.39,0.0,False,North,Online,Regular
O007881,C1558,2023-09-23,Clothing,1,126.09,126.09,69.35,0.0,False,West,App,Premium
O001529,C0291,2023-09-12,Home & Kitchen,2,70.71,141.41,59.39,0.0,False,North,App,Regular
O009034,C1820,2024-03-03,Electronics,1,107.13,107.13,23.57,0.0,False,West,App,Occasional
O004923,C0982,2024-03-11,Home & Kitchen,1,85.94,85.94,36.09,12.89,False,East,App,Regular
O004759,C0952,2024-08-23,Home & Kitchen,1,5.0,5.0,2.1,0.75,False,West,App,Regular
O000591,C0109,2023-08-20,Clothing,1,29.37,29.37,16.15,0.0,False,North,Online,Premium
O008985,C1812,2024-02-17,Sports,1,172.66,146.76,55.77,7.34,True,North,Retail,Premium
O007177,C1430,2024-05-15,Clothing,1,59.22,59.22,32.57,5.92,False,East,Retail,Premium
O004978,C0994,2023-02-10,Electronics,1,78.32,66.58,14.65,9.99,False,South,App,Premium
O004476,C0903,2024-09-08,Electronics,1,486.1,486.1,106.94,97.22,False,East,Online,Regular
O008969,C1808,2024-01-06,Clothing,1,47.06,40.0,22.0,6.0,False,South,Online,Regular
O003730,C0753,2023-01-15,Electronics,1,482.12,409.8,90.16,40.98,False,West,Online,Regular
O000283,C0056,2023-11-29,Clothing,2,58.22,151.38,83.26,22.71,True,East,App,Regular
O001082,C0207,2023-09-01,Beauty,1,48.64,48.64,30.16,2.43,False,North,Retail,Premium
O004422,C0890,2023-11-08,Electronics,1,125.59,163.27,35.92,24.49,False,South,Partner,Regular
O003124,C0617,2023-01-12,Beauty,1,43.35,36.85,22.85,1.84,False,West,App,Premium
O004770,C0954,2024-05-02,Home & Kitchen,1,92.94,92.94,39.03,13.94,True,West,App,Regular
O001554,C0296,2023-02-19,Sports,1,17.57,14.93,5.67,1.49,False,West,Online,Premium
O008072,C1607,2024-06-25,Home & Kitchen,1,88.75,88.75,37.28,0.0,False,North,Online,Regular
O005283,C1049,2024-02-28,Clothing,1,79.05,67.19,36.95,10.08,False,East,Online,Regular
O001293,C0243,2023-02-25,Sports,1,123.92,105.33,40.03,0.0,False,West,Online,Premium
O003675,C0737,2023-06-08,Sports,2,103.08,206.16,78.34,20.62,False,South,Retail,Regular
O009025,C1817,2023-05-05,Home & Kitchen,1,96.48,96.48,40.52,9.65,False,East,Online,Premium
O002551,C0504,2023-09-20,Home & Kitchen,1,5.0,5.0,2.1,1.0,False,West,Online,Regular
O004353,C0877,2023-05-01,Beauty,1,45.54,45.54,28.23,9.11,True,Central,Retail,Regular
O004237,C0853,2024-09-10,Beauty,1,27.39,27.39,16.98,0.0,False,Central,App,Regular
O005284,C1051,2023-07-12,Beauty,2,39.12,78.23,48.5,0.0,False,West,App,Regular
O000654,C0122,2024-01-04,Sports,1,135.92,115.53,43.9,23.11,False,South,Retail,Premium
O004544,C0916,2023-06-22,Beauty,2,46.25,92.5,57.35,0.0,False,East,Online,Regular
O008122,C1623,2023-12-23,Electronics,1,290.36,377.47,83.04,0.0,False,Central,App,Regular
O001624,C0311,2024-08-05,Sports,3,145.26,435.77,165.59,65.37,False,West,Online,Regular
O005718,C1132,2024-01-05,Home & Kitchen,1,70.61,60.02,25.21,9.0,False,East,Online,Regular
O006548,C1308,2024-02-05,Beauty,1,22.45,19.09,11.84,1.91,True,West,App,Premium
O007591,C1506,2023-08-29,Electronics,1,150.49,150.49,33.11,0.0,False,North,Online,Regular
O003294,C0653,2024-10-31,Electronics,1,282.06,282.06,62.05,42.31,False,West,Partner,Premium
O006859,C1371,2023-08-14,Electronics,1,242.69,242.69,53.39,12.13,False,North,Retail,Premium
O004922,C0982,2023-08-19,Beauty,1,30.66,30.66,19.01,1.53,False,East,App,Regular
O002083,C0401,2023-11-20,Sports,2,161.11,418.88,159.17,20.94,False,North,Partner,Premium
O001176,C0221,2023-01-27,Electronics,1,238.06,202.35,44.52,0.0,False,East,App,Regular
O008237,C1644,2024-01-30,Sports,1,5.0,4.25,1.62,0.64,False,South,Online,Premium
O006615,C1319,2023-01-28,Sports,1,106.54,90.56,34.41,18.11,False,North,Online,Regular
O003549,C0708,2024-01-17,Clothing,1,93.7,79.64,43.8,3.98,False,North,Retail,Regular
O009230,C1851,2023-06-28,Home & Kitchen,3,44.68,134.03,56.29,0.0,False,South,Online,Regular
O002825,C0559,2024-08-14,Electronics,1,168.49,168.49,37.07,33.7,False,West,Retail,Regular
O009533,C1919,2024-06-16,Clothing,3,87.52,262.57,144.41,0.0,False,South,App,Regular
O009311,C1866,2024-02-07,Sports,1,244.66,207.96,79.02,0.0,False,South,Online,Premium
O001116,C0212,2024-12-03,Clothing,1,55.99,72.79,40.03,0.0,False,North,App,Premium
O000155,C0031,2023-03-22,Electronics,1,434.36,434.36,95.56,0.0,False,East,Online,Premium
O002217,C0427,2023-05-04,Beauty,1,57.72,57.72,35.79,8.66,False,North,Online,Regular
O005116,C1015,2023-10-12,Electronics,1,361.14,361.14,79.45,0.0,False,North,Retail,Regular
O005431,C1088,2024-10-30,Sports,1,110.03,110.03,41.81,5.5,False,Central,Online,Regular
O008980,C1809,2024-08-24,Electronics,1,537.47,537.47,118.24,0.0,False,Central,Online,Regular
O008229,C1642,2024-08-27,Beauty,2,5.0,10.0,6.2,1.0,False,South,App,Occasional
O000648,C0120,2024-01-25,Clothing,1,64.21,54.58,30.02,8.19,False,Central,Retail,Regular
O001565,C0298,2024-10-07,Clothing,2,8.62,17.24,9.48,0.0,False,South,App,Occasional
O008185,C1634,2024-05-24,Clothing,1,118.91,118.91,65.4,0.0,False,East,Online,Occasional
O008673,C1746,2024-11-09,Electronics,1,403.08,524.0,115.28,78.6,False,South,Online,Regular
O009366,C1878,2024-09-10,Home & Kitchen,1,98.2,98.2,41.24,4.91,False,West,Retail,Regular
O008048,C1598,2023-09-09,Home & Kitchen,1,146.44,146.44,61.5,0.0,False,North,App,Regular
O008331,C1673,2024-11-07,Clothing,1,121.59,158.06,86.93,7.9,False,Central,Online,Regular
O005628,C1120,2023-06-09,Beauty,2,27.96,55.93,34.68,11.19,False,East,Online,Regular
O003934,C0795,2023-07-26,Electronics,1,474.89,474.89,104.48,0.0,False,West,Online,Premium
O003740,C0755,2024-03-26,Beauty,1,50.63,50.63,31.39,7.59,True,North,Online,Regular
O001510,C0287,2023-12-07,Clothing,1,37.83,49.18,27.05,7.38,False,West,App,Premium
O005097,C1012,2024-01-27,Electronics,1,331.69,281.93,62.02,28.19,False,West,Partner,Regular
O001145,C0218,2023-12-06,Clothing,1,67.0,87.1,47.9,0.0,False,South,App,Premium
O009236,C1853,2024-12-20,Clothing,1,102.83,133.68,73.52,13.37,False,East,Retail,Regular
O005789,C1145,2023-05-17,Sports,1,119.37,119.37,45.36,5.97,False,West,Online,Premium
O009404,C1887,2024-12-18,Clothing,1,64.26,83.53,45.94,0.0,False,South,Online,Occasional
O007028,C1404,2023-03-25,Home & Kitchen,2,81.79,163.58,68.7,8.18,False,North,Online,Premium
O000471,C0090,2023-08-28,Sports,2,138.73,277.45,105.43,55.49,False,West,Online,Premium
O003087,C0609,2024-03-23,Beauty,1,100.55,100.55,62.34,0.0,False,East,Online,Regular
O004556,C0919,2024-02-27,Electronics,1,349.48,297.06,65.35,0.0,False,North,App,Occasional
O006722,C1340,2023-02-16,Electronics,1,488.35,415.1,91.32,0.0,False,West,Partner,Premium
O009914,C1976,2023-03-17,Beauty,2,44.74,89.48,55.48,0.0,True,West,Online,Regular
O001418,C0266,2023-09-22,Beauty,1,89.42,89.42,55.44,13.41,False,South,Online,Regular
O007889,C1560,2024-06-19,Clothing,1,16.19,16.19,8.9,0.0,False,West,Retail,Regular
O001282,C0240,2023-04-14,Clothing,2,11.83,23.66,13.01,0.0,False,West,Online,Premium
O002776,C0552,2024-12-30,Beauty,1,46.13,59.96,37.18,0.0,False,West,Partner,Premium
O008325,C1669,2023-12-02,Electronics,1,411.79,535.32,117.77,0.0,False,North,App,Regular
O000961,C0185,2023-05-24,Clothing,1,47.6,47.6,26.18,0.0,False,East,App,Regular
O004421,C0890,2023-09-22,Electronics,1,165.31,165.31,36.37,0.0,False,South,Partner,Regular
O009949,C1985,2024-05-22,Home & Kitchen,1,84.84,84.84,35.63,0.0,False,South,Partner,Premium
O000180,C0036,2023-11-01,Clothing,1,101.02,131.33,72.23,6.57,False,North,Online,Regular
O009327,C1873,2024-10-15,Sports,1,16.39,16.39,6.23,0.0,False,South,Online,Premium
O004955,C0990,2023-06-25,Beauty,1,12.94,12.94,8.02,0.0,False,South,Partner,Regular
O002711,C0539,2023-07-12,Electronics,2,376.77,753.54,165.78,0.0,False,South,Online,Regular
O003208,C0635,2023-04-05,Home & Kitchen,1,29.08,29.08,12.21,0.0,False,South,Online,Premium
O009371,C1879,2024-09-20,Sports,1,7.77,7.77,2.95,0.39,False,Central,App,Regular
O005524,C1105,2023-10-07,Clothing,1,41.28,41.28,22.7,0.0,False,South,App,Regular
O006624,C1323,2024-02-07,Electronics,1,370.86,315.23,69.35,0.0,False,North,App,Premium
O006238,C1234,2024-01-02,Sports,1,89.33,75.93,28.85,0.0,False,East,Retail,Regular
O005362,C1069,2024-11-12,Electronics,1,459.87,597.83,131.52,119.57,False,South,Online,Regular
O005926,C1174,2023-09-06,Home & Kitchen,2,138.65,277.3,116.47,0.0,False,West,Retail,Premium
O003653,C0730,2023-12-31,Clothing,1,30.58,39.76,21.87,0.0,False,North,Retail,Premium
O005679,C1124,2024-05-29,Beauty,2,22.96,45.92,28.47,4.59,False,Central,Online,Premium
O005438,C1089,2024-08-23,Clothing,1,60.17,60.17,33.09,6.02,False,South,Retail,Occasional
O008651,C1743,2023-08-22,Home & Kitchen,1,91.08,91.08,38.25,0.0,False,South,App,Premium
O008695,C1749,2024-02-02,Electronics,1,396.34,336.89,74.12,0.0,False,East,Online,Regular
O006941,C1388,2024-07-18,Sports,1,175.67,175.67,66.75,0.0,False,East,Online,Regular
O001982,C0379,2024-04-25,Clothing,1,72.73,72.73,40.0,3.64,False,West,Online,Premium
O002797,C0554,2024-12-30,Sports,1,178.76,232.39,88.31,0.0,False,East,Online,Premium
O009819,C1959,2024-11-29,Clothing,1,51.9,67.47,37.11,0.0,False,South,Online,Regular
O001986,C0379,2024-06-17,Sports,1,144.43,144.43,54.88,21.66,False,West,Online,Premium
O000617,C0113,2024-12-30,Sports,1,53.39,69.41,26.38,13.88,False,East,Partner,Premium
O007551,C1494,2023-07-23,Clothing,1,69.11,69.11,38.01,6.91,False,South,Online,Regular
O006956,C1389,2023-08-22,Electronics,1,395.1,395.1,86.92,0.0,False,Central,Online,Premium
O004316,C0867,2023-08-01,Home & Kitchen,1,159.9,159.9,67.16,0.0,False,West,Online,Regular
O002461,C0481,2024-09-26,Home & Kitchen,2,5.0,10.0,4.2,2.0,False,North,Retail,Regular
O003794,C0765,2023-08-25,Home & Kitchen,1,163.4,163.4,68.63,24.51,False,East,Online,Regular
O002250,C0440,2024-06-30,Home & Kitchen,1,79.66,79.66,33.46,11.95,False,North,App,Regular
O003292,C0653,2023-02-13,Home & Kitchen,1,136.37,115.92,48.69,5.8,False,West,Partner,Premium
O002964,C0580,2024-07-09,Electronics,1,568.66,568.66,125.11,0.0,False,East,App,Premium
O002479,C0486,2023-04-20,Home & Kitchen,1,42.29,42.29,17.76,2.11,False,West,App,Regular
O000741,C0137,2024-06-06,Home & Kitchen,1,58.37,58.37,24.52,8.76,False,South,Retail,Regular
O009549,C1923,2023-05-08,Beauty,1,73.71,73.71,45.7,3.69,False,West,Online,Regular
O006741,C1344,2024-12-16,Home & Kitchen,1,5.0,6.5,2.73,0.32,False,North,Online,Regular
O001578,C0301,2023-09-27,Home & Kitchen,1,30.8,30.8,12.94,6.16,False,Central,Online,Regular
O009979,C1990,2024-08-28,Electronics,1,455.68,455.68,100.25,0.0,False,South,Partner,Regular
O005604,C1117,2023-05-01,Home & Kitchen,2,89.03,178.07,74.79,0.0,False,East,Online,Premium
O006295,C1246,2024-06-08,Beauty,1,38.92,38.92,24.13,1.95,False,Central,Retail,Regular
O005563,C1111,2023-08-23,Beauty,1,17.72,17.72,10.99,0.0,False,West,App,Regular
O001386,C0263,2024-03-02,Beauty,1,18.79,18.79,11.65,1.88,False,Central,Online,Premium
O009505,C1910,2023-04-04,Clothing,2,25.52,51.05,28.08,7.66,False,North,Partner,Occasional
O007628,C1516,2024-09-10,Clothing,1,60.21,60.21,33.12,12.04,False,North,Online,Regular
O008886,C1790,2024-01-25,Sports,1,52.42,44.55,16.93,2.23,False,East,App,Occasional
O001110,C0212,2024-07-02,Beauty,1,69.71,69.71,43.22,0.0,False,North,App,Premium
O003830,C0774,2024-12-02,Electronics,1,434.46,564.8,124.26,56.48,True,South,Retail,Premium
O005716,C1132,2024-11-30,Sports,1,180.93,235.21,89.38,23.52,False,East,Online,Regular
O002275,C0447,2024-04-02,Electronics,1,5.0,5.0,1.1,0.0,False,North,Retail,Regular
O008811,C1770,2024-09-17,Sports,1,43.62,43.62,16.58,8.72,False,East,Online,Regular
O002288,C0448,2023-10-01,Beauty,1,20.67,20.67,12.82,2.07,False,West,Online,Premium
O005927,C1174,2023-08-18,Sports,1,28.96,28.96,11.0,0.0,False,West,Retail,Premium
O003718,C0747,2023-07-24,Clothing,1,96.52,96.52,53.09,0.0,False,South,Retail,Regular
O009439,C1892,2024-12-19,Electronics,1,120.06,156.08,34.34,7.8,False,West,Online,Occasional
O006917,C1383,2024-11-29,Sports,3,255.48,996.37,378.62,0.0,False,South,Partner,Regular
O004343,C0874,2024-11-16,Clothing,1,54.32,70.62,38.84,0.0,False,North,Partner,Regular
O000556,C0104,2023-07-08,Beauty,1,62.9,62.9,39.0,6.29,False,North,App,Premium
O002520,C0496,2023-06-11,Clothing,1,83.91,83.91,46.15,8.39,False,Central,Partner,Regular
O007698,C1528,2024-12-06,Home & Kitchen,1,162.98,211.88,88.99,42.38,False,West,Retail,Occasional
O002969,C0581,2023-09-08,Sports,2,86.06,172.12,65.41,0.0,False,Central,Online,Regular
O004035,C0817,2023-03-28,Beauty,2,5.0,10.0,6.2,0.5,False,Central,App,Regular
O008198,C1637,2023-06-11,Sports,1,61.43,61.43,23.34,0.0,False,East,App,Premium
O007273,C1448,2023-09-13,Beauty,1,46.91,46.91,29.08,0.0,False,North,App,Premium
O004268,C0860,2024-04-30,Home & Kitchen,1,28.79,28.79,12.09,1.44,False,South,Online,Regular
O000614,C0113,2023-11-19,Home & Kitchen,2,96.85,251.8,105.76,0.0,False,East,Partner,Premium
O003352,C0663,2023-04-01,Electronics,1,586.56,586.56,129.04,87.98,False,South,Online,Premium
O009784,C1956,2024-11-07,Electronics,1,446.34,580.24,127.65,87.04,False,South,App,Premium
O006201,C1226,2023-01-16,Home & Kitchen,1,50.04,42.54,17.87,0.0,False,East,Retail,Premium
O003649,C0729,2023-05-19,Electronics,1,104.4,104.4,22.97,0.0,True,South,App,Regular
O002773,C0550,2023-11-28,Sports,1,5.0,6.5,2.47,0.32,False,North,Online,Premium
O001130,C0215,2023-04-07,Beauty,1,48.67,48.67,30.18,2.43,False,East,Online,Regular
O008724,C1755,2024-07-24,Electronics,1,389.06,389.06,85.59,0.0,True,East,App,Regular
O005247,C1041,2023-03-29,Sports,1,175.02,175.02,66.51,8.75,False,East,Retail,Regular
O005409,C1084,2024-03-13,Home & Kitchen,2,44.81,89.62,37.64,13.44,False,South,App,Occasional
O002173,C0416,2023-08-14,Home & Kitchen,1,24.08,24.08,10.11,3.61,False,North,App,Occasional
O007246,C1442,2023-10-08,Sports,1,175.24,175.24,66.59,8.76,False,North,Retail,Regular
O004371,C0882,2024-10-06,Sports,1,32.18,32.18,12.23,4.83,False,North,Online,Regular
O005871,C1165,2023-02-14,Electronics,1,425.2,361.42,79.51,36.14,False,Central,App,Regular
O003045,C0600,2024-10-13,Electronics,1,228.57,228.57,50.29,45.71,False,West,Partner,Premium
O005762,C1141,2023-07-31,Sports,1,194.95,194.95,74.08,0.0,False,North,Online,Regular
O008705,C1751,2023-07-13,Electronics,1,499.46,499.46,109.88,99.89,False,South,App,Regular
O001064,C0203,2024-01-13,Beauty,1,54.24,46.11,28.59,0.0,False,North,Retail,Regular
O006620,C1321,2024-06-08,Sports,1,110.4,110.4,41.95,0.0,False,North,Retail,Regular
O007359,C1457,2024-01-28,Sports,1,163.75,139.18,52.89,0.0,False,South,Retail,Regular
O000094,C0017,2024-03-30,Sports,2,64.37,128.74,48.92,25.75,False,West,App,Premium
O000662,C0122,2023-12-29,Home & Kitchen,1,100.08,130.11,54.65,13.01,False,South,Retail,Premium
O009591,C1929,2024-07-08,Clothing,1,62.57,62.57,34.41,6.26,False,East,App,Premium
O007556,C1496,2023-05-25,Electronics,1,414.03,414.03,91.09,82.81,False,North,Online,Occasional
O008445,C1703,2024-08-06,Beauty,1,48.64,48.64,30.16,0.0,False,North,App,Premium
O007368,C1459,2024-09-21,Sports,1,33.53,33.53,12.74,0.0,False,West,Online,Occasional
O003532,C0706,2024-04-11,Sports,1,5.0,5.0,1.9,0.0,True,East,Online,Premium
O003636,C0727,2024-01-06,Electronics,1,140.32,119.27,26.24,11.93,False,West,Partner,Premium
O005576,C1112,2024-11-24,Sports,1,42.38,55.09,20.93,5.51,False,North,Partner,Premium
O008496,C1711,2024-12-24,Beauty,1,75.83,98.58,61.12,0.0,False,East,Online,Premium
O000203,C0041,2023-11-17,Clothing,1,5.0,6.5,3.58,0.0,False,East,App,Premium
O006920,C1384,2023-12-12,Home & Kitchen,2,47.95,124.66,52.36,12.47,False,Central,App,Regular
O009451,C1894,2024-11-10,Clothing,1,110.22,143.29,78.81,7.16,False,North,Online,Premium
O000009,C0002,2024-05-26,Sports,1,226.74,226.74,86.16,22.67,False,North,Retail,Regular
O003028,C0595,2023-06-27,Clothing,1,28.12,28.12,15.47,4.22,False,North,App,Regular
O001569,C0299,2023-10-04,Beauty,1,73.03,73.03,45.28,7.3,False,South,App,Regular
O001202,C0229,2023-04-03,Clothing,2,5.0,10.0,5.5,0.0,True,South,App,Premium
O009126,C1836,2024-02-15,Electronics,1,290.12,246.61,54.25,24.66,False,West,App,Regular
O006836,C1366,2023-09-01,Beauty,2,62.04,124.08,76.93,0.0,True,West,App,Regular
O002199,C0424,2024-11-10,Beauty,2,41.51,107.93,66.92,5.4,False,West,Online,Premium
O002542,C0502,2023-10-10,Beauty,1,43.27,43.27,26.83,4.33,False,West,Retail,Regular
O009300,C1865,2023-04-17,Sports,1,68.17,68.17,25.9,6.82,False,East,App,Premium
O009133,C1837,2023-06-12,Home & Kitchen,1,104.09,104.09,43.72,0.0,True,East,Online,Regular
O008498,C1711,2023-12-29,Clothing,1,78.28,101.76,55.97,0.0,True,East,Online,Premium
O004884,C0974,2023-07-25,Sports,1,178.51,178.51,67.83,0.0,False,South,Online,Regular
O006359,C1265,2024-04-17,Clothing,1,54.09,54.09,29.75,0.0,True,Central,App,Regular
O007627,C1515,2024-10-11,Clothing,1,40.51,40.51,22.28,0.0,False,North,App,Occasional
O001350,C0256,2023-01-13,Clothing,1,68.77,58.45,32.15,11.69,False,Central,Online,Regular
O000607,C0111,2024-12-09,Clothing,1,51.67,67.17,36.94,6.72,False,Central,Online,Regular
O008385,C1687,2024-06-19,Beauty,1,48.51,48.51,30.08,0.0,False,Central,App,Regular
O004173,C0839,2023-08-02,Home & Kitchen,1,128.09,128.09,53.8,0.0,False,East,App,Regular
O004404,C0887,2024-09-25,Home & Kitchen,1,98.42,98.42,41.34,14.76,False,Central,Online,Premium
O005462,C1093,2023-07-04,Home & Kitchen,1,81.31,81.31,34.15,0.0,False,West,Retail,Regular
O008303,C1660,2023-03-18,Beauty,1,46.08,46.08,28.57,0.0,False,East,Online,Premium
O002409,C0472,2023-11-02,Sports,2,138.86,361.04,137.2,0.0,False,South,Retail,Regular
O005710,C1130,2023-04-14,Home & Kitchen,2,5.0,10.0,4.2,0.5,False,West,Online,Regular
O003648,C0729,2024-04-17,Clothing,2,102.94,205.88,113.23,30.88,False,South,App,Regular
O002853,C0564,2024-10-06,Beauty,1,29.76,29.76,18.45,2.98,False,West,App,Premium
O006584,C1314,2023-10-25,Home & Kitchen,1,50.11,50.11,21.05,0.0,False,South,App,Regular
O007252,C1445,2023-08-16,Clothing,2,112.39,224.77,123.62,11.24,False,West,Online,Premium
O000399,C0081,2023-03-25,Sports,1,125.1,125.1,47.54,12.51,False,North,App,Regular
O004103,C0825,2023-09-24,Beauty,2,10.64,21.29,13.2,0.0,False,North,Online,Premium
O003803,C0767,2023-11-07,Home & Kitchen,1,75.96,98.75,41.48,9.88,False,West,Online,Regular
O006968,C1391,2024-11-28,Clothing,1,38.14,49.59,27.27,2.48,False,Central,Online,Regular
O003698,C0744,2024-12-05,Home & Kitchen,2,80.59,209.53,88.0,0.0,False,North,Online,Regular
O000264,C0050,2023-08-22,Electronics,1,407.3,407.3,89.61,61.1,False,North,App,Premium
O000265,C0050,2023-02-22,Electronics,1,575.43,489.11,107.6,48.91,False,North,App,Premium
O005580,C1113,2024-06-29,Sports,1,84.9,84.9,32.26,12.74,False,East,App,Regular
O003355,C0665,2024-07-25,Electronics,1,280.34,280.34,61.67,0.0,True,West,Partner,Regular
O006765,C1350,2024-04-30,Home & Kitchen,1,69.23,69.23,29.08,6.92,False,West,Online,Regular
O000720,C0132,2024-04-04,Home & Kitchen,2,75.49,150.97,63.41,15.1,False,South,App,Premium
O005549,C1109,2024-11-04,Beauty,1,10.4,13.52,8.38,0.0,False,North,App,Premium
O002555,C0507,2023-03-21,Clothing,1,5.0,5.0,2.75,0.75,True,South,Online,Premium
O001081,C0207,2023-07-30,Electronics,1,311.68,311.68,68.57,31.17,False,North,Retail,Premium
O008264,C1651,2024-01-10,Clothing,1,45.8,38.93,21.41,1.95,False,West,Retail,Regular
O000081,C0015,2024-06-09,Electronics,1,250.07,250.07,55.02,50.01,False,East,Online,Regular
O006508,C1298,2024-05-15,Sports,1,127.86,127.86,48.59,25.57,True,West,Online,Premium
O001424,C0267,2023-08-08,Home & Kitchen,3,160.41,481.22,202.11,96.24,False,South,App,Premium
O005702,C1129,2024-03-04,Sports,1,64.51,64.51,24.51,0.0,False,South,App,Regular
O006890,C1378,2024-03-30,Home & Kitchen,1,82.63,82.63,34.7,0.0,False,West,Retail,Regular
O002447,C0477,2024-07-10,Beauty,1,16.82,16.82,10.43,0.0,False,Central,Online,Occasional
O008787,C1766,2023-08-07,Electronics,1,207.26,207.26,45.6,10.36,False,South,App,Premium
O002028,C0389,2024-11-08,Sports,1,189.45,246.29,93.59,49.26,False,West,Retail,Premium
O009657,C1938,2024-01-09,Electronics,1,247.29,210.2,46.24,0.0,False,South,Partner,Premium
O006623,C1322,2023-10-28,Electronics,2,5.0,10.0,2.2,0.0,True,North,Online,Regular
O009638,C1936,2024-12-15,Clothing,1,107.73,140.05,77.03,0.0,False,North,App,Premium
O002791,C0554,2023-02-14,Electronics,1,118.97,101.13,22.25,20.23,False,East,Online,Premium
O005256,C1043,2024-08-19,Clothing,1,56.62,56.62,31.14,11.32,False,East,Online,Regular
O000793,C0145,2024-05-16,Home & Kitchen,1,119.94,119.94,50.37,11.99,False,West,Online,Regular
O001647,C0315,2023-12-21,Home & Kitchen,2,21.75,56.56,23.76,8.48,False,Central,Partner,Regular
O003535,C0706,2023-10-20,Home & Kitchen,1,164.56,164.56,69.12,0.0,False,East,Online,Premium
O000232,C0044,2023-05-12,Home & Kitchen,1,110.04,110.04,46.22,0.0,False,South,Online,Premium
O005369,C1072,2024-05-04,Electronics,1,160.63,160.63,35.34,24.09,False,Central,App,Regular
O008184,C1633,2023-06-16,Electronics,1,125.7,125.7,27.65,0.0,True,West,App,Regular
O004165,C0837,2023-02-26,Sports,1,35.94,30.55,11.61,4.58,False,West,Retail,Regular
O007544,C1493,2024-03-07,Electronics,1,361.97,361.97,79.63,18.1,False,East,App,Regular
O008691,C1749,2023-02-06,Electronics,1,5.0,4.25,0.94,0.21,True,East,Online,Regular
O001211,C0229,2023-01-23,Beauty,1,57.1,48.54,30.09,0.0,False,South,App,Premium
O008197,C1637,2024-06-21,Sports,1,118.51,118.51,45.03,0.0,False,East,App,Premium
O009163,C1841,2024-07-03,Electronics,2,469.93,939.85,206.77,0.0,False,South,Online,Regular
O003557,C0711,2024-07-13,Home & Kitchen,1,62.16,62.16,26.11,6.22,False,East,Retail,Regular
O009316,C1868,2024-04-09,Electronics,1,555.42,555.42,122.19,0.0,False,East,Online,Occasional
O009849,C1967,2024-05-13,Home & Kitchen,1,135.58,135.58,56.94,6.78,False,South,App,Premium
O007841,C1551,2024-08-16,Sports,1,89.98,89.98,34.19,18.0,False,North,Online,Regular
O008968,C1807,2023-11-23,Home & Kitchen,1,42.86,55.71,23.4,5.57,False,West,Online,Regular
O004806,C0958,2023-01-22,Clothing,2,50.88,86.5,47.58,17.3,False,West,Online,Premium
O005594,C1116,2023-06-29,Clothing,1,27.6,27.6,15.18,0.0,False,East,Partner,Regular
O000461,C0089,2023-04-14,Home & Kitchen,1,121.65,121.65,51.09,12.16,False,South,Retail,Premium
O006210,C1227,2024-09-23,Sports,1,93.32,93.32,35.46,14.0,False,East,App,Occasional
O003277,C0649,2024-12-06,Clothing,2,63.45,164.98,90.74,0.0,False,Central,App,Premium
O009523,C1917,2023-07-12,Electronics,1,225.9,225.9,49.7,45.18,False,Central,App,Regular
O002160,C0415,2024-07-04,Beauty,1,53.31,53.31,33.05,10.66,False,East,App,Premium
O007730,C1534,2023-06-24,Electronics,1,217.75,217.75,47.9,32.66,False,West,Retail,Regular
O003359,C0665,2024-07-06,Sports,1,81.78,81.78,31.08,8.18,False,West,Partner,Regular
O002935,C0574,2024-06-20,Electronics,1,423.36,423.36,93.14,0.0,False,East,App,Regular
O003327,C0661,2024-03-01,Sports,2,165.63,331.26,125.88,0.0,False,West,App,Regular
O007540,C1493,2024-11-25,Sports,1,132.62,172.41,65.52,8.62,False,East,App,Regular
O004561,C0921,2023-08-31,Home & Kitchen,1,36.69,36.69,15.41,1.83,False,East,Online,Regular
O008639,C1741,2023-08-15,Home & Kitchen,1,80.56,80.56,33.84,12.08,False,West,Online,Premium
O009794,C1956,2023-07-19,Beauty,1,35.22,35.22,21.84,1.76,False,South,App,Premium
O000260,C0050,2023-01-28,Beauty,1,43.1,36.64,22.72,3.66,False,North,App,Premium
O004039,C0818,2023-01-22,Clothing,1,27.76,23.59,12.97,0.0,False,South,Online,Regular
O010020,C1996,2023-04-10,Beauty,1,54.09,54.09,33.54,10.82,False,East,Retail,Premium
O003249,C0645,2024-11-11,Beauty,1,31.46,40.9,25.36,2.04,False,North,Retail,Regular
O004703,C0939,2023-02-25,Home & Kitchen,1,119.06,101.2,42.5,20.24,False,North,App,Occasional
O004323,C0870,2024-03-01,Electronics,1,384.6,384.6,84.61,19.23,False,West,App,Occasional
O007340,C1455,2023-08-20,Sports,1,29.69,29.69,11.28,0.0,False,Central,Online,Premium
O002681,C0534,2024-01-27,Electronics,1,179.86,152.88,33.63,15.29,False,North,Online,Regular
O006216,C1228,2023-06-27,Home & Kitchen,2,137.87,275.74,115.81,13.79,False,East,Online,Regular
O009093,C1830,2023-10-08,Sports,2,115.46,230.92,87.75,11.55,True,North,Online,Premium
O003896,C0785,2023-11-17,Beauty,1,46.01,59.82,37.09,0.0,False,West,Online,Regular
O003801,C0766,2024-09-11,Sports,2,189.32,378.65,143.89,56.8,False,West,Online,Premium
O002316,C0457,2023-02-05,Home & Kitchen,1,61.28,52.09,21.88,7.81,False,South,Retail,Premium
O009155,C1840,2023-08-02,Beauty,1,34.07,34.07,21.12,0.0,True,West,Online,Occasional
O005463,C1093,2024-07-22,Sports,1,16.16,16.16,6.14,0.81,False,West,Retail,Regular
O005599,C1117,2024-01-24,Sports,2,152.0,258.4,98.19,0.0,False,East,Online,Premium
O009397,C1886,2024-10-31,Sports,1,118.79,118.79,45.14,0.0,False,North,Online,Premium
O008593,C1732,2024-01-02,Home & Kitchen,1,15.84,13.47,5.66,0.0,False,Central,App,Regular
O001069,C0205,2024-08-28,Clothing,1,30.99,30.99,17.04,1.55,False,North,App,Premium
O008142,C1626,2024-08-15,Sports,1,66.47,66.47,25.26,9.97,False,West,App,Regular
O006352,C1262,2023-06-25,Home & Kitchen,1,52.13,52.13,21.89,5.21,False,East,Retail,Occasional
O006769,C1351,2023-03-10,Beauty,1,48.9,48.9,30.32,2.45,False,Central,Partner,Occasional
O004710,C0940,2023-05-08,Electronics,1,212.09,212.09,46.66,0.0,False,Central,Retail,Regular
O000008,C0002,2023-03-06,Home & Kitchen,2,90.32,180.65,75.87,0.0,True,North,Retail,Regular
O003375,C0668,2023-04-17,Home & Kitchen,1,163.0,163.0,68.46,24.45,False,North,Partner,Regular
O008064,C1603,2024-12-21,Clothing,1,17.9,23.28,12.8,0.0,False,North,App,Regular
O002374,C0465,2023-07-10,Home & Kitchen,1,142.38,142.38,59.8,0.0,False,Central,Online,Regular
O003428,C0685,2023-02-11,Beauty,1,5.0,4.25,2.64,0.21,False,Central,Retail,Regular
O005891,C1167,2023-03-10,Beauty,1,37.09,37.09,23.0,0.0,False,North,Partner,Premium
O004357,C0879,2024-03-28,Sports,1,5.0,5.0,1.9,1.0,False,South,Online,Regular
O002596,C0517,2024-12-15,Beauty,1,21.58,28.05,17.39,0.0,True,East,App,Premium
O000771,C0141,2023-06-13,Home & Kitchen,1,127.29,127.29,53.46,0.0,False,West,App,Premium
O001248,C0234,2024-12-26,Electronics,1,484.47,629.81,138.56,94.47,False,South,Online,Regular
O009677,C1940,2024-03-09,Home & Kitchen,2,56.89,113.77,47.78,0.0,True,North,App,Premium
O002930,C0573,2024-03-30,Beauty,1,36.77,36.77,22.8,3.68,False,South,App,Regular
O006402,C1279,2024-08-21,Beauty,1,34.12,34.12,21.15,6.82,False,South,Online,Regular
O003562,C0712,2023-05-31,Electronics,1,343.73,343.73,75.62,68.75,False,South,Online,Premium
O004049,C0819,2023-04-02,Electronics,1,60.75,60.75,13.36,0.0,True,West,Retail,Premium
O004945,C0987,2024-12-06,Beauty,1,81.44,105.87,65.64,10.59,False,West,Retail,Regular
O000705,C0130,2023-07-24,Sports,1,5.0,5.0,1.9,0.5,True,Central,Online,Regular
O006054,C1198,2023-05-24,Electronics,1,251.3,251.3,55.29,0.0,False,West,Partner,Premium
O005835,C1153,2023-05-16,Electronics,1,435.91,435.91,95.9,0.0,True,West,App,Occasional
O004582,C0924,2023-09-09,Sports,1,134.48,134.48,51.1,13.45,False,West,App,Premium
O005614,C1117,2024-05-14,Sports,2,179.39,358.77,136.33,0.0,False,East,Online,Premium
O005676,C1124,2024-03-15,Home & Kitchen,1,89.87,89.87,37.75,0.0,False,Central,Online,Premium
O001201,C0229,2024-05-17,Sports,1,93.44,93.44,35.51,0.0,False,South,App,Premium
O009873,C1969,2023-03-31,Sports,1,121.47,121.47,46.16,0.0,False,North,Retail,Premium
O000220,C0042,2024-01-10,Clothing,1,42.33,35.98,19.79,7.2,False,East,Online,Premium
O002106,C0404,2024-06-04,Home & Kitchen,1,73.19,73.19,30.74,3.66,False,West,App,Regular
O003225,C0637,2023-11-28,Electronics,1,351.09,456.42,100.41,0.0,False,South,App,Premium
O005257,C1043,2023-02-12,Clothing,1,35.83,30.46,16.75,0.0,False,East,Online,Regular
O005508,C1101,2023-07-17,Beauty,2,35.5,71.01,44.03,10.65,False,Central,Online,Premium
O005485,C1096,2023-08-03,Home & Kitchen,1,101.07,101.07,42.45,15.16,False,East,Retail,Premium
O004350,C0875,2024-07-29,Electronics,2,520.96,1041.91,229.22,0.0,False,East,App,Regular
O005353,C1065,2023-04-20,Home & Kitchen,2,215.19,430.39,180.76,21.52,False,West,App,Premium
O003508,C0701,2024-11-29,Sports,1,123.65,160.75,61.08,16.08,False,West,App,Regular
O003856,C0776,2023-12-12,Electronics,1,464.74,604.16,132.92,0.0,True,South,App,Premium
O001584,C0304,2023-08-01,Clothing,1,45.34,45.34,24.94,6.8,False,North,Online,Regular
O000616,C0113,2023-05-28,Clothing,2,52.11,104.22,57.32,20.84,False,East,Partner,Premium
O006259,C1240,2023-01-23,Sports,1,228.88,194.55,73.93,9.73,False,North,Retail,Regular
O009004,C1814,2023-11-07,Beauty,1,57.11,74.24,46.03,14.85,False,West,Online,Premium
O008587,C1730,2024-11-15,Electronics,1,152.08,197.7,43.49,19.77,False,North,App,Regular
O000927,C0174,2024-11-02,Sports,2,135.66,352.71,134.03,0.0,False,South,Retail,Regular
O009286,C1864,2024-11-27,Beauty,1,52.26,67.93,42.12,0.0,False,North,Online,Occasional
O002871,C0566,2024-10-02,Clothing,1,109.41,109.41,60.18,21.88,False,South,Online,Regular
O003658,C0730,2024-10-05,Home & Kitchen,2,92.01,184.03,77.29,0.0,False,North,Retail,Premium
O004210,C0847,2024-03-13,Electronics,1,57.78,57.78,12.71,0.0,False,West,Online,Regular
O003373,C0668,2024-09-23,Sports,1,154.31,154.31,58.64,30.86,False,North,Partner,Regular
O002719,C0543,2024-12-04,Electronics,1,214.29,278.58,61.29,0.0,False,South,App,Premium
O004483,C0903,2024-01-19,Beauty,1,64.15,54.52,33.8,0.0,False,East,Online,Regular
O003057,C0601,2023-12-19,Home & Kitchen,1,62.29,80.97,34.01,0.0,False,East,Retail,Premium
O010006,C1995,2023-12-03,Home & Kitchen,2,99.75,259.35,108.93,0.0,False,East,App,Regular
O001324,C0250,2024-06-19,Electronics,2,452.33,904.66,199.03,45.23,False,East,App,Regular
O000957,C0184,2023-04-13,Electronics,1,20.51,20.51,4.51,0.0,False,East,Online,Occasional
O002181,C0418,2024-02-13,Electronics,1,397.47,337.85,74.33,50.68,False,East,Retail,Regular
O003283,C0650,2024-08-30,Electronics,1,248.21,248.21,54.61,0.0,False,East,App,Regular
O005804,C1145,2024-03-28,Home & Kitchen,1,57.67,57.67,24.22,0.0,False,West,Online,Premium
O009675,C1940,2023-06-30,Electronics,1,347.78,347.78,76.51,0.0,False,North,App,Premium
O003493,C0698,2024-04-07,Beauty,1,6.73,6.73,4.17,0.67,False,West,Partner,Premium
O007832,C1550,2024-02-12,Sports,1,5.0,4.25,1.62,0.85,False,East,App,Regular
O000533,C0103,2023-11-24,Beauty,1,70.12,91.16,56.52,0.0,False,West,App,Premium
O001844,C0349,2024-06-10,Home & Kitchen,1,85.18,85.18,35.78,0.0,False,East,Retail,Occasional
O006070,C1199,2024-07-28,Sports,2,62.0,124.0,47.12,0.0,False,West,App,Regular
O009136,C1837,2024-10-22,Beauty,1,40.62,40.62,25.18,6.09,False,East,Online,Regular
O002620,C0522,2023-08-28,Clothing,1,5.0,5.0,2.75,0.0,False,West,Online,Regular
O004975,C0994,2023-12-03,Sports,1,60.3,78.39,29.79,7.84,False,South,App,Premium
O008045,C1597,2023-11-03,Sports,1,129.92,168.9,64.18,16.89,False,South,Partner,Regular
O005844,C1156,2024-05-06,Home & Kitchen,1,162.51,162.51,68.25,32.5,False,Central,Online,Regular
O004347,C0874,2023-04-24,Clothing,1,113.02,113.02,62.16,0.0,False,North,Partner,Regular
O000644,C0119,2024-09-25,Sports,1,37.76,37.76,14.35,0.0,False,West,App,Regular
O008860,C1780,2024-10-11,Electronics,1,375.93,375.93,82.7,0.0,False,East,App,Premium
O001689,C0324,2024-04-08,Electronics,1,384.25,384.25,84.54,0.0,False,Central,App,Regular
O007781,C1543,2024-08-17,Beauty,1,26.65,26.65,16.52,4.0,False,Central,Online,Premium
O007592,C1506,2024-01-06,Electronics,1,48.37,41.12,9.05,0.0,False,North,Online,Regular
O003538,C0707,2024-11-13,Home & Kitchen,1,147.49,191.74,80.53,38.35,False,South,App,Regular
O001175,C0221,2023-10-04,Home & Kitchen,1,31.84,31.84,13.37,0.0,False,East,App,Regular
O005220,C1032,2023-12-19,Clothing,1,57.02,74.12,40.77,14.82,False,East,App,Regular
O007462,C1476,2023-10-08,Electronics,1,537.5,537.5,118.25,53.75,True,Central,Retail,Regular
O004634,C0929,2024-12-14,Beauty,1,17.37,22.58,14.0,0.0,False,South,Partner,Regular
O009898,C1973,2024-04-08,Beauty,1,32.71,32.71,20.28,0.0,False,East,Online,Regular
O006144,C1210,2024-12-14,Sports,1,87.73,114.04,43.34,11.4,False,East,Online,Occasional
O007747,C1537,2023-01-24,Sports,1,60.19,51.16,19.44,10.23,False,East,Online,Premium
O008481,C1710,2024-09-10,Home & Kitchen,1,29.34,29.34,12.32,0.0,False,Central,Retail,Regular
O000990,C0190,2023-03-03,Sports,1,200.4,200.4,76.15,40.08,False,Central,Retail,Premium
O001068,C0205,2024-04-20,Clothing,2,87.73,175.46,96.5,0.0,False,North,App,Premium
O009413,C1888,2024-01-13,Electronics,1,179.21,152.33,33.51,22.85,False,East,App,Regular
O005384,C1076,2024-11-25,Home & Kitchen,1,174.76,227.19,95.42,11.36,False,East,App,Regular
O004650,C0931,2023-08-03,Electronics,1,213.9,213.9,47.06,0.0,False,East,Online,Regular
O001819,C0346,2024-07-03,Electronics,1,243.09,243.09,53.48,12.15,False,Central,Online,Premium
O004168,C0837,2023-04-05,Home & Kitchen,1,129.88,129.88,54.55,6.49,False,West,Retail,Regular
O000288,C0056,2024-07-13,Home & Kitchen,1,149.23,149.23,62.68,0.0,False,East,App,Regular
O002807,C0556,2024-05-25,Home & Kitchen,1,164.86,164.86,69.24,16.49,False,North,App,Premium
O003721,C0749,2023-05-30,Sports,1,99.73,99.73,37.9,19.95,False,East,Partner,Regular
O008335,C1673,2023-06-07,Home & Kitchen,1,163.59,163.59,68.71,0.0,False,Central,Online,Regular
O005756,C1140,2024-06-09,Home & Kitchen,1,5.87,5.87,2.47,0.0,False,South,Online,Regular
O000405,C0082,2023-07-27,Home & Kitchen,1,194.42,194.42,81.66,19.44,False,North,Online,Regular
O007476,C1480,2024-04-16,Sports,1,5.0,5.0,1.9,0.0,False,South,App,Occasional
O004530,C0913,2024-12-23,Home & Kitchen,1,5.0,6.5,2.73,1.3,False,West,App,Premium
O006052,C1198,2024-04-29,Beauty,1,25.11,25.11,15.57,0.0,False,West,Partner,Premium
O005573,C1112,2023-10-20,Clothing,1,79.27,79.27,43.6,7.93,False,North,Partner,Premium
O008567,C1723,2024-08-10,Clothing,2,128.77,257.54,141.65,0.0,False,South,App,Regular
O006049,C1197,2023-03-14,Home & Kitchen,1,30.09,30.09,12.64,0.0,False,North,Online,Regular
O003148,C0621,2023-06-28,Sports,1,219.95,219.95,83.58,22.0,False,South,Partner,Premium
O002113,C0405,2023-04-04,Beauty,1,82.36,82.36,51.06,16.47,False,Central,Online,Premium
O007140,C1419,2024-05-11,Clothing,1,61.38,61.38,33.76,12.28,False,East,Retail,Premium
O005228,C1035,2024-12-14,Sports,1,178.43,231.96,88.14,11.6,False,North,Online,Regular
O006044,C1196,2023-11-18,Sports,1,83.51,108.56,41.25,0.0,False,East,App,Premium
O008643,C1741,2024-10-17,Sports,1,135.07,135.07,51.33,13.51,False,West,Online,Premium
O005781,C1144,2023-09-12,Electronics,1,302.07,302.07,66.46,60.41,False,West,Online,Regular
O007225,C1438,2023-08-24,Home & Kitchen,2,28.26,56.52,23.74,8.48,False,West,Retail,Occasional
O006112,C1204,2024-03-05,Home & Kitchen,2,59.14,118.28,49.68,11.83,False,Central,Online,Premium
O003293,C0653,2023-05-02,Clothing,1,73.26,73.26,40.29,0.0,False,West,Partner,Premium
O005291,C1053,2024-09-13,Electronics,1,298.71,298.71,65.72,14.94,False,East,App,Regular
O002174,C0416,2024-12-19,Electronics,1,452.27,587.95,129.35,0.0,False,North,App,Occasional
O008216,C1638,2024-08-07,Beauty,1,64.85,64.85,40.21,0.0,False,West,Retail,Regular
O000769,C0141,2023-09-07,Sports,1,149.4,149.4,56.77,14.94,False,West,App,Premium
O008070,C1606,2024-05-13,Sports,1,5.0,5.0,1.9,1.0,False,North,Partner,Regular
O005248,C1041,2023-05-08,Electronics,1,572.68,572.68,125.99,0.0,False,East,Retail,Regular
O004496,C0905,2023-11-14,Sports,1,110.26,143.33,54.47,14.33,False,South,Online,Premium
O004412,C0889,2023-05-10,Home & Kitchen,1,39.55,39.55,16.61,3.96,False,North,Online,Regular
O006354,C1264,2024-01-28,Electronics,1,372.44,316.57,69.65,0.0,False,South,Online,Regular
O003948,C0797,2024-02-11,Home & Kitchen,2,177.39,301.57,126.66,60.31,False,East,Online,Regular
O009597,C1929,2024-02-21,Electronics,1,526.81,447.79,98.51,0.0,False,East,App,Premium
O009309,C1866,2024-02-09,Clothing,1,77.63,65.98,36.29,6.6,False,South,Online,Premium
O005774,C1143,2023-06-25,Beauty,1,65.28,65.28,40.47,0.0,False,West,Online,Regular
O008418,C1694,2024-09-28,Beauty,2,73.0,146.0,90.52,7.3,False,North,App,Regular
O002297,C0452,2023-09-15,Beauty,1,27.51,27.51,17.06,4.13,True,West,Online,Regular
O001019,C0195,2023-01-12,Clothing,1,93.38,79.37,43.65,0.0,False,North,App,Premium
O001015,C0195,2024-11-04,Electronics,1,20.75,26.97,5.93,4.05,False,North,App,Premium
O006340,C1258,2023-10-12,Sports,1,126.12,126.12,47.93,18.92,False,Central,App,Occasional
O000223,C0042,2023-02-22,Home & Kitchen,2,61.06,103.79,43.59,10.38,False,East,Online,Premium
O003763,C0759,2024-05-02,Sports,1,100.58,100.58,38.22,15.09,False,Central,App,Regular
O003880,C0781,2023-10-22,Home & Kitchen,1,66.59,66.59,27.97,0.0,False,West,App,Premium
O007030,C1404,2023-06-01,Home & Kitchen,1,30.16,30.16,12.67,3.02,False,North,Online,Premium
O004512,C0908,2023-04-01,Home & Kitchen,1,39.64,39.64,16.65,7.93,False,North,Retail,Regular
O002696,C0538,2024-06-20,Beauty,1,23.08,23.08,14.31,0.0,False,Central,Online,Regular
O009562,C1924,2024-05-02,Beauty,1,74.32,74.32,46.08,3.72,False,South,App,Regular
O008031,C1594,2024-05-13,Beauty,2,65.58,131.17,81.33,0.0,False,East,Online,Regular
O006838,C1366,2023-01-11,Clothing,1,86.27,73.33,40.33,0.0,False,West,App,Regular
O008661,C1745,2023-10-07,Home & Kitchen,1,201.86,201.86,84.78,10.09,False,Central,Online,Premium
O008273,C1654,2024-04-08,Sports,2,144.36,288.73,109.72,14.44,False,Central,App,Regular
O009997,C1992,2023-11-10,Clothing,1,85.66,111.36,61.25,22.27,False,North,App,Regular
O003602,C0718,2024-08-24,Electronics,1,204.95,204.95,45.09,20.5,False,North,Partner,Premium
O006679,C1332,2024-11-14,Electronics,1,625.66,813.36,178.94,0.0,False,East,Online,Premium
O007606,C1508,2024-02-01,Home & Kitchen,1,257.53,218.9,91.94,32.84,False,North,Online,Regular
O009514,C1915,2023-11-17,Clothing,1,57.57,74.84,41.16,0.0,False,South,App,Regular
O002557,C0507,2024-05-09,Beauty,1,71.05,71.05,44.05,0.0,True,South,Online,Premium
O006486,C1295,2024-10-14,Home & Kitchen,1,78.1,78.1,32.8,0.0,False,West,Retail,Premium
O006430,C1285,2024-04-09,Beauty,1,66.35,66.35,41.14,9.95,False,East,Online,Premium
O004160,C0835,2024-08-05,Electronics,1,646.24,646.24,142.17,0.0,False,East,Online,Premium
O000717,C0132,2024-11-05,Beauty,1,47.41,61.64,38.22,0.0,False,South,App,Premium
O005481,C1096,2024-05-17,Electronics,1,195.46,195.46,43.0,29.32,False,East,Retail,Premium
O007708,C1531,2023-05-13,Home & Kitchen,1,127.84,127.84,53.69,0.0,False,Central,Online,Premium
O002874,C0567,2024-09-22,Sports,1,173.1,173.1,65.78,8.65,False,North,App,Occasional
O007318,C1452,2024-12-02,Beauty,1,47.55,61.81,38.32,0.0,False,West,Partner,Regular
O002405,C0471,2023-02-13,Home & Kitchen,1,166.72,141.71,59.52,21.26,True,South,Partner,Regular
O002068,C0400,2024-12-14,Electronics,1,645.14,838.69,184.51,83.87,False,South,Online,Regular
O006538,C1304,2024-12-13,Sports,1,131.02,170.32,64.72,8.52,False,West,App,Regular
O007890,C1560,2024-01-23,Home & Kitchen,1,158.45,134.69,56.57,26.94,True,West,Retail,Regular
O000918,C0173,2023-10-08,Electronics,1,184.79,184.79,40.65,0.0,False,South,App,Regular
O004801,C0958,2023-06-28,Sports,1,166.52,166.52,63.28,0.0,False,West,Online,Premium
O009482,C1903,2024-06-17,Home & Kitchen,2,124.91,249.81,104.92,0.0,False,West,Online,Regular
O003090,C0609,2024-03-01,Electronics,1,125.02,125.02,27.5,25.0,False,East,Online,Regular
O004066,C0822,2024-02-23,Home & Kitchen,1,96.91,82.37,34.6,16.47,False,Central,App,Premium
O006093,C1202,2023-06-09,Clothing,1,37.6,37.6,20.68,1.88,False,East,Online,Regular
O008228,C1641,2024-04-18,Sports,1,23.66,23.66,8.99,3.55,False,East,App,Occasional
O008714,C1752,2024-01-25,Home & Kitchen,2,156.02,265.24,111.4,0.0,False,Central,Online,Regular
O009458,C1895,2024-11-14,Home & Kitchen,1,92.26,119.93,50.37,0.0,False,West,Online,Occasional
O007967,C1582,2023-04-25,Sports,1,136.89,136.89,52.02,27.38,False,Central,Online,Regular
O009871,C1969,2024-12-17,Home & Kitchen,1,16.42,21.35,8.97,0.0,False,North,Retail,Premium
O000553,C0104,2023-12-27,Home & Kitchen,1,32.47,42.21,17.73,0.0,False,North,App,Premium
O009924,C1980,2024-04-29,Beauty,2,70.59,141.19,87.54,21.18,False,Central,Online,Regular
O007351,C1455,2024-08-29,Clothing,1,73.52,73.52,40.44,0.0,False,Central,Online,Premium
O002523,C0496,2024-07-17,Electronics,1,281.21,281.21,61.87,0.0,False,Central,Partner,Regular
O008188,C1635,2023-09-29,Home & Kitchen,1,140.98,140.98,59.21,14.1,False,North,Retail,Regular
O001236,C0232,2024-08-09,Home & Kitchen,1,68.59,68.59,28.81,3.43,False,West,Online,Regular
O002809,C0556,2024-05-20,Electronics,1,362.23,362.23,79.69,0.0,False,North,App,Premium
O009649,C1937,2024-01-11,Home & Kitchen,1,148.77,126.45,53.11,0.0,False,East,Online,Regular
O006775,C1352,2023-04-14,Beauty,1,33.68,33.68,20.88,0.0,False,Central,App,Regular
O004678,C0937,2024-06-14,Electronics,1,499.37,499.37,109.86,24.97,False,South,Online,Premium
O008426,C1696,2023-11-27,Electronics,1,70.8,92.04,20.25,0.0,False,North,Online,Regular
O004221,C0848,2023-03-25,Clothing,1,14.48,14.48,7.96,2.9,False,East,Retail,Premium
O009462,C1898,2024-08-02,Home & Kitchen,1,139.61,139.61,58.64,0.0,False,East,App,Regular
O002583,C0516,2024-02-07,Clothing,1,42.96,36.51,20.08,1.83,False,South,Partner,Occasional
O007513,C1486,2023-04-29,Beauty,1,58.19,58.19,36.08,5.82,False,South,App,Regular
O004781,C0956,2024-10-16,Electronics,1,489.07,489.07,107.6,0.0,False,East,Partner,Regular
O007045,C1406,2024-03-08,Home & Kitchen,1,152.06,152.06,63.87,0.0,False,East,App,Regular
O006260,C1240,2023-03-17,Clothing,1,57.77,57.77,31.77,2.89,False,North,Retail,Regular
O000602,C0110,2024-03-20,Home & Kitchen,1,97.07,97.07,40.77,14.56,False,West,App,Regular
O001875,C0355,2023-03-16,Home & Kitchen,1,69.64,69.64,29.25,0.0,False,East,App,Regular
O007693,C1526,2023-09-07,Sports,1,7.58,7.58,2.88,1.14,False,East,Online,Premium
O006763,C1350,2024-05-23,Electronics,1,329.88,329.88,72.57,0.0,False,West,Online,Regular
O008136,C1626,2023-02-20,Clothing,1,5.0,4.25,2.34,0.21,False,West,App,Regular
O004692,C0937,2023-09-13,Home & Kitchen,1,58.41,58.41,24.53,0.0,False,South,Online,Premium
O001269,C0239,2023-01-21,Home & Kitchen,1,134.52,114.34,48.02,0.0,False,East,Partner,Regular
O006842,C1368,2023-01-16,Clothing,2,133.11,226.29,124.46,45.26,False,Central,App,Regular
O009956,C1987,2024-09-21,Home & Kitchen,1,100.29,100.29,42.12,0.0,False,North,Retail,Regular
O009381,C1883,2024-02-02,Sports,1,208.25,177.01,67.26,35.4,False,North,Online,Occasional
O008259,C1649,2024-11-10,Home & Kitchen,2,153.63,399.44,167.76,0.0,False,South,App,Occasional
O002232,C0430,2024-03-05,Clothing,1,102.87,102.87,56.58,15.43,False,West,App,Occasional
O007365,C1457,2023-06-22,Sports,2,84.34,168.68,64.1,0.0,False,South,Retail,Regular
O003108,C0612,2024-12-22,Home & Kitchen,1,53.56,69.63,29.24,0.0,False,North,App,Regular
O008943,C1801,2023-07-13,Beauty,2,55.7,111.39,69.06,16.71,False,East,Online,Regular
O003928,C0792,2023-06-03,Sports,3,168.38,505.15,191.96,0.0,False,South,App,Regular
O002898,C0570,2024-07-03,Clothing,1,59.77,59.77,32.87,0.0,False,West,App,Premium
O002296,C0452,2023-08-29,Clothing,1,5.0,5.0,2.75,0.75,False,West,Online,Regular
O006901,C1380,2024-08-28,Sports,1,149.49,149.49,56.81,0.0,False,North,App,Regular
O006801,C1357,2024-11-10,Electronics,3,182.42,711.44,156.52,0.0,False,Central,Online,Premium
O006069,C1199,2023-09-08,Electronics,1,298.43,298.43,65.65,44.76,True,West,App,Regular
O007266,C1446,2024-07-30,Electronics,1,603.72,603.72,132.82,0.0,False,South,Online,Regular
O001077,C0205,2024-12-11,Clothing,1,62.68,81.48,44.81,0.0,False,North,App,Premium
O003279,C0649,2024-10-09,Clothing,1,123.6,123.6,67.98,6.18,False,Central,App,Premium
O010000,C1993,2024-08-17,Home & Kitchen,1,82.68,82.68,34.73,0.0,True,South,Partner,Regular
O003741,C0756,2023-04-20,Home & Kitchen,1,118.84,118.84,49.91,0.0,False,North,Retail,Premium
O003188,C0630,2023-04-11,Home & Kitchen,2,59.92,119.84,50.33,0.0,False,South,Retail,Regular
O002429,C0474,2024-10-22,Clothing,1,29.71,29.71,16.34,0.0,False,Central,Online,Premium
O004913,C0981,2023-08-03,Beauty,1,64.65,64.65,40.08,3.23,False,North,Online,Regular
O004243,C0854,2024-11-02,Sports,1,57.82,75.17,28.56,3.76,False,West,Online,Regular
O003380,C0669,2023-03-14,Clothing,1,70.54,70.54,38.8,0.0,False,North,Online,Regular
O002036,C0391,2024-08-19,Home & Kitchen,1,108.07,108.07,45.39,21.61,False,Central,App,Premium
O000043,C0007,2023-10-28,Clothing,1,112.71,112.71,61.99,0.0,False,East,App,Regular
O002475,C0485,2024-06-19,Clothing,1,96.41,96.41,53.03,14.46,False,East,Online,Occasional
O009749,C1948,2023-04-14,Sports,1,182.5,182.5,69.35,0.0,True,North,Retail,Regular
O009398,C1886,2024-01-21,Beauty,1,36.86,31.33,19.42,0.0,False,North,Online,Premium
O008611,C1733,2024-05-17,Electronics,1,590.74,590.74,129.96,0.0,False,Central,Online,Premium
O007306,C1451,2024-06-21,Sports,1,216.7,216.7,82.35,10.84,False,North,App,Premium
O008174,C1631,2024-09-02,Electronics,1,178.36,178.36,39.24,35.67,False,North,Retail,Occasional
O000876,C0158,2024-12-19,Home & Kitchen,1,120.74,156.96,65.92,31.39,False,West,Online,Occasional
O002332,C0459,2023-04-02,Beauty,1,42.43,42.43,26.31,2.12,False,East,Online,Regular
O003778,C0763,2024-02-18,Clothing,1,10.71,9.1,5.0,0.0,False,North,Online,Regular
O001021,C0195,2024-06-19,Sports,2,70.92,141.85,53.9,14.18,False,North,App,Premium
O002111,C0405,2023-06-14,Beauty,1,70.94,70.94,43.98,3.55,True,Central,Online,Premium
O000100,C0020,2023-04-27,Home & Kitchen,2,186.49,372.97,156.65,0.0,False,South,Online,Premium
O000995,C0191,2024-12-19,Clothing,1,35.05,45.56,25.06,2.28,False,South,Online,Regular
O004293,C0864,2024-07-20,Sports,1,143.44,143.44,54.51,0.0,False,Central,Online,Regular
O005609,C1117,2024-02-08,Clothing,2,47.56,80.86,44.47,0.0,False,East,Online,Premium
O000337,C0065,2024-07-01,Beauty,1,48.54,48.54,30.09,7.28,False,South,Retail,Regular
O008995,C1812,2024-11-08,Home & Kitchen,1,5.0,6.5,2.73,0.0,False,North,Retail,Premium
O009544,C1922,2023-10-05,Beauty,1,13.14,13.14,8.15,1.31,False,North,Online,Regular
O006217,C1229,2023-11-22,Home & Kitchen,1,107.22,139.38,58.54,13.94,True,South,Partner,Premium
O001258,C0236,2024-03-05,Home & Kitchen,1,183.11,183.11,76.91,0.0,True,West,App,Occasional
O009099,C1831,2023-01-18,Sports,1,174.32,148.17,56.3,0.0,False,Central,Partner,Regular
O008296,C1660,2023-07-27,Beauty,1,54.95,54.95,34.07,0.0,False,East,Online,Premium
O007671,C1523,2024-09-24,Beauty,1,36.18,36.18,22.43,0.0,False,West,App,Regular
O002516,C0494,2023-04-17,Sports,1,92.93,92.93,35.31,0.0,True,West,Online,Regular
O006395,C1277,2024-09-19,Home & Kitchen,1,177.88,177.88,74.71,35.58,False,Central,Online,Premium
O000198,C0039,2023-10-25,Beauty,1,37.55,37.55,23.28,1.88,False,West,App,Regular
O002654,C0529,2024-10-26,Electronics,1,173.49,173.49,38.17,8.67,False,Central,App,Premium
O002166,C0415,2023-12-14,Home & Kitchen,2,96.83,251.75,105.74,50.35,False,East,App,Premium
O003115,C0614,2024-06-19,Electronics,1,589.14,589.14,129.61,58.91,False,South,Online,Occasional
O007386,C1464,2024-09-11,Beauty,1,58.3,58.3,36.15,11.66,False,East,App,Premium
O004134,C0831,2024-06-04,Clothing,1,71.96,71.96,39.58,14.39,False,South,Retail,Premium
O003494,C0698,2024-01-12,Clothing,2,103.94,176.69,97.18,35.34,True,West,Partner,Premium
O008578,C1729,2024-08-27,Beauty,1,25.99,25.99,16.11,2.6,False,Central,App,Regular
O009860,C1968,2023-03-26,Clothing,1,47.48,47.48,26.11,0.0,False,East,Partner,Regular
O007205,C1433,2024-12-22,Beauty,1,37.74,49.06,30.42,0.0,False,Central,Online,Regular
O003755,C0758,2023-10-18,Home & Kitchen,1,137.68,137.68,57.83,6.88,False,South,Online,Regular
O002515,C0493,2024-11-12,Clothing,1,35.59,46.26,25.44,2.31,False,West,App,Regular
O009340,C1874,2024-01-19,Clothing,1,72.5,61.63,33.9,0.0,False,Central,Online,Regular
O005572,C1112,2023-02-28,Electronics,1,91.4,77.69,17.09,0.0,False,North,Partner,Premium
O006310,C1249,2024-01-28,Clothing,1,138.23,117.5,64.62,5.88,False,South,Online,Regular
O005562,C1111,2024-03-14,Home & Kitchen,1,93.66,93.66,39.34,9.37,False,West,App,Regular
O007486,C1482,2023-08-20,Sports,1,200.14,200.14,76.05,40.03,False,West,Online,Regular
O008652,C1743,2024-02-16,Home & Kitchen,2,5.0,8.5,3.57,0.0,False,South,App,Premium
O006009,C1187,2024-02-22,Beauty,2,28.72,48.83,30.27,7.32,False,South,Partner,Regular
O001990,C0379,2023-06-28,Clothing,1,117.87,117.87,64.83,5.89,False,West,Online,Premium
O002478,C0486,2023-02-02,Beauty,1,5.0,4.25,2.64,0.0,False,West,App,Regular
O005764,C1141,2024-08-08,Beauty,1,33.42,33.42,20.72,0.0,False,North,Online,Regular
O005194,C1029,2024-01-06,Home & Kitchen,1,123.46,104.94,44.07,15.74,False,East,Online,Premium
O007601,C1508,2024-03-21,Home & Kitchen,2,5.0,10.0,4.2,0.0,False,North,Online,Regular
O009984,C1991,2024-08-16,Electronics,1,486.58,486.58,107.05,0.0,False,East,Partner,Premium
O008275,C1655,2024-05-31,Beauty,1,49.68,49.68,30.8,0.0,False,North,Retail,Regular
O003792,C0765,2023-05-06,Beauty,1,28.63,28.63,17.75,0.0,False,East,Online,Regular
O005984,C1184,2024-01-07,Home & Kitchen,1,109.7,93.24,39.16,9.32,False,East,App,Regular
O002613,C0521,2024-08-31,Beauty,1,73.87,73.87,45.8,11.08,False,Central,App,Premium
O005249,C1041,2023-03-07,Clothing,1,25.24,25.24,13.88,0.0,False,East,Retail,Regular
O007350,C1455,2023-07-27,Electronics,2,330.12,660.24,145.25,0.0,False,Central,Online,Premium
O006898,C1380,2024-09-15,Home & Kitchen,1,145.28,145.28,61.02,29.06,False,North,App,Regular
O006360,C1265,2023-05-15,Beauty,1,24.28,24.28,15.05,4.86,False,Central,App,Regular
O006410,C1280,2024-05-09,Sports,1,63.19,63.19,24.01,0.0,False,West,Online,Regular
O005805,C1145,2023-11-29,Clothing,2,92.74,241.13,132.62,0.0,False,West,Online,Premium
O000485,C0092,2023-02-18,Clothing,1,43.99,37.39,20.56,0.0,True,South,Online,Occasional
O005646,C1121,2023-12-06,Home & Kitchen,1,34.65,45.04,18.92,0.0,False,Central,Online,Premium
O004319,C0868,2024-05-09,Beauty,2,33.8,67.6,41.91,0.0,False,Central,Retail,Occasional
O009835,C1963,2024-01-07,Clothing,1,7.54,6.41,3.53,0.32,False,North,Partner,Regular
O008855,C1780,2023-05-19,Clothing,1,25.75,25.75,14.16,2.58,False,East,App,Premium
O001686,C0323,2024-09-26,Beauty,1,60.35,60.35,37.42,6.04,False,South,Partner,Regular
O004324,C0870,2023-11-07,Beauty,1,56.79,73.83,45.77,0.0,False,West,App,Occasional
O001265,C0238,2024-12-04,Clothing,1,31.3,40.69,22.38,0.0,False,Central,Online,Occasional
O003655,C0730,2024-06-26,Beauty,1,48.05,48.05,29.79,7.21,False,North,Retail,Premium
O003408,C0677,2023-12-18,Sports,1,156.13,202.98,77.13,0.0,False,West,Retail,Regular
O006531,C1304,2024-12-03,Beauty,1,23.84,30.99,19.21,3.1,False,West,App,Regular
O003732,C0753,2023-07-16,Beauty,1,51.34,51.34,31.83,0.0,True,West,Online,Regular
O002525,C0496,2024-10-10,Home & Kitchen,1,114.36,114.36,48.03,5.72,False,Central,Partner,Regular
O007436,C1472,2023-05-03,Beauty,1,39.49,39.49,24.48,0.0,False,West,Online,Regular
O005231,C1037,2024-03-17,Home & Kitchen,2,90.16,180.31,75.73,0.0,False,South,Online,Premium
O001615,C0309,2024-01-30,Beauty,1,31.48,26.76,16.59,4.01,False,West,Online,Regular
O000938,C0179,2023-05-16,Home & Kitchen,1,5.0,5.0,2.1,0.25,False,East,Retail,Premium
O003922,C0791,2024-02-27,Sports,3,80.24,204.62,77.76,0.0,False,West,Online,Regular
O000618,C0113,2024-02-12,Clothing,1,107.84,91.66,50.41,0.0,False,East,Partner,Premium
O002712,C0540,2023-05-15,Electronics,1,37.31,37.31,8.21,0.0,False,North,Online,Regular
O006616,C1319,2024-03-07,Electronics,1,216.73,216.73,47.68,0.0,False,North,Online,Regular
O008345,C1676,2024-06-19,Clothing,1,92.5,92.5,50.88,0.0,False,Central,Online,Premium
O000866,C0157,2023-10-15,Sports,1,195.81,195.81,74.41,19.58,False,South,Partner,Premium
O007211,C1436,2023-07-23,Sports,3,111.78,335.33,127.43,0.0,False,West,Partner,Occasional
O009777,C1955,2024-05-14,Sports,1,54.43,54.43,20.68,2.72,False,North,Retail,Premium
O000087,C0017,2023-08-30,Beauty,1,17.93,17.93,11.12,3.59,False,West,App,Premium
O004488,C0905,2023-02-19,Sports,2,64.73,110.04,41.82,0.0,False,South,Online,Premium
O000308,C0059,2023-02-13,Electronics,1,186.75,158.74,34.92,0.0,False,Central,Online,Premium
O007920,C1570,2023-07-07,Beauty,1,51.58,51.58,31.98,7.74,False,West,Online,Regular
O008120,C1621,2023-02-10,Home & Kitchen,1,121.82,103.55,43.49,20.71,False,East,Online,Occasional
O003212,C0635,2024-12-26,Home & Kitchen,1,126.04,163.85,68.82,0.0,False,South,Online,Premium
O006691,C1334,2024-11-03,Sports,2,36.76,95.58,36.32,9.56,False,North,Retail,Regular
O005648,C1121,2023-07-23,Home & Kitchen,1,51.13,51.13,21.47,2.56,False,Central,Online,Premium
O005849,C1157,2023-02-27,Sports,1,65.19,55.41,21.06,5.54,False,East,Retail,Occasional
O009442,C1893,2023-01-13,Electronics,1,241.13,204.96,45.09,0.0,False,East,Online,Regular
O007823,C1549,2024-06-16,Electronics,1,352.39,352.39,77.53,17.62,False,South,Partner,Premium
O009395,C1886,2023-09-13,Home & Kitchen,2,81.91,163.82,68.8,0.0,False,North,Online,Premium
O007957,C1578,2024-10-08,Home & Kitchen,2,160.07,320.13,134.45,0.0,False,North,Online,Regular
O007409,C1466,2023-01-06,Sports,1,72.3,61.46,23.35,6.15,False,East,Online,Premium
O003904,C0788,2023-07-11,Sports,1,26.78,26.78,10.18,2.68,False,West,Online,Premium
O008824,C1772,2024-08-20,Clothing,1,20.54,20.54,11.3,4.11,False,West,App,Regular
O008794,C1766,2023-08-11,Sports,2,174.15,348.31,132.36,0.0,False,South,App,Premium
O007667,C1522,2023-05-29,Beauty,1,30.08,30.08,18.65,4.51,False,North,App,Premium
O000072,C0013,2024-12-07,Electronics,1,440.99,573.29,126.12,28.66,False,North,Online,Premium
O001801,C0343,2024-08-21,Clothing,1,89.44,89.44,49.19,17.89,False,Central,App,Premium
O005814,C1146,2023-07-09,Clothing,1,71.35,71.35,39.24,14.27,False,West,Online,Premium
O000102,C0020,2024-06-14,Clothing,1,66.21,66.21,36.42,3.31,False,South,Online,Premium
O001252,C0235,2023-08-03,Clothing,1,72.4,72.4,39.82,0.0,False,East,Retail,Regular
O000694,C0127,2023-11-25,Sports,1,141.35,183.76,69.83,18.38,True,West,App,Regular
O009226,C1851,2023-07-29,Sports,3,46.43,139.3,52.93,0.0,False,South,Online,Regular
O001903,C0363,2023-06-14,Home & Kitchen,1,117.77,117.77,49.46,0.0,False,South,Partner,Regular
O006329,C1255,2023-11-18,Electronics,1,439.85,571.8,125.8,0.0,False,South,Online,Premium
O001533,C0292,2024-05-30,Clothing,1,62.97,62.97,34.63,6.3,False,Central,App,Regular
O007887,C1560,2024-08-24,Sports,1,54.98,54.98,20.89,11.0,False,West,Retail,Regular
O000716,C0132,2023-09-05,Electronics,1,269.28,269.28,59.24,0.0,False,South,App,Premium
O001035,C0197,2024-08-03,Beauty,1,17.62,17.62,10.92,0.0,False,West,Online,Premium
O002428,C0474,2023-03-03,Clothing,1,55.53,55.53,30.54,0.0,False,Central,Online,Premium
O000004,C0002,2023-11-05,Beauty,1,29.07,37.79,23.43,0.0,False,North,Retail,Regular
O000388,C0077,2023-08-13,Beauty,3,50.89,152.67,94.66,0.0,False,South,App,Regular
O005455,C1092,2023-03-07,Home & Kitchen,1,148.73,148.73,62.47,14.87,False,North,App,Regular
O007681,C1525,2024-10-14,Home & Kitchen,1,77.09,77.09,32.38,11.56,False,West,Online,Regular
O008347,C1676,2024-09-09,Electronics,1,231.09,231.09,50.84,23.11,False,Central,Online,Premium
O001902,C0363,2024-06-08,Electronics,1,353.95,353.95,77.87,0.0,False,South,Partner,Regular
O002563,C0508,2023-02-08,Electronics,2,350.19,595.32,130.97,89.3,False,East,App,Regular
O005947,C1177,2023-11-03,Clothing,1,75.78,98.52,54.19,4.93,False,Central,App,Regular
O009919,C1978,2024-02-24,Electronics,1,80.38,68.33,15.03,0.0,False,West,Online,Occasional
O002672,C0532,2023-08-30,Beauty,1,49.92,49.92,30.95,4.99,False,Central,Online,Regular
O000884,C0161,2023-10-03,Sports,1,99.49,99.49,37.81,14.92,False,South,Online,Regular
O005561,C1111,2023-10-21,Electronics,1,254.96,254.96,56.09,0.0,False,West,App,Regular
O006006,C1187,2023-12-31,Sports,1,74.9,97.38,37.0,0.0,False,South,Partner,Regular
O002943,C0575,2023-01-05,Clothing,2,69.89,118.81,65.35,0.0,False,South,Online,Regular
O006983,C1394,2023-11-17,Home & Kitchen,1,59.17,76.92,32.31,7.69,True,East,Online,Regular
O009234,C1852,2024-07-24,Sports,1,204.52,204.52,77.72,0.0,False,North,Partner,Occasional
O006150,C1212,2024-01-15,Electronics,1,299.6,254.66,56.03,50.93,False,North,Online,Occasional
O004315,C0867,2023-06-15,Clothing,2,74.11,148.21,81.52,14.82,False,West,Online,Regular
O004536,C0913,2024-05-18,Electronics,1,157.53,157.53,34.66,31.51,False,West,App,Premium
O000149,C0031,2023-05-08,Sports,1,153.48,153.48,58.32,15.35,False,East,Online,Premium
O004528,C0912,2023-10-09,Home & Kitchen,1,104.22,104.22,43.77,20.84,False,West,Online,Regular
O008210,C1637,2023-05-12,Electronics,1,535.21,535.21,117.75,0.0,False,East,App,Premium
O003640,C0727,2024-12-03,Sports,3,44.63,174.06,66.14,8.7,False,West,Partner,Premium
O008689,C1749,2024-05-24,Clothing,1,89.48,89.48,49.21,0.0,False,East,Online,Regular
O009256,C1855,2023-02-15,Beauty,2,35.93,61.08,37.87,12.22,False,East,App,Premium
O006439,C1285,2023-03-12,Sports,1,79.86,79.86,30.35,0.0,False,East,Online,Premium
O008268,C1652,2024-04-13,Electronics,2,457.74,915.48,201.41,183.1,False,West,Online,Regular
O004232,C0852,2024-11-17,Sports,1,99.02,128.73,48.92,6.44,True,North,App,Regular
O006625,C1323,2024-02-17,Clothing,1,5.0,4.25,2.34,0.64,False,North,App,Premium
O001062,C0202,2023-03-30,Home & Kitchen,1,5.0,5.0,2.1,0.5,False,East,Online,Regular
O001142,C0218,2023-03-08,Sports,1,187.43,187.43,71.22,0.0,False,South,App,Premium
O003176,C0629,2024-03-21,Beauty,1,64.68,64.68,40.1,0.0,False,North,Online,Regular
O000085,C0016,2024-03-24,Beauty,1,32.32,32.32,20.04,0.0,False,North,Partner,Occasional
O001360,C0258,2023-10-20,Clothing,1,101.65,101.65,55.91,20.33,True,South,Online,Regular
O004751,C0951,2024-06-09,Sports,1,5.0,5.0,1.9,0.75,False,West,App,Regular
O006312,C1251,2023-12-28,Home & Kitchen,1,109.07,141.8,59.56,0.0,False,South,Online,Regular
O007382,C1462,2024-04-30,Home & Kitchen,1,104.07,104.07,43.71,0.0,False,South,Retail,Regular
O007198,C1432,2024-10-02,Electronics,1,246.61,246.61,54.25,0.0,False,North,Retail,Occasional
O009641,C1936,2024-08-08,Clothing,1,44.35,44.35,24.39,0.0,False,North,App,Premium
O001890,C0359,2023-11-02,Sports,1,206.21,268.08,101.87,40.21,False,South,Retail,Regular
O003050,C0600,2024-02-04,Electronics,1,389.47,331.05,72.83,33.11,False,West,Partner,Premium
O008030,C1593,2024-12-05,Electronics,1,352.76,458.59,100.89,68.79,False,North,Online,Occasional
O004749,C0950,2023-05-11,Electronics,1,362.25,362.25,79.7,0.0,False,North,Partner,Premium
O003554,C0710,2023-05-29,Sports,2,140.04,280.07,106.43,14.0,False,Central,App,Regular
O000986,C0190,2023-03-16,Sports,1,51.78,51.78,19.68,0.0,False,Central,Retail,Premium
O004897,C0979,2024-08-16,Clothing,1,34.31,34.31,18.87,6.86,False,East,App,Premium
O001470,C0276,2024-12-26,Home & Kitchen,2,91.93,239.02,100.39,23.9,False,North,Online,Regular
O005569,C1112,2023-03-23,Home & Kitchen,1,77.21,77.21,32.43,0.0,False,North,Partner,Premium
O004186,C0841,2023-07-24,Home & Kitchen,1,198.52,198.52,83.38,9.93,False,South,App,Regular
O008394,C1689,2023-01-30,Sports,1,168.84,143.52,54.54,21.53,False,North,Retail,Regular
O008083,C1611,2023-04-05,Home & Kitchen,1,135.68,135.68,56.99,13.57,False,North,App,Regular
O006282,C1244,2023-06-06,Home & Kitchen,3,126.84,380.51,159.81,0.0,False,West,Online,Premium
O004417,C0890,2023-12-15,Home & Kitchen,2,80.92,210.39,88.36,42.08,True,South,Partner,Regular
O007956,C1578,2023-10-05,Clothing,1,104.07,104.07,57.24,5.2,False,North,Online,Regular
O009035,C1821,2023-08-03,Beauty,1,33.08,33.08,20.51,0.0,False,West,App,Premium
O003335,C0662,2023-06-11,Clothing,1,99.89,99.89,54.94,0.0,False,East,Online,Premium
O000140,C0030,2024-10-19,Electronics,1,437.51,437.51,96.25,0.0,True,South,Online,Premium
O002233,C0431,2024-01-17,Electronics,1,478.27,406.53,89.44,0.0,False,West,App,Occasional
O008735,C1756,2023-08-28,Electronics,2,279.23,558.46,122.86,0.0,False,Central,Online,Premium
O004166,C0837,2023-03-14,Electronics,1,222.09,222.09,48.86,22.21,False,West,Retail,Regular
O001820,C0346,2023-04-05,Sports,1,5.0,5.0,1.9,0.0,False,Central,Online,Premium
O000434,C0085,2024-10-23,Sports,1,50.59,50.59,19.22,2.53,True,West,Online,Premium
O000166,C0034,2024-09-11,Beauty,1,22.8,22.8,14.14,0.0,False,Central,Online,Occasional
O003288,C0652,2024-06-30,Electronics,1,307.51,307.51,67.65,61.5,False,North,Online,Regular
O007894,C1561,2023-06-29,Beauty,1,40.68,40.68,25.22,2.03,False,East,Retail,Regular
O007403,C1465,2024-09-23,Clothing,1,62.1,62.1,34.16,6.21,False,West,App,Regular
O008023,C1591,2023-10-08,Clothing,1,69.1,69.1,38.01,0.0,False,Central,App,Premium
O007980,C1583,2023-08-26,Beauty,1,51.82,51.82,32.13,0.0,False,North,Online,Occasional
O006950,C1389,2023-04-28,Home & Kitchen,1,117.49,117.49,49.35,17.62,False,Central,Online,Premium
O000448,C0087,2023-01-24,Beauty,1,30.53,25.95,16.09,0.0,False,East,Partner,Regular
O002868,C0566,2023-10-25,Sports,1,103.0,103.0,39.14,0.0,False,South,Online,Regular
O004169,C0838,2023-09-19,Electronics,1,318.71,318.71,70.12,0.0,False,South,App,Occasional
O004585,C0924,2023-01-02,Home & Kitchen,1,122.09,103.77,43.58,20.75,False,West,App,Premium
O004946,C0987,2024-05-15,Sports,1,140.27,140.27,53.3,0.0,False,West,Retail,Regular
O005328,C1062,2024-01-22,Electronics,1,260.73,221.62,48.76,33.24,False,East,App,Regular
O002794,C0554,2024-11-06,Sports,1,79.54,103.41,39.3,20.68,False,East,Online,Premium
O006553,C1308,2023-12-18,Electronics,1,337.4,438.62,96.5,87.72,False,West,App,Premium
O003422,C0682,2023-09-10,Electronics,1,346.58,346.58,76.25,0.0,True,South,Online,Regular
O006995,C1396,2024-07-15,Beauty,1,22.44,22.44,13.91,3.37,False,North,Online,Occasional
O004204,C0845,2024-04-24,Home & Kitchen,1,42.42,42.42,17.82,2.12,False,South,Online,Regular
O001117,C0212,2024-12-22,Beauty,2,52.74,137.13,85.02,20.57,False,North,App,Premium
O008247,C1645,2024-10-05,Clothing,1,49.26,49.26,27.09,9.85,False,North,App,Regular
O008529,C1717,2023-04-02,Electronics,2,240.38,480.75,105.76,0.0,False,Central,Online,Regular
O003156,C0624,2023-03-28,Beauty,1,16.4,16.4,10.17,0.0,False,West,Retail,Regular
O000755,C0140,2023-11-16,Electronics,1,367.61,477.89,105.14,0.0,False,North,Online,Regular
O004647,C0930,2023-02-07,Home & Kitchen,1,75.84,64.46,27.07,0.0,False,South,App,Regular
O000555,C0104,2024-07-13,Electronics,1,348.24,348.24,76.61,17.41,False,North,App,Premium
O007763,C1541,2023-11-24,Electronics,2,444.43,1155.51,254.21,231.1,False,South,App,Regular
O007783,C1543,2024-02-25,Electronics,1,440.87,374.74,82.44,0.0,False,Central,Online,Premium
O008108,C1619,2023-08-17,Sports,1,8.49,8.49,3.23,0.85,False,North,Online,Regular
O009502,C1909,2024-09-05,Clothing,2,85.44,170.88,93.98,25.63,False,South,App,Regular
O000011,C0002,2024-10-09,Home & Kitchen,1,94.97,94.97,39.89,9.5,False,North,Retail,Regular
O001404,C0264,2023-02-03,Electronics,1,350.69,298.08,65.58,14.9,False,Central,Partner,Premium
O007378,C1461,2023-05-01,Electronics,2,183.5,366.99,80.74,0.0,False,Central,App,Regular
O009394,C1886,2024-05-08,Beauty,1,64.82,64.82,40.19,3.24,False,North,Online,Premium
O007508,C1485,2023-10-03,Beauty,2,49.41,98.82,61.27,0.0,False,West,App,Premium
O004721,C0944,2023-10-29,Electronics,1,5.0,5.0,1.1,1.0,False,North,Partner,Regular
O001115,C0212,2023-06-11,Clothing,1,82.36,82.36,45.3,16.47,False,North,App,Premium
O001776,C0339,2024-06-07,Clothing,1,94.54,94.54,52.0,18.91,False,West,Partner,Regular
O001005,C0192,2024-10-27,Clothing,1,48.89,48.89,26.89,7.33,False,West,Online,Regular
O002724,C0543,2024-09-11,Clothing,1,84.55,84.55,46.5,4.23,False,South,App,Premium
O002870,C0566,2023-01-25,Sports,1,38.97,33.12,12.59,1.66,False,South,Online,Regular
O002985,C0586,2023-12-07,Clothing,1,64.78,84.21,46.32,16.84,False,East,App,Regular
O008779,C1765,2023-09-09,Electronics,1,176.0,176.0,38.72,0.0,False,South,Retail,Regular
O004828,C0961,2023-06-02,Electronics,1,334.84,334.84,73.66,0.0,False,North,App,Premium
O009938,C1983,2024-12-25,Sports,1,104.44,135.77,51.59,6.79,False,North,Retail,Regular
O000997,C0191,2024-07-03,Electronics,1,287.27,287.27,63.2,28.73,False,South,Online,Regular
O003409,C0677,2023-10-30,Home & Kitchen,1,121.66,121.66,51.1,12.17,False,West,Retail,Regular
O006946,C1388,2023-08-21,Clothing,1,34.77,34.77,19.12,5.22,False,East,Online,Regular
O006338,C1257,2024-06-23,Sports,1,5.0,5.0,1.9,0.0,False,East,Online,Regular
O005987,C1184,2023-06-16,Electronics,1,369.97,369.97,81.39,37.0,False,East,App,Regular
O003835,C0774,2023-09-27,Beauty,1,47.92,47.92,29.71,2.4,False,South,Retail,Premium
O002785,C0552,2024-01-07,Electronics,2,543.37,923.74,203.22,0.0,True,West,Partner,Premium
O009644,C1936,2024-03-22,Home & Kitchen,2,59.61,119.23,50.08,17.88,False,North,App,Premium
O001907,C0364,2024-11-18,Home & Kitchen,1,51.14,66.48,27.92,13.3,False,West,App,Regular
O005818,C1146,2023-10-16,Clothing,1,47.24,47.24,25.98,0.0,False,West,Online,Premium
O008415,C1694,2023-11-10,Home & Kitchen,1,5.0,6.5,2.73,0.0,False,North,App,Regular
O006066,C1199,2023-09-27,Beauty,1,35.51,35.51,22.02,5.33,False,West,App,Regular
O008690,C1749,2023-05-11,Sports,2,168.99,337.98,128.43,33.8,True,East,Online,Regular
O007617,C1512,2023-01-13,Home & Kitchen,1,57.72,49.07,20.61,0.0,False,North,App,Premium
O000624,C0113,2024-01-29,Beauty,2,29.42,50.02,31.01,10.0,False,East,Partner,Premium
O008804,C1768,2023-06-09,Home & Kitchen,1,191.29,191.29,80.34,28.69,True,West,Online,Regular
O009879,C1970,2023-07-16,Sports,1,62.0,62.0,23.56,12.4,False,West,Online,Regular
O004439,C0893,2023-12-25,Clothing,1,63.25,82.23,45.23,0.0,False,West,Retail,Regular
O001312,C0246,2023-09-27,Clothing,2,88.01,176.02,96.81,8.8,False,South,Online,Regular
O009776,C1955,2023-05-07,Beauty,1,52.23,52.23,32.38,2.61,False,North,Retail,Premium
O009626,C1933,2023-03-21,Electronics,1,339.44,339.44,74.68,33.94,False,Central,App,Regular
O005226,C1035,2024-05-18,Home & Kitchen,1,137.71,137.71,57.84,0.0,False,North,Online,Regular
O000730,C0135,2023-09-12,Sports,1,140.92,140.92,53.55,21.14,False,Central,App,Regular
O007656,C1521,2023-10-28,Clothing,1,30.58,30.58,16.82,0.0,False,East,App,Regular
O003006,C0593,2024-05-05,Clothing,1,41.71,41.71,22.94,2.09,False,South,Retail,Regular
O004789,C0957,2023-01-07,Clothing,1,95.84,81.46,44.8,0.0,False,North,Online,Premium
O000185,C0037,2023-07-28,Electronics,1,197.46,197.46,43.44,0.0,False,East,Partner,Premium
O009645,C1936,2024-04-01,Clothing,1,20.25,20.25,11.14,1.01,False,North,App,Premium
O008557,C1721,2024-08-04,Clothing,1,42.91,42.91,23.6,4.29,False,South,App,Premium
O003881,C0781,2023-02-18,Electronics,1,122.46,104.09,22.9,0.0,False,West,App,Premium
O002942,C0575,2024-06-18,Electronics,1,277.49,277.49,61.05,0.0,False,South,Online,Regular
O002122,C0405,2024-06-17,Home & Kitchen,2,24.58,49.15,20.64,0.0,False,Central,Online,Premium
O003646,C0728,2024-08-18,Electronics,1,597.72,597.72,131.5,0.0,False,South,Online,Regular
O007349,C1455,2024-10-18,Sports,1,26.57,26.57,10.1,3.99,False,Central,Online,Premium
O008148,C1627,2023-11-21,Clothing,1,115.74,150.47,82.76,7.52,True,North,Partner,Regular
O003158,C0624,2023-06-07,Home & Kitchen,1,5.0,5.0,2.1,1.0,False,West,Retail,Regular
O008166,C1630,2024-10-24,Clothing,1,29.82,29.82,16.4,0.0,False,East,Retail,Premium
O006003,C1186,2024-05-27,Clothing,2,56.03,112.07,61.64,0.0,True,East,App,Premium
O008901,C1792,2024-06-05,Clothing,3,33.61,100.84,55.46,0.0,False,East,Online,Premium
O002890,C0569,2023-06-29,Electronics,1,744.78,744.78,163.85,0.0,False,South,Online,Premium
O007214,C1437,2023-06-15,Clothing,1,47.54,47.54,26.15,0.0,False,North,Online,Premium
O001981,C0379,2024-01-05,Home & Kitchen,1,168.49,143.22,60.15,7.16,False,West,Online,Premium
O005320,C1061,2023-05-07,Clothing,1,96.38,96.38,53.01,14.46,False,North,Online,Regular
O004661,C0934,2023-03-08,Beauty,1,67.08,67.08,41.59,6.71,False,South,Retail,Regular
O002616,C0521,2023-12-25,Sports,2,62.66,162.91,61.91,16.29,False,Central,App,Premium
O001208,C0229,2023-05-14,Beauty,1,19.45,19.45,12.06,0.0,False,South,App,Premium
O004278,C0862,2023-12-08,Beauty,1,39.22,50.99,31.61,0.0,False,West,Online,Regular
O000154,C0031,2024-06-15,Beauty,2,22.66,45.33,28.1,0.0,False,East,Online,Premium
O003767,C0760,2023-04-18,Electronics,1,315.48,315.48,69.41,15.77,False,East,Online,Regular
O003528,C0706,2024-05-10,Beauty,1,64.92,64.92,40.25,0.0,False,East,Online,Premium
O009389,C1886,2023-10-25,Home & Kitchen,1,146.72,146.72,61.62,14.67,False,North,Online,Premium
O007761,C1541,2023-08-11,Home & Kitchen,1,50.7,50.7,21.29,2.54,False,South,App,Regular
O004044,C0819,2023-09-26,Sports,1,10.59,10.59,4.02,1.59,True,West,Retail,Premium
O007500,C1485,2023-06-09,Sports,1,121.9,121.9,46.32,12.19,False,West,App,Premium
O007064,C1408,2023-06-05,Sports,1,166.48,166.48,63.26,0.0,True,West,Online,Premium
O000643,C0118,2023-03-29,Electronics,1,193.75,193.75,42.62,38.75,False,East,Online,Regular
O000728,C0134,2024-10-15,Home & Kitchen,1,212.82,212.82,89.38,0.0,False,South,App,Occasional
O008800,C1767,2023-07-31,Sports,1,199.89,199.89,75.96,9.99,False,West,App,Regular
O006787,C1355,2024-06-14,Sports,1,176.74,176.74,67.16,17.67,False,North,Retail,Regular
O008354,C1678,2023-10-10,Sports,1,98.7,98.7,37.51,0.0,False,East,App,Regular
O008933,C1799,2024-05-22,Sports,1,127.19,127.19,48.33,12.72,False,East,App,Occasional
O004570,C0923,2023-08-28,Sports,2,26.17,52.35,19.89,0.0,False,South,Online,Premium
O002200,C0424,2024-09-20,Electronics,2,189.39,378.78,83.33,0.0,False,West,Online,Premium
O008361,C1681,2024-05-12,Home & Kitchen,2,5.0,10.0,4.2,0.0,False,East,App,Occasional
O001091,C0208,2023-04-08,Sports,1,71.63,71.63,27.22,7.16,False,West,Online,Regular
O001496,C0285,2024-08-17,Beauty,1,45.61,45.61,28.28,4.56,False,Central,Online,Regular
O005469,C1095,2023-09-20,Clothing,2,89.88,179.76,98.87,35.95,False,Central,App,Regular
O003752,C0757,2023-02-11,Beauty,1,39.15,33.28,20.63,0.0,False,South,App,Premium
O004999,C0998,2024-02-26,Electronics,1,224.81,191.09,42.04,38.22,False,West,Partner,Premium
O007090,C1414,2024-05-13,Electronics,1,493.61,493.61,108.59,24.68,True,North,Online,Premium
O003177,C0629,2023-10-23,Sports,1,118.9,118.9,45.18,23.78,False,North,Online,Regular
O007616,C1512,2024-02-19,Sports,1,48.58,41.29,15.69,8.26,False,North,App,Premium
O003270,C0649,2023-10-24,Electronics,1,170.27,170.27,37.46,25.54,False,Central,App,Premium
O009018,C1815,2023-08-10,Home & Kitchen,1,46.46,46.46,19.51,2.32,False,East,Online,Regular
O007984,C1585,2023-04-16,Electronics,1,259.31,259.31,57.05,38.9,False,Central,App,Regular
O006484,C1295,2023-06-25,Home & Kitchen,1,80.51,80.51,33.81,16.1,False,West,Retail,Premium
O000701,C0129,2023-09-06,Beauty,1,50.13,50.13,31.08,0.0,True,Central,App,Regular
O008358,C1678,2023-09-15,Sports,1,79.73,79.73,30.3,0.0,False,East,App,Regular
O004140,C0831,2024-03-02,Home & Kitchen,1,76.81,76.81,32.26,0.0,False,South,Retail,Premium
O008379,C1686,2024-03-07,Clothing,2,33.11,66.23,36.43,13.25,False,South,Online,Regular
O008891,C1792,2024-06-08,Home & Kitchen,1,89.58,89.58,37.62,17.92,False,East,Online,Premium
O002506,C0491,2023-07-17,Clothing,2,132.24,264.49,145.47,26.45,False,West,Retail,Premium
O002016,C0389,2024-02-25,Electronics,1,221.32,188.12,41.39,0.0,False,West,Retail,Premium
O005180,C1029,2024-10-18,Clothing,1,34.78,34.78,19.13,3.48,False,East,Online,Premium
O003943,C0795,2023-03-27,Clothing,3,85.17,255.52,140.54,0.0,False,West,Online,Premium
O006408,C1279,2024-11-08,Beauty,1,37.44,48.68,30.18,2.43,False,South,Online,Regular
O000329,C0063,2024-02-21,Home & Kitchen,1,102.77,87.35,36.69,13.1,False,Central,Online,Regular
O004857,C0966,2024-08-08,Beauty,2,19.69,39.38,24.42,0.0,False,West,App,Regular
O005839,C1155,2023-01-10,Electronics,1,487.24,414.16,91.12,82.83,False,Central,Online,Occasional
O002184,C0421,2024-05-02,Electronics,3,241.14,723.41,159.15,0.0,True,Central,App,Occasional
O001795,C0343,2023-07-11,Beauty,1,63.93,63.93,39.64,0.0,False,Central,App,Premium
O008186,C1634,2023-11-10,Home & Kitchen,1,132.96,172.85,72.6,8.64,False,East,Online,Occasional
O004775,C0955,2023-12-10,Electronics,2,325.34,845.89,186.1,84.59,True,North,App,Occasional
O004311,C0867,2024-03-02,Home & Kitchen,1,61.85,61.85,25.98,12.37,False,West,Online,Regular
O008760,C1760,2023-09-21,Beauty,1,24.98,24.98,15.49,0.0,False,Central,Online,Regular
O009833,C1963,2023-04-11,Electronics,1,566.77,566.77,124.69,85.02,False,North,Partner,Regular
O001255,C0235,2023-04-21,Clothing,2,103.18,206.36,113.5,30.95,False,East,Retail,Regular
O005798,C1145,2024-08-20,Clothing,1,114.21,114.21,62.82,0.0,False,West,Online,Premium
O003496,C0698,2023-03-09,Electronics,1,113.92,113.92,25.06,0.0,False,West,Partner,Premium
O004681,C0937,2023-02-14,Electronics,1,380.58,323.5,71.17,48.52,False,South,Online,Premium
O009050,C1823,2023-01-20,Home & Kitchen,1,188.96,160.61,67.46,0.0,False,East,App,Occasional
O009648,C1936,2023-08-23,Clothing,1,64.91,64.91,35.7,0.0,False,North,App,Premium
O009695,C1942,2024-02-08,Electronics,1,269.99,229.49,50.49,0.0,False,West,Online,Occasional
O007623,C1514,2024-11-17,Sports,1,163.74,212.86,80.89,10.64,False,West,Partner,Regular
O000269,C0050,2024-01-25,Clothing,1,110.51,93.93,51.66,0.0,False,North,App,Premium
O005019,C1002,2024-04-17,Sports,1,337.56,337.56,128.27,0.0,False,East,App,Premium
O008175,C1632,2023-08-03,Beauty,1,55.73,55.73,34.55,11.15,False,East,Online,Regular
O002846,C0563,2024-12-12,Home & Kitchen,1,99.9,129.87,54.55,25.97,True,South,Online,Occasional
O003365,C0666,2023-06-02,Clothing,1,96.47,96.47,53.06,14.47,False,East,Online,Occasional
O004526,C0911,2024-11-05,Electronics,1,376.73,489.75,107.74,48.98,False,East,Retail,Regular
O008068,C1604,2024-02-25,Electronics,1,560.3,476.25,104.78,23.81,False,Central,Online,Regular
O002062,C0399,2023-02-14,Electronics,1,526.16,447.23,98.39,67.08,True,West,Online,Regular
O003944,C0795,2024-09-08,Home & Kitchen,1,112.85,112.85,47.4,0.0,False,West,Online,Premium
O007751,C1537,2023-05-15,Clothing,2,46.96,93.92,51.66,4.7,False,East,Online,Premium
O004851,C0965,2023-02-07,Electronics,1,359.09,305.23,67.15,0.0,False,North,Online,Regular
O005267,C1045,2023-09-03,Beauty,1,14.42,14.42,8.94,0.0,False,North,Partner,Premium
O005657,C1123,2023-04-23,Beauty,1,46.21,46.21,28.65,0.0,False,West,Online,Premium
O001895,C0360,2023-01-06,Clothing,1,51.27,43.58,23.97,4.36,False,South,App,Regular
O004354,C0878,2023-07-30,Sports,1,95.86,95.86,36.43,0.0,False,South,App,Occasional
O008990,C1812,2023-05-23,Home & Kitchen,1,41.2,41.2,17.3,8.24,False,North,Retail,Premium
O001635,C0312,2023-11-18,Home & Kitchen,1,137.06,178.18,74.84,0.0,False,South,Online,Premium
O006016,C1191,2023-02-08,Home & Kitchen,1,91.06,77.4,32.51,0.0,False,South,App,Regular
O008005,C1588,2023-11-12,Home & Kitchen,1,33.09,43.02,18.07,2.15,False,West,App,Regular
O004933,C0983,2024-08-10,Beauty,1,66.83,66.83,41.43,13.37,False,Central,Online,Premium
O003236,C0641,2024-05-18,Beauty,1,85.37,85.37,52.93,0.0,False,East,Online,Occasional
O000001,C0001,2024-09-15,Sports,1,70.07,70.07,26.63,7.01,False,East,Online,Occasional
O006636,C1323,2023-03-04,Home & Kitchen,1,25.11,25.11,10.55,0.0,False,North,App,Premium
O008238,C1644,2023-02-19,Sports,2,51.76,88.0,33.44,17.6,False,South,Online,Premium
O008401,C1691,2024-04-14,Clothing,1,50.2,50.2,27.61,7.53,False,North,Partner,Regular
O003154,C0623,2024-06-24,Electronics,1,186.89,186.89,41.12,37.38,False,North,Retail,Regular
O000129,C0027,2024-08-09,Beauty,1,22.88,22.88,14.19,0.0,False,West,App,Occasional
O004055,C0821,2023-05-02,Electronics,1,268.39,268.39,59.05,0.0,False,West,Partner,Regular
O004541,C0913,2024-01-27,Electronics,1,705.48,599.66,131.93,0.0,False,West,App,Premium
O006766,C1351,2023-12-27,Electronics,1,383.14,498.08,109.58,0.0,False,Central,Partner,Occasional
O002138,C0412,2023-03-30,Electronics,1,444.22,444.22,97.73,0.0,False,East,App,Premium
O002418,C0473,2023-09-06,Beauty,1,52.48,52.48,32.54,0.0,False,East,Online,Premium
O004459,C0898,2024-02-09,Sports,1,100.35,85.29,32.41,17.06,False,Central,Online,Regular
O008719,C1754,2024-11-04,Sports,1,96.93,126.02,47.89,18.9,False,West,Online,Regular
O007095,C1414,2024-11-13,Electronics,1,341.39,443.81,97.64,0.0,False,North,Online,Premium
O002279,C0448,2023-06-21,Beauty,1,7.82,7.82,4.85,1.17,False,West,Online,Premium
O009724,C1945,2023-03-17,Home & Kitchen,1,155.89,155.89,65.47,15.59,True,West,Online,Premium
O000646,C0119,2023-03-17,Beauty,1,49.71,49.71,30.82,0.0,False,West,App,Regular
O006237,C1234,2024-10-11,Sports,2,105.95,211.89,80.52,31.78,False,East,Retail,Regular
O005014,C1001,2023-02-08,Clothing,1,34.45,29.28,16.1,0.0,False,West,Online,Regular
O003779,C0764,2023-08-27,Electronics,1,317.23,317.23,69.79,63.45,False,West,Online,Premium
O004252,C0857,2024-12-07,Beauty,1,51.33,66.73,41.37,10.01,False,Central,App,Regular
O001708,C0328,2024-02-29,Sports,3,101.74,259.42,98.58,0.0,False,South,Online,Regular
O007009,C1398,2023-04-29,Sports,1,125.05,125.05,47.52,18.76,False,West,Retail,Regular
O003342,C0663,2024-05-02,Clothing,1,71.56,71.56,39.36,10.73,False,South,Online,Premium
O004784,C0957,2023-08-07,Home & Kitchen,2,96.65,193.3,81.19,0.0,False,North,Online,Premium
O007346,C1455,2024-10-01,Home & Kitchen,1,100.25,100.25,42.1,20.05,False,Central,Online,Premium
O009664,C1938,2023-09-19,Electronics,3,134.12,402.37,88.52,20.12,False,South,Partner,Premium
O007238,C1442,2023-06-05,Clothing,1,98.15,98.15,53.98,0.0,False,North,Retail,Regular
O001745,C0334,2024-05-30,Sports,1,189.61,189.61,72.05,18.96,True,East,Partner,Premium
O007016,C1399,2024-09-11,Sports,1,79.4,79.4,30.17,0.0,False,West,App,Regular
O000076,C0013,2024-03-21,Home & Kitchen,1,82.15,82.15,34.5,0.0,False,North,Online,Premium
O004234,C0852,2023-09-29,Home & Kitchen,1,63.75,63.75,26.78,0.0,False,North,App,Regular
O003539,C0707,2023-06-07,Sports,1,68.26,68.26,25.94,0.0,False,South,App,Regular
O007492,C1483,2024-05-16,Electronics,1,362.08,362.08,79.66,0.0,False,South,Online,Regular
O000285,C0056,2024-01-21,Home & Kitchen,1,29.87,25.39,10.66,0.0,False,East,App,Regular
O006119,C1206,2024-03-05,Home & Kitchen,1,99.07,99.07,41.61,4.95,False,East,Retail,Premium
O004687,C0937,2023-12-09,Beauty,2,86.29,224.35,139.1,0.0,False,South,Online,Premium
O000834,C0152,2023-08-14,Electronics,1,209.47,209.47,46.08,0.0,False,South,Online,Premium
O008924,C1796,2023-04-04,Sports,1,216.22,216.22,82.16,0.0,False,North,App,Regular
O005243,C1039,2024-10-03,Electronics,1,64.69,64.69,14.23,6.47,False,South,Online,Regular
O002550,C0504,2023-09-13,Electronics,1,168.06,168.06,36.97,0.0,False,West,Online,Regular
O006334,C1255,2023-11-26,Sports,1,97.34,126.54,48.09,0.0,False,South,Online,Premium
O009332,C1873,2024-11-27,Clothing,1,73.59,95.67,52.62,0.0,False,South,Online,Premium
O005280,C1048,2024-04-07,Beauty,1,27.15,27.15,16.83,2.72,False,East,App,Regular
O002757,C0549,2023-07-14,Home & Kitchen,1,73.82,73.82,31.0,0.0,False,East,Retail,Premium
O002540,C0502,2023-11-19,Beauty,1,65.88,85.64,53.1,0.0,False,West,Retail,Regular
O006471,C1292,2023-04-24,Sports,1,215.79,215.79,82.0,0.0,True,South,App,Premium
O006509,C1298,2023-09-11,Electronics,1,222.6,222.6,48.97,11.13,False,West,Online,Premium
O002133,C0411,2023-08-26,Sports,1,43.13,43.13,16.39,4.31,False,West,Retail,Occasional
O007816,C1549,2024-09-10,Electronics,1,297.54,297.54,65.46,59.51,False,South,Partner,Premium
O001374,C0261,2024-05-01,Electronics,1,590.6,590.6,129.93,0.0,False,North,Retail,Occasional
O004050,C0819,2023-06-24,Beauty,1,78.61,78.61,48.74,7.86,False,West,Retail,Premium
O007910,C1565,2023-04-12,Home & Kitchen,1,28.33,28.33,11.9,0.0,False,West,Retail,Regular
O007239,C1442,2024-08-25,Home & Kitchen,1,149.41,149.41,62.75,29.88,False,North,Retail,Regular
O008734,C1756,2023-04-17,Electronics,1,386.61,386.61,85.05,57.99,False,Central,Online,Premium
O006134,C1208,2023-06-01,Clothing,1,5.0,5.0,2.75,0.25,False,South,Online,Premium
O004777,C0955,2023-12-03,Home & Kitchen,2,106.63,277.23,116.44,0.0,False,North,App,Occasional
O008143,C1626,2024-06-12,Sports,2,107.82,215.64,81.94,0.0,False,West,App,Regular
O006909,C1382,2024-07-01,Beauty,1,17.37,17.37,10.77,0.87,False,West,App,Regular
O004918,C0982,2023-05-12,Electronics,1,241.93,241.93,53.22,0.0,False,East,App,Regular
O000576,C0106,2023-10-09,Sports,2,146.01,292.01,110.96,29.2,False,West,Partner,Regular
O000516,C0101,2023-12-07,Sports,1,91.28,118.66,45.09,0.0,False,East,Online,Premium
O000365,C0072,2023-12-02,Sports,1,61.8,80.34,30.53,0.0,False,West,Online,Regular
O003809,C0768,2023-10-28,Beauty,1,41.18,41.18,25.53,6.18,False,West,App,Premium
O004908,C0980,2024-04-24,Beauty,1,23.25,23.25,14.42,3.49,True,West,Retail,Occasional
O001583,C0303,2024-07-15,Sports,1,198.23,198.23,75.33,9.91,False,East,Online,Regular
O005075,C1009,2023-03-09,Sports,1,163.4,163.4,62.09,24.51,False,Central,Partner,Premium
O000689,C0127,2024-09-27,Home & Kitchen,2,245.4,490.8,206.14,24.54,False,West,App,Regular
O004192,C0843,2024-01-13,Sports,1,192.59,163.7,62.21,16.37,False,West,Online,Regular
O003265,C0648,2024-10-09,Electronics,1,222.26,222.26,48.9,33.34,False,West,Online,Occasional
O004004,C0809,2024-03-08,Home & Kitchen,1,113.62,113.62,47.72,22.72,False,North,App,Regular
O007935,C1572,2024-04-20,Clothing,1,100.31,100.31,55.17,0.0,False,West,Retail,Regular
O008369,C1684,2024-09-13,Clothing,2,5.0,10.0,5.5,1.0,False,South,App,Occasional
O001351,C0256,2024-12-18,Beauty,1,28.5,37.05,22.97,3.7,False,Central,Online,Regular
O001273,C0240,2023-06-14,Home & Kitchen,2,126.74,253.48,106.46,38.02,False,West,Online,Premium
O008003,C1588,2023-12-29,Beauty,1,39.58,51.45,31.9,10.29,False,West,App,Regular
O005695,C1125,2024-03-12,Electronics,1,562.95,562.95,123.85,28.15,True,Central,Online,Premium
O008869,C1783,2024-06-09,Home & Kitchen,2,136.56,273.11,114.71,0.0,False,Central,Online,Regular
O003426,C0684,2024-08-10,Sports,1,71.21,71.21,27.06,0.0,False,South,App,Regular
O003127,C0618,2023-12-06,Electronics,1,250.66,325.85,71.69,16.29,False,West,App,Regular
O001697,C0326,2024-12-19,Clothing,2,85.08,221.21,121.67,0.0,False,North,Online,Regular
O009854,C1967,2023-09-07,Sports,1,83.18,83.18,31.61,8.32,True,South,App,Premium
O008522,C1716,2023-06-15,Electronics,1,80.95,80.95,17.81,12.14,False,South,Online,Regular
O009168,C1842,2024-02-02,Home & Kitchen,1,132.42,112.55,47.27,0.0,False,North,Online,Regular
O002033,C0391,2023-08-13,Clothing,1,71.7,71.7,39.44,14.34,True,Central,App,Premium
O006697,C1334,2024-01-02,Beauty,1,100.15,85.13,52.78,8.51,False,North,Retail,Regular
O003923,C0791,2023-10-21,Beauty,3,5.04,15.12,9.37,2.27,False,West,Online,Regular
O001599,C0307,2023-02-10,Beauty,2,44.64,75.89,47.05,15.18,False,Central,Online,Premium
O006274,C1244,2024-09-06,Clothing,2,30.63,61.26,33.69,6.13,False,West,Online,Premium
O007422,C1468,2023-02-01,Beauty,1,33.67,28.62,17.74,5.72,False,North,Retail,Regular
O004248,C0854,2024-05-13,Beauty,2,65.88,131.77,81.7,0.0,False,West,Online,Regular
O007989,C1586,2023-07-16,Beauty,1,60.5,60.5,37.51,12.1,False,Central,Online,Premium
O008988,C1812,2024-01-30,Sports,1,23.87,20.29,7.71,1.01,False,North,Retail,Premium
O003457,C0690,2023-02-03,Beauty,1,36.06,30.65,19.0,0.0,False,East,App,Premium
O000991,C0190,2024-02-12,Clothing,1,127.66,108.51,59.68,10.85,False,Central,Retail,Premium
O005512,C1102,2023-06-17,Home & Kitchen,1,114.24,114.24,47.98,5.71,False,West,App,Premium
O000790,C0145,2023-07-21,Clothing,1,5.0,5.0,2.75,0.25,False,West,Online,Regular
O007155,C1423,2023-08-29,Home & Kitchen,1,48.07,48.07,20.19,7.21,False,East,Online,Regular
O008819,C1771,2024-01-01,Electronics,1,405.13,344.36,75.76,0.0,False,North,Retail,Regular
O008868,C1783,2023-09-16,Beauty,2,47.1,94.21,58.41,0.0,True,Central,Online,Regular
O000133,C0030,2023-03-09,Home & Kitchen,1,73.25,73.25,30.76,0.0,False,South,Online,Premium
O007247,C1443,2023-07-27,Electronics,1,208.39,208.39,45.85,0.0,False,East,App,Regular
O002407,C0472,2023-05-06,Sports,2,144.73,289.46,109.99,0.0,False,South,Retail,Regular
O008213,C1638,2024-11-15,Home & Kitchen,1,189.57,246.45,103.51,36.97,False,West,Retail,Regular
O007099,C1414,2023-06-22,Beauty,1,24.59,24.59,15.25,0.0,False,North,Online,Premium
O001716,C0330,2024-06-27,Electronics,1,48.24,48.24,10.61,7.24,False,West,App,Regular
O009318,C1869,2023-07-12,Sports,2,54.54,109.07,41.45,16.36,False,West,Online,Occasional
O004432,C0891,2024-08-09,Electronics,1,127.4,127.4,28.03,19.11,False,North,App,Premium
O006617,C1319,2023-05-24,Sports,2,26.58,53.17,20.2,5.32,False,North,Online,Regular
O003046,C0600,2023-01-01,Beauty,1,16.87,14.34,8.89,2.87,False,West,Partner,Premium
O009494,C1907,2023-12-16,Sports,3,168.76,658.15,250.1,0.0,False,South,Online,Regular
O007123,C1418,2024-04-09,Clothing,1,37.27,37.27,20.5,5.59,False,East,Online,Premium
O005375,C1072,2023-08-19,Home & Kitchen,2,141.14,282.29,118.56,42.34,False,Central,App,Regular
O000837,C0152,2023-10-23,Electronics,2,567.84,1135.68,249.85,0.0,False,South,Online,Premium
O006594,C1315,2023-11-27,Clothing,2,60.28,156.73,86.2,31.35,True,South,Online,Regular
O003974,C0800,2023-05-29,Home & Kitchen,1,65.83,65.83,27.65,0.0,False,East,Online,Premium
O007522,C1488,2023-04-18,Clothing,1,54.9,54.9,30.2,8.24,False,West,Retail,Regular
O001591,C0306,2023-04-03,Home & Kitchen,1,5.45,5.45,2.29,1.09,False,North,Online,Regular
O001310,C0245,2024-01-14,Sports,1,167.47,142.35,54.09,0.0,False,West,Retail,Regular
O001850,C0350,2023-08-07,Home & Kitchen,1,89.38,89.38,37.54,17.88,False,East,Online,Premium
O007688,C1526,2024-03-19,Sports,1,139.52,139.52,53.02,0.0,False,East,Online,Premium
O008870,C1783,2024-06-16,Beauty,1,25.89,25.89,16.05,0.0,False,Central,Online,Regular
O006239,C1234,2023-09-03,Beauty,1,48.08,48.08,29.81,7.21,False,East,Retail,Regular
O008781,C1766,2024-08-05,Sports,1,5.0,5.0,1.9,0.0,False,South,App,Premium
O004027,C0815,2024-02-25,Home & Kitchen,1,69.97,59.48,24.98,11.9,False,West,Partner,Occasional
O004961,C0992,2023-07-31,Clothing,1,27.6,27.6,15.18,0.0,False,East,Partner,Regular
O007542,C1493,2023-08-28,Beauty,1,77.01,77.01,47.75,15.4,False,East,App,Regular
O003864,C0779,2024-08-25,Home & Kitchen,2,138.58,277.17,116.41,0.0,False,North,Retail,Regular
O007251,C1445,2024-03-15,Electronics,1,68.56,68.56,15.08,0.0,False,West,Online,Premium
O007646,C1519,2023-10-16,Electronics,1,351.03,351.03,77.23,0.0,True,Central,App,Regular
O001086,C0207,2023-02-14,Clothing,2,88.09,149.76,82.37,0.0,False,North,Retail,Premium
O002667,C0531,2024-02-07,Sports,1,5.0,4.25,1.62,0.64,False,East,Retail,Regular
O008089,C1614,2024-10-27,Clothing,1,58.12,58.12,31.97,0.0,False,West,Online,Regular
O004418,C0890,2024-10-12,Electronics,1,233.31,233.31,51.33,0.0,False,South,Partner,Regular
O000317,C0061,2023-04-22,Electronics,1,588.52,588.52,129.47,58.85,False,South,Online,Occasional
O009026,C1817,2023-05-13,Clothing,1,76.28,76.28,41.95,7.63,False,East,Online,Premium
O009047,C1822,2023-08-31,Beauty,1,39.17,39.17,24.29,7.83,False,South,Online,Occasional
O003179,C0629,2024-11-25,Clothing,1,71.29,92.67,50.97,0.0,False,North,Online,Regular
O008403,C1691,2023-06-14,Clothing,1,69.3,69.3,38.12,0.0,False,North,Partner,Regular
O002021,C0389,2024-06-08,Sports,1,264.56,264.56,100.53,0.0,False,West,Retail,Premium
O006313,C1251,2024-10-09,Clothing,1,100.35,100.35,55.19,20.07,True,South,Online,Regular
O007451,C1475,2023-03-04,Clothing,2,44.25,88.5,48.68,0.0,False,South,Partner,Premium
O005611,C1117,2024-06-11,Home & Kitchen,1,224.57,224.57,94.32,44.91,False,East,Online,Premium
O007392,C1464,2024-03-28,Sports,3,55.91,167.72,63.73,8.39,False,East,App,Premium
O008218,C1638,2024-06-11,Home & Kitchen,1,5.0,5.0,2.1,0.0,False,West,Retail,Regular
O007817,C1549,2023-12-06,Electronics,2,427.04,1110.3,244.27,222.06,False,South,Partner,Premium
O005319,C1061,2024-05-02,Clothing,1,39.61,39.61,21.79,5.94,False,North,Online,Regular
O004304,C0866,2023-08-26,Electronics,1,316.2,316.2,69.56,31.62,False,Central,App,Premium
O008149,C1627,2023-07-15,Beauty,1,35.97,35.97,22.3,0.0,False,North,Partner,Regular
O004677,C0937,2023-05-05,Sports,1,157.16,157.16,59.72,23.57,False,South,Online,Premium
O009515,C1916,2023-09-03,Beauty,1,26.66,26.66,16.53,2.67,False,South,App,Regular
O007786,C1544,2023-05-22,Sports,1,101.83,101.83,38.7,10.18,False,Central,Online,Occasional
O005113,C1014,2023-09-01,Sports,1,5.0,5.0,1.9,0.75,False,East,Partner,Premium
O009988,C1991,2023-08-16,Beauty,1,5.0,5.0,3.1,1.0,False,East,Partner,Premium
O008865,C1781,2024-09-28,Sports,2,126.2,252.4,95.91,25.24,False,North,Online,Regular
O004833,C0962,2024-06-04,Sports,1,5.0,5.0,1.9,0.5,False,Central,Online,Regular
O001002,C0192,2023-06-09,Beauty,1,12.8,12.8,7.94,1.28,False,West,Online,Regular
O003510,C0701,2023-12-22,Electronics,1,446.7,580.71,127.76,29.04,False,West,App,Regular
O002467,C0483,2024-02-01,Electronics,1,138.31,117.57,25.87,0.0,False,East,Online,Regular
O001581,C0303,2024-02-24,Beauty,1,40.33,34.28,21.25,0.0,True,East,Online,Regular
O007018,C1402,2024-03-04,Sports,3,40.99,122.97,46.73,0.0,False,North,Online,Occasional
O008224,C1640,2023-09-13,Home & Kitchen,1,5.0,5.0,2.1,0.0,False,East,App,Regular
O005437,C1088,2023-08-19,Beauty,3,28.07,84.21,52.21,0.0,False,Central,Online,Regular
O005435,C1088,2024-05-15,Electronics,1,312.51,312.51,68.75,46.88,False,Central,Online,Regular
O005779,C1143,2023-05-17,Home & Kitchen,1,36.55,36.55,15.35,0.0,False,West,Online,Regular
O006634,C1323,2024-05-08,Clothing,1,64.13,64.13,35.27,9.62,False,North,App,Premium
O003908,C0788,2024-10-15,Home & Kitchen,1,113.41,113.41,47.63,11.34,False,West,Online,Premium
O006163,C1214,2024-03-14,Electronics,1,521.14,521.14,114.65,0.0,False,East,Retail,Premium
O008292,C1660,2024-10-12,Sports,1,135.74,135.74,51.58,20.36,False,East,Online,Premium
O007381,C1461,2024-01-30,Clothing,1,43.31,36.81,20.25,5.52,False,Central,App,Regular
O000895,C0163,2024-04-14,Clothing,2,84.14,168.28,92.55,25.24,False,North,Online,Regular
O000679,C0125,2024-03-07,Clothing,1,97.51,97.51,53.63,0.0,False,Central,Retail,Occasional
O004567,C0922,2024-02-21,Home & Kitchen,1,40.22,34.19,14.36,0.0,False,North,Online,Regular
O008467,C1706,2023-09-25,Home & Kitchen,1,92.7,92.7,38.93,13.9,False,West,Online,Occasional
O002329,C0458,2024-06-30,Electronics,2,317.14,634.29,139.54,0.0,False,West,App,Occasional
O001740,C0333,2023-08-03,Sports,1,115.14,115.14,43.75,11.51,False,North,Online,Regular
O005473,C1096,2024-07-11,Home & Kitchen,1,131.28,131.28,55.14,0.0,False,East,Retail,Premium
O006415,C1282,2023-09-06,Beauty,1,15.09,15.09,9.36,2.26,True,North,Online,Regular
O006637,C1323,2024-08-21,Beauty,1,32.79,32.79,20.33,4.92,False,North,App,Premium
O008709,C1752,2023-06-06,Beauty,1,80.34,80.34,49.81,0.0,False,Central,Online,Regular
O005278,C1048,2024-12-17,Clothing,1,105.29,136.88,75.28,27.38,False,East,App,Regular
O001760,C0336,2023-02-27,Clothing,2,5.0,8.5,4.68,0.0,False,Central,Partner,Premium
O008078,C1609,2024-07-05,Sports,1,127.93,127.93,48.61,6.4,True,West,Online,Occasional
O002078,C0401,2023-01-08,Electronics,2,378.28,643.07,141.48,64.31,False,North,Partner,Premium
O004858,C0966,2024-01-19,Home & Kitchen,1,59.09,50.23,21.1,0.0,False,West,App,Regular
O006794,C1356,2023-01-31,Sports,1,29.53,25.1,9.54,0.0,False,West,Online,Regular
O001113,C0212,2023-09-29,Electronics,1,93.17,93.17,20.5,18.63,False,North,App,Premium
O008961,C1805,2023-03-05,Sports,1,165.15,165.15,62.76,0.0,False,South,Partner,Regular
O003123,C0617,2023-12-18,Beauty,1,44.31,57.61,35.72,5.76,False,West,App,Premium
O007135,C1419,2023-05-21,Home & Kitchen,1,125.29,125.29,52.62,12.53,False,East,Retail,Premium
O006248,C1235,2024-10-15,Home & Kitchen,1,185.51,185.51,77.91,18.55,False,North,Partner,Regular
O004691,C0937,2024-03-09,Beauty,1,79.21,79.21,49.11,0.0,False,South,Online,Premium
O004606,C0926,2023-11-22,Sports,1,134.17,174.42,66.28,26.16,False,South,Retail,Premium
O006140,C1208,2024-04-05,Home & Kitchen,1,124.9,124.9,52.46,18.74,False,South,Online,Premium
O000216,C0042,2024-04-26,Clothing,2,46.62,93.24,51.28,0.0,False,East,Online,Premium
O002327,C0457,2024-03-21,Electronics,1,533.04,533.04,117.27,53.3,False,South,Retail,Premium
O003902,C0787,2023-01-20,Home & Kitchen,1,74.47,63.3,26.59,9.49,False,East,Online,Occasional
O005520,C1104,2024-02-21,Electronics,1,425.62,361.77,79.59,0.0,False,East,App,Regular
O000474,C0091,2024-11-19,Clothing,1,44.52,57.87,31.83,11.57,False,Central,App,Regular
O006696,C1334,2023-01-10,Clothing,1,94.79,80.57,44.31,0.0,False,North,Retail,Regular
O005689,C1125,2023-04-04,Home & Kitchen,1,125.09,125.09,52.54,25.02,False,Central,Online,Premium
O000580,C0107,2024-03-16,Home & Kitchen,1,107.63,107.63,45.2,21.53,False,East,Online,Occasional
O008366,C1683,2024-12-26,Beauty,1,26.57,34.54,21.41,1.73,False,South,App,Regular
O001987,C0379,2023-10-08,Home & Kitchen,1,79.91,79.91,33.56,15.98,False,West,Online,Premium
O000972,C0188,2024-02-06,Home & Kitchen,1,90.69,77.08,32.37,0.0,False,East,App,Regular
O001810,C0345,2024-05-17,Clothing,1,59.5,59.5,32.72,11.9,False,West,Partner,Premium
O002830,C0559,2023-06-15,Home & Kitchen,1,90.29,90.29,37.92,13.54,False,West,Retail,Regular
O008810,C1770,2024-05-13,Sports,1,88.21,88.21,33.52,0.0,False,East,Online,Regular
O003717,C0747,2023-07-30,Sports,1,148.61,148.61,56.47,14.86,False,South,Retail,Regular
O004072,C0822,2024-12-01,Beauty,2,60.4,157.03,97.36,23.55,False,Central,App,Premium
O004643,C0930,2024-09-20,Clothing,3,67.49,202.47,111.36,30.37,False,South,App,Regular
O000922,C0174,2024-10-26,Electronics,1,430.29,430.29,94.66,0.0,False,South,Retail,Regular
O002699,C0538,2024-08-01,Electronics,1,278.47,278.47,61.26,0.0,False,Central,Online,Regular
O002688,C0536,2023-12-04,Beauty,1,79.99,103.99,64.47,5.2,False,West,Online,Regular
O004988,C0997,2024-03-18,Sports,1,11.94,11.94,4.54,0.6,False,East,App,Occasional
O005204,C1031,2023-06-15,Home & Kitchen,2,97.5,195.0,81.9,0.0,False,North,App,Premium
O002936,C0574,2023-12-02,Electronics,1,248.85,323.5,71.17,0.0,False,East,App,Regular
O000951,C0181,2023-12-26,Home & Kitchen,2,71.26,185.26,77.81,27.79,True,North,Online,Occasional
O003259,C0646,2024-01-29,Beauty,1,43.53,37.0,22.94,5.55,True,South,App,Regular
O003682,C0739,2024-07-18,Clothing,1,60.91,60.91,33.5,9.14,False,East,Online,Occasional
O003370,C0667,2024-01-08,Sports,2,277.46,471.68,179.24,0.0,False,South,App,Regular
O003576,C0713,2024-06-23,Sports,1,166.13,166.13,63.13,0.0,False,East,Online,Premium
O004274,C0861,2024-04-05,Sports,1,177.19,177.19,67.33,17.72,False,South,Online,Regular
O009419,C1889,2023-03-10,Sports,1,119.57,119.57,45.44,0.0,False,North,Partner,Occasional
O007824,C1549,2024-01-30,Beauty,1,48.48,41.21,25.55,0.0,False,South,Partner,Premium
O009610,C1931,2024-12-30,Sports,1,5.0,6.5,2.47,0.32,False,East,Online,Premium
O006370,C1268,2023-12-21,Home & Kitchen,1,123.42,160.45,67.39,8.02,False,South,Retail,Regular
O006996,C1397,2024-03-04,Sports,2,61.39,122.79,46.66,12.28,False,West,Online,Premium
O006309,C1249,2023-04-21,Sports,1,104.76,104.76,39.81,10.48,False,South,Online,Regular
O003476,C0694,2023-12-09,Sports,1,109.87,142.83,54.28,0.0,False,South,Partner,Regular
O008749,C1759,2024-04-05,Clothing,1,66.76,66.76,36.72,10.01,True,South,Online,Premium
O006305,C1249,2024-04-01,Electronics,1,287.15,287.15,63.17,14.36,False,South,Online,Regular
O004228,C0850,2023-03-27,Sports,1,246.26,246.26,93.58,12.31,False,South,Online,Occasional
O009882,C1970,2023-10-01,Home & Kitchen,1,66.85,66.85,28.08,6.68,False,West,Online,Regular
O009157,C1840,2023-01-08,Electronics,2,469.98,798.96,175.77,0.0,False,West,Online,Occasional
O009656,C1938,2023-02-07,Sports,1,43.41,36.9,14.02,1.84,False,South,Partner,Premium
O008073,C1607,2024-06-08,Clothing,1,72.85,72.85,40.07,0.0,False,North,Online,Regular
O002473,C0484,2024-10-18,Home & Kitchen,1,90.9,90.9,38.18,0.0,False,West,App,Occasional
O009856,C1968,2023-06-13,Clothing,2,148.05,296.09,162.85,29.61,False,East,Partner,Regular
O006271,C1243,2023-02-02,Electronics,1,225.44,191.62,42.16,0.0,True,West,Online,Regular
O000477,C0091,2024-11-07,Beauty,1,70.46,91.59,56.79,9.16,True,Central,App,Regular
O009639,C1936,2024-04-08,Sports,1,184.11,184.11,69.96,27.62,True,North,App,Premium
O002476,C0486,2023-03-10,Home & Kitchen,1,16.51,16.51,6.93,0.0,False,West,App,Regular
O002147,C0413,2024-07-26,Sports,1,5.0,5.0,1.9,0.5,False,North,Online,Regular
O008280,C1657,2023-01-18,Beauty,1,65.44,55.63,34.49,0.0,False,West,Online,Occasional
O007801,C1546,2023-06-15,Sports,1,86.3,86.3,32.79,4.32,False,West,Online,Premium
O009021,C1816,2023-06-12,Beauty,1,54.74,54.74,33.94,0.0,False,South,App,Occasional
O002441,C0475,2023-02-10,Sports,2,210.84,358.42,136.2,17.92,False,Central,Online,Regular
O004322,C0870,2024-05-18,Electronics,1,5.0,5.0,1.1,0.0,False,West,App,Occasional
O009766,C1954,2023-01-26,Electronics,1,631.66,536.91,118.12,53.69,False,North,Online,Regular
O001488,C0280,2023-12-30,Beauty,1,61.51,79.96,49.58,0.0,False,North,Partner,Occasional
O006704,C1335,2024-11-02,Clothing,1,38.81,50.46,27.75,7.57,False,West,Online,Premium
O007217,C1437,2023-09-12,Clothing,2,58.41,116.82,64.25,0.0,False,North,Online,Premium
O005531,C1108,2023-11-10,Electronics,2,270.68,703.77,154.83,70.38,False,Central,Retail,Premium
O006504,C1298,2023-06-24,Sports,1,12.03,12.03,4.57,1.8,False,West,Online,Premium
O007339,C1454,2024-10-13,Home & Kitchen,1,131.81,131.81,55.36,13.18,False,West,Online,Premium
O001717,C0330,2023-02-19,Sports,2,130.69,222.18,84.43,22.22,False,West,App,Regular
O005827,C1147,2023-04-13,Sports,2,178.14,356.27,135.38,53.44,False,South,Online,Premium
O003807,C0768,2024-05-19,Electronics,1,428.67,428.67,94.31,85.73,False,West,App,Premium
O005962,C1180,2024-05-28,Beauty,1,32.08,32.08,19.89,0.0,False,South,App,Premium
O006007,C1187,2024-12-20,Clothing,1,99.25,129.03,70.97,19.35,False,South,Partner,Regular
O006080,C1200,2024-10-19,Sports,2,139.15,278.3,105.75,27.83,True,West,Online,Regular
O001136,C0216,2024-02-15,Electronics,2,5.0,8.5,1.87,0.0,False,West,Online,Occasional
O005981,C1183,2024-03-10,Sports,1,145.78,145.78,55.4,0.0,False,West,App,Regular
O008139,C1626,2024-01-25,Clothing,1,93.06,79.1,43.5,7.91,True,West,App,Regular
O002008,C0383,2023-05-02,Sports,1,16.13,16.13,6.13,2.42,False,Central,Online,Regular
O007737,C1536,2023-03-27,Sports,1,20.9,20.9,7.94,0.0,False,East,Online,Regular
O003372,C0668,2023-09-15,Clothing,1,36.29,36.29,19.96,0.0,False,North,Partner,Regular
O003692,C0741,2023-12-17,Sports,1,95.92,124.69,47.38,0.0,False,North,Online,Regular
O003739,C0755,2024-08-26,Beauty,2,30.13,60.25,37.35,0.0,False,North,Online,Regular
O008161,C1630,2023-08-23,Beauty,1,46.02,46.02,28.53,6.9,True,East,Retail,Premium
O008252,C1647,2024-03-26,Clothing,1,63.21,63.21,34.77,0.0,False,West,Partner,Regular
O005432,C1088,2024-01-12,Beauty,1,18.38,15.62,9.68,0.0,False,Central,Online,Regular
O006971,C1391,2023-05-27,Sports,1,65.62,65.62,24.94,0.0,False,Central,Online,Regular
O007552,C1494,2023-05-23,Clothing,2,23.96,47.91,26.35,0.0,False,South,Online,Regular
O007230,C1439,2024-02-15,Beauty,1,50.69,43.09,26.72,0.0,False,South,Online,Regular
O008344,C1674,2023-10-26,Clothing,2,90.41,180.82,99.45,0.0,True,West,Online,Regular
O001590,C0306,2024-05-20,Home & Kitchen,1,84.76,84.76,35.6,0.0,False,North,Online,Regular
O000905,C0166,2023-05-14,Sports,1,65.06,65.06,24.72,6.51,False,East,Online,Regular
O005613,C1117,2024-09-24,Beauty,2,28.41,56.82,35.23,11.36,False,East,Online,Premium
O004641,C0929,2024-12-27,Electronics,2,354.44,921.55,202.74,0.0,False,South,Partner,Regular
O005898,C1171,2024-03-10,Clothing,1,45.46,45.46,25.0,2.27,False,Central,Online,Premium
O006349,C1261,2023-02-17,Clothing,1,74.66,63.46,34.9,0.0,False,South,Online,Regular
O001545,C0296,2023-08-22,Clothing,1,89.07,89.07,48.99,0.0,False,West,Online,Premium
O002913,C0571,2024-07-01,Home & Kitchen,1,75.2,75.2,31.58,15.04,False,Central,Online,Premium
O007577,C1502,2024-04-19,Beauty,1,61.91,61.91,38.38,9.29,False,East,Retail,Regular
O005738,C1136,2023-05-11,Clothing,1,32.0,32.0,17.6,0.0,False,Central,Online,Premium
O000035,C0006,2023-02-15,Electronics,2,548.83,933.01,205.26,0.0,False,South,Online,Premium
O005902,C1171,2023-05-22,Electronics,1,522.86,522.86,115.03,104.57,False,Central,Online,Premium
O007677,C1524,2024-10-15,Sports,2,190.77,381.55,144.99,76.31,False,East,Online,Regular
O005634,C1121,2024-07-03,Sports,1,72.45,72.45,27.53,14.49,False,Central,Online,Premium
O005641,C1121,2024-12-27,Sports,1,124.51,161.86,61.51,0.0,False,Central,Online,Premium
O010023,C1996,2024-07-15,Home & Kitchen,1,142.64,142.64,59.91,21.4,False,East,Retail,Premium
O003008,C0593,2023-12-23,Sports,1,98.18,127.64,48.5,12.76,True,South,Retail,Regular
O004583,C0924,2024-03-09,Electronics,1,496.02,496.02,109.12,49.6,False,West,App,Premium
O000813,C0149,2024-03-09,Home & Kitchen,3,72.81,218.42,91.74,0.0,False,Central,App,Premium
O008240,C1644,2023-01-15,Home & Kitchen,3,81.3,207.32,87.07,0.0,False,South,Online,Premium
O004951,C0989,2024-11-06,Home & Kitchen,1,24.98,32.47,13.64,3.25,False,North,App,Regular
O000820,C0149,2023-11-19,Sports,1,80.41,104.53,39.72,20.91,False,Central,App,Premium
O000240,C0044,2023-02-09,Sports,1,94.09,79.97,30.39,0.0,False,South,Online,Premium
O003595,C0718,2023-08-09,Sports,1,199.91,199.91,75.97,29.99,False,North,Partner,Premium
O005468,C1095,2023-03-31,Home & Kitchen,1,101.52,101.52,42.64,10.15,False,Central,App,Regular
O005182,C1029,2023-02-09,Clothing,1,90.74,77.13,42.42,0.0,False,East,Online,Premium
O001960,C0376,2024-08-26,Beauty,1,34.49,34.49,21.38,5.17,False,West,App,Premium
O007376,C1461,2023-12-01,Home & Kitchen,1,140.08,182.1,76.48,0.0,False,Central,App,Regular
O003194,C0631,2023-07-19,Beauty,1,26.77,26.77,16.6,2.68,False,East,App,Regular
O007849,C1555,2023-12-04,Sports,1,8.75,11.37,4.32,1.71,False,East,App,Premium
O002433,C0474,2023-11-21,Beauty,1,63.47,82.51,51.16,8.25,False,Central,Online,Premium
O000466,C0090,2023-02-15,Beauty,1,55.83,47.46,29.43,2.37,True,West,Online,Premium
O001747,C0334,2023-11-27,Sports,2,234.7,610.21,231.88,91.53,False,East,Partner,Premium
O004574,C0923,2024-07-22,Beauty,1,32.1,32.1,19.9,4.82,False,South,Online,Premium
O008802,C1767,2023-06-26,Electronics,1,375.16,375.16,82.54,0.0,False,West,App,Regular
O001530,C0292,2024-12-11,Sports,2,189.97,493.93,187.69,0.0,False,Central,App,Regular
O001205,C0229,2024-06-23,Clothing,2,54.11,108.21,59.52,5.41,False,South,App,Premium
O006230,C1232,2023-01-12,Sports,1,108.57,92.28,35.07,13.84,False,South,Partner,Regular
O006277,C1244,2023-09-18,Electronics,2,516.3,1032.6,227.17,0.0,False,West,Online,Premium
O009587,C1928,2023-01-24,Sports,1,19.28,16.39,6.23,1.64,False,North,App,Regular
O009319,C1870,2023-01-01,Sports,1,133.02,113.06,42.96,22.61,False,West,Online,Regular
O007146,C1420,2023-08-08,Clothing,2,30.13,60.25,33.14,0.0,False,East,Partner,Occasional
O008966,C1806,2024-04-01,Clothing,1,39.35,39.35,21.64,0.0,False,West,Online,Occasional
O003774,C0762,2023-06-22,Electronics,2,207.95,415.9,91.5,0.0,False,Central,App,Regular
O007567,C1499,2023-09-08,Home & Kitchen,1,203.59,203.59,85.51,0.0,False,West,Online,Regular
O002715,C0542,2023-10-01,Home & Kitchen,2,92.25,184.51,77.49,18.45,False,Central,Online,Regular
O007867,C1557,2023-06-12,Clothing,1,99.35,99.35,54.64,9.94,False,West,Online,Regular
O001095,C0208,2023-03-05,Home & Kitchen,1,193.84,193.84,81.41,9.69,False,West,Online,Regular
O006289,C1244,2024-05-08,Sports,1,199.26,199.26,75.72,0.0,False,West,Online,Premium
O007848,C1554,2023-09-28,Home & Kitchen,1,164.28,164.28,69.0,0.0,False,North,Online,Occasional
O004188,C0841,2024-05-02,Sports,1,171.1,171.1,65.02,0.0,False,South,App,Regular
O007328,C1454,2023-07-03,Sports,1,5.0,5.0,1.9,0.0,False,West,Online,Premium
O001220,C0230,2023-12-11,Home & Kitchen,3,33.51,130.71,54.9,0.0,False,East,App,Premium
O004889,C0976,2023-10-09,Home & Kitchen,1,113.37,113.37,47.62,0.0,False,Central,Partner,Regular
O006117,C1206,2023-11-01,Clothing,2,91.79,238.66,131.26,0.0,False,East,Retail,Premium
O008880,C1788,2023-12-07,Clothing,1,57.41,74.63,41.05,7.46,False,North,App,Regular
O001876,C0355,2024-05-29,Sports,3,90.38,271.15,103.04,0.0,False,East,App,Regular
O000458,C0089,2024-09-21,Clothing,1,5.0,5.0,2.75,1.0,False,South,Retail,Premium
O005480,C1096,2023-05-24,Electronics,1,705.78,705.78,155.27,70.58,False,East,Retail,Premium
O007993,C1586,2024-11-09,Electronics,1,161.72,210.23,46.25,0.0,False,Central,Online,Premium
O002492,C0490,2023-03-23,Home & Kitchen,1,26.19,26.19,11.0,1.31,False,East,Partner,Premium
O005723,C1133,2023-10-10,Electronics,1,337.31,337.31,74.21,0.0,False,South,Partner,Premium
O002369,C0464,2024-12-18,Electronics,2,731.34,1901.48,418.33,190.15,False,North,Retail,Premium
O002119,C0405,2024-09-15,Clothing,2,59.52,119.05,65.48,0.0,False,Central,Online,Premium
O008341,C1674,2023-06-22,Sports,1,9.42,9.42,3.58,1.41,False,West,Online,Regular
O001618,C0309,2023-06-20,Clothing,2,33.97,67.93,37.36,0.0,False,West,Online,Regular
O003989,C0805,2023-08-31,Clothing,2,80.27,160.54,88.3,32.11,False,Central,Retail,Regular
O007301,C1450,2023-05-05,Home & Kitchen,1,106.99,106.99,44.94,0.0,False,East,Online,Regular
O004028,C0815,2023-11-24,Beauty,1,51.87,67.43,41.81,3.37,False,West,Partner,Occasional
O001008,C0193,2024-03-23,Home & Kitchen,2,108.5,217.0,91.14,32.55,False,Central,Online,Regular
O006999,C1397,2023-02-22,Electronics,1,189.39,160.98,35.42,16.1,False,West,Online,Premium
O002354,C0463,2023-09-27,Home & Kitchen,1,126.2,126.2,53.0,0.0,False,South,Online,Regular
O003060,C0601,2024-02-18,Sports,1,92.91,78.97,30.01,15.79,False,East,Retail,Premium
O007952,C1577,2024-10-12,Clothing,1,79.23,79.23,43.58,7.92,False,West,Retail,Occasional
O003969,C0798,2024-01-19,Sports,1,223.03,189.58,72.04,28.44,True,Central,Online,Premium
O003677,C0737,2023-07-12,Home & Kitchen,1,124.95,124.95,52.48,24.99,False,South,Retail,Regular
O006540,C1305,2023-04-02,Electronics,1,268.49,268.49,59.07,0.0,True,West,Online,Regular
O000040,C0007,2024-10-08,Clothing,1,98.2,98.2,54.01,0.0,False,East,App,Regular
O002645,C0528,2024-12-14,Beauty,1,40.84,53.09,32.92,5.31,False,Central,App,Occasional
O009173,C1844,2024-02-07,Home & Kitchen,1,89.52,76.09,31.96,0.0,False,Central,Retail,Premium
O001910,C0364,2024-07-16,Sports,2,67.42,134.85,51.24,6.74,False,West,App,Regular
O000206,C0041,2024-05-25,Electronics,1,247.39,247.39,54.43,0.0,False,East,App,Premium
O007716,C1531,2024-09-18,Beauty,1,8.65,8.65,5.36,0.0,False,Central,Online,Premium
O005102,C1013,2023-01-22,Beauty,1,108.67,92.37,57.27,9.24,True,West,Online,Regular
O009720,C1945,2024-02-22,Sports,1,62.47,53.1,20.18,0.0,False,West,Online,Premium
O010026,C1999,2023-05-05,Clothing,1,45.77,45.77,25.17,9.15,False,West,Retail,Regular
O008305,C1661,2024-11-15,Beauty,1,40.07,52.1,32.3,0.0,False,West,Online,Regular
O006443,C1286,2023-04-15,Clothing,2,7.51,15.03,8.27,0.0,False,West,Online,Occasional
O008461,C1705,2024-07-23,Clothing,1,65.1,65.1,35.8,6.51,False,South,Online,Regular
O002081,C0401,2024-01-20,Home & Kitchen,1,112.31,95.46,40.09,14.32,False,North,Partner,Premium
O006113,C1204,2023-08-08,Electronics,1,313.75,313.75,69.03,47.06,False,Central,Online,Premium
O000404,C0082,2024-07-14,Beauty,1,42.8,42.8,26.54,4.28,False,North,Online,Regular
O008438,C1700,2024-11-10,Home & Kitchen,1,73.55,95.61,40.16,4.78,False,North,App,Occasional
O005697,C1125,2024-03-13,Clothing,1,141.26,141.26,77.69,21.19,False,Central,Online,Premium
O001771,C0337,2024-11-22,Electronics,1,467.4,607.61,133.67,91.14,False,East,App,Regular
O007507,C1485,2024-05-30,Home & Kitchen,2,131.6,263.2,110.54,26.32,True,West,App,Premium
O008410,C1693,2024-05-26,Electronics,1,235.01,235.01,51.7,47.0,False,North,Online,Regular
O006378,C1271,2024-01-18,Clothing,1,48.18,40.95,22.52,4.1,False,South,App,Regular
O008923,C1796,2023-04-04,Beauty,1,57.58,57.58,35.7,8.64,False,North,App,Regular
O007679,C1525,2024-06-08,Electronics,1,80.29,80.29,17.66,12.04,False,West,Online,Regular
O007289,C1448,2024-05-15,Clothing,1,46.45,46.45,25.55,4.65,False,North,App,Premium
O002641,C0526,2024-06-23,Clothing,1,39.76,39.76,21.87,0.0,False,West,App,Occasional
O000613,C0113,2023-07-03,Beauty,1,73.2,73.2,45.38,14.64,False,East,Partner,Premium
O001434,C0268,2023-01-09,Sports,1,120.69,102.59,38.98,0.0,False,Central,App,Premium
O008484,C1710,2024-07-21,Electronics,1,196.36,196.36,43.2,39.27,False,Central,Retail,Regular
O005865,C1165,2023-06-23,Home & Kitchen,1,113.53,113.53,47.68,0.0,False,Central,App,Regular
O005890,C1167,2024-05-04,Beauty,2,50.25,100.5,62.31,20.1,False,North,Partner,Premium
O009292,C1865,2023-06-13,Home & Kitchen,1,5.0,5.0,2.1,1.0,False,East,App,Premium
O001576,C0301,2023-07-23,Clothing,1,68.6,68.6,37.73,6.86,False,Central,Online,Regular
O009845,C1967,2024-02-29,Beauty,1,19.4,16.49,10.22,0.82,False,South,App,Premium
O004601,C0925,2024-12-16,Electronics,1,401.57,522.04,114.85,0.0,False,West,Partner,Premium
O007695,C1526,2024-08-10,Sports,1,29.98,29.98,11.39,1.5,False,East,Online,Premium
O001190,C0227,2023-06-27,Beauty,1,28.8,28.8,17.86,0.0,False,South,App,Occasional
O007580,C1502,2023-05-12,Sports,1,153.62,153.62,58.38,0.0,False,East,Retail,Regular
O001231,C0231,2023-06-29,Clothing,1,63.6,63.6,34.98,3.18,False,North,App,Premium
O002953,C0577,2023-08-03,Clothing,1,36.76,36.76,20.22,0.0,False,North,Online,Regular
O000157,C0031,2024-07-18,Sports,1,84.53,84.53,32.12,0.0,False,East,Online,Premium
O009194,C1846,2023-11-14,Sports,1,176.68,229.69,87.28,0.0,False,North,App,Premium
O005575,C1112,2023-01-11,Electronics,1,58.14,49.42,10.87,2.47,False,North,Partner,Premium
O002362,C0464,2023-10-03,Beauty,2,77.61,155.23,96.24,7.76,False,North,Retail,Premium
O006832,C1364,2023-05-01,Home & Kitchen,1,74.02,74.02,31.09,7.4,True,North,Online,Regular
O001941,C0374,2024-07-18,Beauty,1,56.43,56.43,34.99,0.0,False,West,Online,Premium
O008788,C1766,2023-05-25,Electronics,2,612.2,1224.4,269.37,61.22,False,South,App,Premium
O009250,C1855,2024-05-05,Sports,2,36.25,72.49,27.55,0.0,False,East,App,Premium
O007438,C1473,2024-12-28,Sports,1,5.0,6.5,2.47,0.0,False,West,Online,Occasional
O005905,C1171,2024-07-16,Clothing,1,53.96,53.96,29.68,2.7,False,Central,Online,Premium
O004949,C0989,2023-10-18,Electronics,1,658.32,658.32,144.83,0.0,False,North,App,Regular
O006880,C1376,2024-04-09,Beauty,1,40.01,40.01,24.81,0.0,False,West,Online,Regular
O005186,C1029,2023-12-23,Electronics,1,376.31,489.21,107.63,48.92,False,East,Online,Premium
O009056,C1824,2024-04-18,Sports,2,64.11,128.22,48.72,12.82,False,Central,Online,Premium
O001287,C0241,2024-11-07,Home & Kitchen,2,5.0,13.0,5.46,0.0,False,West,Online,Occasional
O005795,C1145,2023-10-14,Home & Kitchen,1,139.77,139.77,58.7,0.0,False,West,Online,Premium
O000994,C0190,2024-03-01,Clothing,1,94.24,94.24,51.83,4.71,False,Central,Retail,Premium
O000030,C0006,2023-09-04,Sports,1,142.31,142.31,54.08,21.35,False,South,Online,Premium
O004193,C0843,2023-07-10,Sports,1,5.0,5.0,1.9,0.25,True,West,Online,Regular
O005200,C1030,2024-11-28,Clothing,1,17.78,23.11,12.71,0.0,False,Central,App,Regular
O003251,C0645,2024-12-17,Beauty,1,45.1,58.64,36.36,0.0,False,North,Retail,Regular
O002022,C0389,2024-08-09,Clothing,1,69.39,69.39,38.16,0.0,False,West,Retail,Premium
O002816,C0557,2024-07-14,Clothing,1,56.82,56.82,31.25,0.0,False,West,App,Occasional
O007294,C1449,2024-06-10,Sports,1,91.17,91.17,34.64,9.12,False,North,Online,Regular
O001821,C0346,2023-08-15,Sports,1,5.0,5.0,1.9,0.0,False,Central,Online,Premium
O001513,C0288,2023-01-05,Sports,1,81.9,69.61,26.45,3.48,False,Central,Online,Regular
O003999,C0806,2023-02-04,Electronics,1,270.04,229.54,50.5,0.0,False,West,Online,Regular
O000899,C0164,2024-07-01,Clothing,1,87.17,87.17,47.94,4.36,True,North,Partner,Premium
O009962,C1988,2024-11-05,Home & Kitchen,2,184.93,480.81,201.94,96.16,True,East,Partner,Premium
O003907,C0788,2024-04-23,Clothing,1,49.8,49.8,27.39,0.0,True,West,Online,Premium
O002344,C0461,2024-03-16,Home & Kitchen,1,188.26,188.26,79.07,37.65,False,West,Online,Regular
O005371,C1072,2023-10-26,Home & Kitchen,1,80.26,80.26,33.71,12.04,False,Central,App,Regular
O008832,C1772,2024-06-29,Home & Kitchen,2,149.88,299.75,125.9,29.98,False,West,App,Regular
O000080,C0015,2024-02-20,Sports,1,224.39,190.73,72.48,0.0,False,East,Online,Regular
O005547,C1109,2024-12-04,Clothing,1,68.08,88.51,48.68,8.85,False,North,App,Premium
O008835,C1774,2024-10-05,Home & Kitchen,2,117.03,234.07,98.31,11.7,False,North,App,Regular
O005964,C1180,2024-03-09,Clothing,1,96.88,96.88,53.28,0.0,False,South,App,Premium
O000055,C0008,2024-01-12,Sports,1,34.41,29.25,11.12,1.46,False,West,Online,Premium
O000295,C0057,2023-11-02,Clothing,1,87.06,113.17,62.24,0.0,False,North,App,Regular
O000382,C0076,2024-12-03,Beauty,1,31.49,40.94,25.38,4.09,False,West,App,Occasional
O005242,C1039,2024-02-23,Beauty,2,35.78,60.83,37.71,3.04,False,South,Online,Regular
O005131,C1020,2023-01-07,Sports,1,230.17,195.65,74.35,0.0,False,North,App,Regular
O008959,C1804,2023-10-16,Beauty,1,12.04,12.04,7.46,2.41,False,Central,App,Regular
O005471,C1095,2023-05-08,Beauty,1,70.09,70.09,43.46,7.01,False,Central,App,Regular
O005470,C1095,2023-02-05,Electronics,1,200.92,170.78,37.57,0.0,False,Central,App,Regular
O009000,C1812,2023-06-03,Clothing,1,9.56,9.56,5.26,0.0,False,North,Retail,Premium
O001657,C0317,2024-05-18,Beauty,1,28.81,28.81,17.86,0.0,False,West,App,Occasional
O005091,C1010,2024-10-12,Clothing,1,130.25,130.25,71.64,26.05,False,West,Online,Regular
O009753,C1950,2024-03-19,Home & Kitchen,1,96.5,96.5,40.53,0.0,False,West,App,Regular
O007981,C1583,2023-11-11,Clothing,1,31.27,40.65,22.36,4.07,False,North,Online,Occasional
O007701,C1529,2023-02-16,Electronics,1,537.25,456.66,100.47,45.67,False,West,Partner,Occasional
O006024,C1194,2023-06-14,Home & Kitchen,1,166.15,166.15,69.78,16.62,False,East,Online,Premium
O001262,C0237,2023-04-14,Clothing,2,81.42,162.85,89.57,32.57,False,East,Online,Regular
O008591,C1731,2024-05-17,Home & Kitchen,1,144.93,144.93,60.87,0.0,False,North,Online,Regular
O000096,C0017,2023-05-21,Electronics,1,334.84,334.84,73.66,33.48,False,West,App,Premium
O005741,C1137,2024-07-27,Clothing,1,21.08,21.08,11.59,0.0,False,North,Online,Regular
O000826,C0151,2024-01-29,Home & Kitchen,1,46.07,39.16,16.45,3.92,False,West,Online,Regular
O008059,C1600,2023-08-08,Home & Kitchen,1,176.66,176.66,74.2,0.0,True,South,Online,Regular
O007357,C1457,2024-06-18,Electronics,2,573.09,1146.18,252.16,114.62,False,South,Retail,Regular
O006406,C1279,2024-06-24,Sports,1,141.81,141.81,53.89,0.0,False,South,Online,Regular
O000408,C0083,2024-06-16,Beauty,2,59.1,118.2,73.28,5.91,False,North,Online,Regular
O009617,C1931,2024-11-20,Home & Kitchen,1,88.23,114.7,48.17,5.74,False,East,Online,Premium
O008199,C1637,2023-01-16,Home & Kitchen,1,71.11,60.44,25.38,0.0,False,East,App,Premium
O000182,C0036,2023-03-03,Electronics,1,349.23,349.23,76.83,0.0,True,North,Online,Regular
O005824,C1147,2023-03-15,Beauty,1,50.35,50.35,31.22,2.52,False,South,Online,Premium
O003843,C0774,2024-01-11,Home & Kitchen,1,157.24,133.66,56.14,0.0,False,South,Retail,Premium
O000874,C0158,2023-10-11,Electronics,1,221.66,221.66,48.77,44.33,False,West,Online,Occasional
O005118,C1015,2023-02-10,Electronics,1,431.79,367.02,80.74,36.7,False,North,Retail,Regular
O006985,C1394,2024-08-18,Sports,1,179.62,179.62,68.26,26.94,False,East,Online,Regular
O004077,C0822,2024-02-12,Sports,1,89.84,76.36,29.02,11.45,False,Central,App,Premium
O008701,C1750,2023-05-27,Home & Kitchen,2,102.32,204.64,85.95,10.23,False,Central,Partner,Regular
O007874,C1558,2023-10-27,Home & Kitchen,2,44.67,89.33,37.52,17.87,False,West,App,Premium
O007626,C1515,2024-03-11,Sports,1,180.88,180.88,68.73,0.0,False,North,App,Occasional
O003310,C0655,2024-08-28,Home & Kitchen,1,149.0,149.0,62.58,0.0,False,East,Online,Regular
O006228,C1232,2023-04-06,Home & Kitchen,1,106.14,106.14,44.58,0.0,False,South,Partner,Regular
O007655,C1521,2023-10-01,Clothing,1,33.55,33.55,18.45,0.0,False,East,App,Regular
O006507,C1298,2024-08-20,Home & Kitchen,2,84.74,169.48,71.18,0.0,False,West,Online,Premium
O001924,C0371,2023-12-03,Electronics,1,654.14,850.38,187.08,85.04,True,North,Online,Regular
O000169,C0035,2023-02-16,Sports,1,118.47,100.7,38.27,15.1,False,North,App,Regular
O005978,C1183,2024-01-25,Home & Kitchen,1,56.65,48.15,20.22,0.0,False,West,App,Regular
O005908,C1171,2024-07-03,Electronics,2,179.16,358.32,78.83,71.66,False,Central,Online,Premium
O006423,C1284,2024-01-30,Beauty,1,66.17,56.24,34.87,0.0,True,West,Online,Regular
O002020,C0389,2023-05-18,Beauty,1,77.71,77.71,48.18,11.66,False,West,Retail,Premium
O009755,C1950,2023-12-30,Clothing,1,86.15,111.99,61.59,22.4,False,West,App,Regular
O002851,C0564,2024-09-18,Beauty,1,26.13,26.13,16.2,0.0,False,West,App,Premium
O003982,C0804,2024-11-18,Electronics,1,343.06,445.97,98.11,0.0,False,East,App,Regular
O004161,C0835,2023-08-05,Sports,1,104.96,104.96,39.88,20.99,False,East,Online,Premium
O008152,C1628,2024-05-04,Sports,1,107.96,107.96,41.02,0.0,False,South,Retail,Regular
O007684,C1525,2023-07-08,Clothing,1,43.7,43.7,24.04,6.56,False,West,Online,Regular
O004474,C0903,2023-06-10,Beauty,2,21.88,43.76,27.13,4.38,False,East,Online,Regular
O000861,C0156,2023-05-23,Beauty,1,47.8,47.8,29.64,9.56,False,North,App,Occasional
O008699,C1750,2024-03-22,Home & Kitchen,1,83.06,83.06,34.89,8.31,False,Central,Partner,Regular
O000026,C0006,2024-10-12,Clothing,2,45.97,91.95,50.57,4.6,False,South,Online,Premium
O004006,C0809,2023-06-14,Beauty,1,5.3,5.3,3.29,0.8,False,North,App,Regular
O001998,C0381,2023-12-20,Sports,1,185.61,241.29,91.69,12.06,False,West,Partner,Regular
O003264,C0647,2024-02-15,Home & Kitchen,2,21.06,35.8,15.04,0.0,False,South,App,Occasional
O008100,C1615,2024-03-18,Clothing,2,67.4,134.8,74.14,0.0,False,East,Partner,Regular
O008400,C1691,2023-02-18,Sports,1,283.53,241.0,91.58,0.0,False,North,Partner,Regular
O000761,C0141,2024-12-14,Clothing,1,85.71,111.42,61.28,5.57,False,West,App,Premium
O003080,C0606,2024-03-03,Home & Kitchen,1,107.35,107.35,45.09,0.0,False,South,App,Regular
O009933,C1982,2024-11-05,Electronics,2,229.0,595.4,130.99,29.77,False,South,Online,Regular
O000536,C0103,2024-07-30,Sports,1,7.32,7.32,2.78,1.46,False,West,App,Premium
O001523,C0290,2024-06-30,Home & Kitchen,1,125.05,125.05,52.52,0.0,False,Central,Online,Regular
O001074,C0205,2023-01-25,Beauty,1,42.47,36.1,22.38,0.0,False,North,App,Premium
O001608,C0308,2024-03-24,Sports,1,168.27,168.27,63.94,16.83,False,West,Retail,Regular
O005491,C1099,2024-09-08,Clothing,1,56.67,56.67,31.17,5.67,False,South,Online,Regular
O001458,C0274,2024-10-29,Clothing,1,140.68,140.68,77.37,0.0,False,West,Online,Premium
O007134,C1419,2023-01-09,Beauty,1,33.29,28.3,17.55,0.0,False,East,Retail,Premium
O009249,C1854,2023-10-16,Clothing,1,87.87,87.87,48.33,13.18,False,East,Online,Regular
O009699,C1943,2024-09-15,Electronics,1,413.74,413.74,91.02,82.75,False,North,Online,Premium
O007571,C1500,2023-12-19,Beauty,1,71.66,93.16,57.76,0.0,False,North,Online,Regular
O003131,C0618,2024-12-12,Home & Kitchen,1,89.85,116.81,49.06,11.68,False,West,App,Regular
O000146,C0030,2023-05-13,Sports,1,205.77,205.77,78.19,10.29,False,South,Online,Premium
O007619,C1512,2024-08-11,Electronics,1,398.77,398.77,87.73,39.88,False,North,App,Premium
O006693,C1334,2023-12-30,Clothing,1,48.74,63.36,34.85,0.0,True,North,Retail,Regular
O002764,C0549,2024-06-13,Beauty,1,75.17,75.17,46.61,0.0,False,East,Retail,Premium
O009992,C1991,2023-03-19,Home & Kitchen,1,70.78,70.78,29.73,14.16,False,East,Partner,Premium
O009396,C1886,2024-02-01,Electronics,3,531.47,1355.24,298.15,271.05,False,North,Online,Premium
O000640,C0118,2024-03-18,Beauty,2,62.73,125.46,77.79,0.0,False,East,Online,Regular
O005882,C1167,2024-01-13,Sports,1,20.39,17.34,6.59,0.0,False,North,Partner,Premium
O005736,C1136,2023-07-26,Clothing,1,24.69,24.69,13.58,2.47,False,Central,Online,Premium
O000427,C0085,2024-12-18,Sports,1,5.0,6.5,2.47,0.0,False,West,Online,Premium
O006379,C1271,2023-04-16,Sports,2,173.77,347.53,132.06,0.0,False,South,App,Regular
O004086,C0824,2023-12-29,Home & Kitchen,1,55.18,71.74,30.13,7.17,False,Central,Retail,Premium
O001909,C0364,2023-02-25,Sports,2,97.03,164.95,62.68,32.99,False,West,App,Regular
O006719,C1340,2023-12-23,Home & Kitchen,1,77.97,101.36,42.57,10.14,False,West,Partner,Premium
O004694,C0937,2023-11-15,Sports,1,205.96,267.75,101.74,0.0,False,South,Online,Premium
O000119,C0024,2023-11-04,Beauty,1,10.21,13.27,8.23,2.65,False,North,App,Premium
O003152,C0622,2024-12-18,Sports,1,110.22,143.29,54.45,0.0,False,East,App,Regular
O001317,C0247,2024-12-14,Electronics,1,450.14,585.18,128.74,87.78,True,West,Partner,Occasional
O007895,C1561,2024-01-24,Sports,1,117.88,100.19,38.07,0.0,False,East,Retail,Regular
O003284,C0650,2024-05-15,Clothing,1,61.88,61.88,34.03,3.09,False,East,App,Regular
O009218,C1848,2024-03-09,Clothing,1,70.45,70.45,38.75,10.57,False,South,Online,Regular
O002607,C0521,2024-12-02,Home & Kitchen,2,113.32,294.62,123.74,29.46,False,Central,App,Premium
O008898,C1792,2023-03-27,Home & Kitchen,2,19.99,39.98,16.79,2.0,False,East,Online,Premium
O001221,C0230,2023-11-27,Electronics,1,248.36,322.87,71.03,0.0,False,East,App,Premium
O005282,C1049,2024-05-01,Clothing,1,89.9,89.9,49.45,8.99,False,East,Online,Regular
O008164,C1630,2024-02-04,Clothing,1,78.48,66.71,36.69,3.34,False,East,Retail,Premium
O009607,C1931,2023-08-07,Electronics,1,100.29,100.29,22.06,0.0,False,East,Online,Premium
O009077,C1827,2024-05-31,Electronics,1,312.35,312.35,68.72,0.0,False,North,Partner,Occasional
O006393,C1277,2023-03-18,Clothing,1,58.1,58.1,31.96,0.0,False,Central,Online,Premium
O008007,C1588,2024-03-03,Sports,1,15.38,15.38,5.84,0.0,False,West,App,Regular
O004652,C0932,2024-10-15,Beauty,1,39.15,39.15,24.27,1.96,False,West,Retail,Regular
O005980,C1183,2024-01-16,Beauty,1,26.88,22.85,14.17,3.43,False,West,App,Regular
O009884,C1971,2024-06-22,Sports,1,55.13,55.13,20.95,0.0,False,North,Online,Regular
O009076,C1827,2023-07-19,Home & Kitchen,1,58.15,58.15,24.42,5.82,False,North,Partner,Occasional
O008397,C1690,2024-11-30,Electronics,1,204.79,266.23,58.57,0.0,False,North,Retail,Regular
O008328,C1670,2024-06-20,Home & Kitchen,2,121.14,242.29,101.76,0.0,False,West,Online,Occasional
O003765,C0759,2023-01-14,Clothing,1,51.28,43.59,23.97,6.54,False,Central,App,Regular
O005114,C1014,2024-09-04,Clothing,1,39.58,39.58,21.77,1.98,False,East,Partner,Premium
O000245,C0046,2023-05-24,Beauty,1,37.56,37.56,23.29,0.0,False,North,Retail,Regular
O000658,C0122,2024-04-04,Beauty,1,61.2,61.2,37.94,6.12,True,South,Retail,Premium
O006786,C1355,2024-08-12,Electronics,1,396.18,396.18,87.16,0.0,False,North,Retail,Regular
O002014,C0389,2024-08-27,Home & Kitchen,1,31.31,31.31,13.15,0.0,False,West,Retail,Premium
O003996,C0806,2023-06-14,Beauty,1,38.53,38.53,23.89,1.93,False,West,Online,Regular
O003637,C0727,2024-05-07,Home & Kitchen,1,39.0,39.0,16.38,3.9,False,West,Partner,Premium
O006330,C1255,2023-01-10,Beauty,1,34.8,29.58,18.34,0.0,False,South,Online,Premium
O006543,C1306,2024-10-03,Sports,1,71.84,71.84,27.3,10.78,False,South,Online,Occasional
O009553,C1923,2023-09-18,Sports,1,198.86,198.86,75.57,9.94,False,West,Online,Regular
O006587,C1314,2024-11-25,Sports,1,144.17,187.41,71.22,28.11,False,South,App,Regular
O006601,C1317,2023-03-29,Sports,2,61.3,122.61,46.59,0.0,False,West,Retail,Premium
O004984,C0996,2024-09-19,Home & Kitchen,1,166.59,166.59,69.97,33.32,False,North,Retail,Regular
O007699,C1528,2023-07-10,Clothing,1,76.68,76.68,42.17,0.0,False,West,Retail,Occasional
O009061,C1825,2023-05-27,Electronics,1,50.59,50.59,11.13,0.0,False,Central,Online,Regular
O008826,C1772,2023-12-13,Home & Kitchen,1,117.11,152.24,63.94,22.84,False,West,App,Regular
O001551,C0296,2023-02-08,Clothing,1,71.29,60.6,33.33,3.03,False,West,Online,Premium
O003994,C0806,2023-08-30,Sports,1,99.3,99.3,37.73,0.0,False,West,Online,Regular
O006908,C1382,2024-11-25,Beauty,2,5.0,13.0,8.06,0.0,False,West,App,Regular
O009414,C1888,2024-07-10,Sports,1,152.86,152.86,58.09,0.0,False,East,App,Regular
O004722,C0944,2024-01-26,Beauty,1,33.04,28.08,17.41,1.4,False,North,Partner,Regular
O008766,C1762,2024-07-08,Beauty,1,34.85,34.85,21.61,6.97,False,East,Partner,Premium
O004723,C0944,2023-04-09,Beauty,1,60.17,60.17,37.31,6.02,False,North,Partner,Regular
O009320,C1870,2024-05-31,Electronics,1,639.89,639.89,140.78,127.98,False,West,Online,Regular
O000852,C0155,2023-09-27,Electronics,1,643.01,643.01,141.46,0.0,False,South,Online,Regular
O004195,C0843,2023-04-06,Electronics,2,304.67,609.34,134.05,0.0,False,West,Online,Regular
O009325,C1872,2024-02-20,Home & Kitchen,1,106.35,90.4,37.97,0.0,False,West,Online,Occasional
O007723,C1533,2023-01-13,Sports,1,50.73,43.12,16.39,0.0,False,North,Online,Occasional
O003220,C0635,2024-04-23,Electronics,1,568.83,568.83,125.14,85.32,False,South,Online,Premium
O008996,C1812,2023-06-04,Electronics,1,5.0,5.0,1.1,0.5,False,North,Retail,Premium
O004376,C0883,2024-02-24,Beauty,1,75.88,64.5,39.99,3.22,False,West,App,Regular
O005040,C1004,2024-10-12,Clothing,1,32.09,32.09,17.65,6.42,False,East,Partner,Premium
O009485,C1904,2024-09-06,Beauty,2,71.3,142.6,88.41,0.0,False,South,Online,Occasional
O004553,C0916,2023-03-01,Clothing,1,105.82,105.82,58.2,0.0,False,East,Online,Regular
O008742,C1759,2024-07-31,Home & Kitchen,1,161.74,161.74,67.93,16.17,False,South,Online,Premium
O000577,C0106,2023-10-21,Home & Kitchen,1,109.12,109.12,45.83,0.0,True,West,Partner,Regular
O002465,C0483,2023-03-06,Electronics,1,398.2,398.2,87.6,59.73,True,East,Online,Regular
O006155,C1213,2024-05-26,Sports,1,158.63,158.63,60.28,23.79,False,East,Online,Regular
O002299,C0452,2023-03-23,Home & Kitchen,1,196.28,196.28,82.44,0.0,False,West,Online,Regular
O000429,C0085,2023-03-12,Clothing,1,43.63,43.63,24.0,2.18,False,West,Online,Premium
O005270,C1045,2023-02-28,Home & Kitchen,1,35.32,30.02,12.61,0.0,False,North,Partner,Premium
O003312,C0655,2024-05-24,Home & Kitchen,1,109.9,109.9,46.16,10.99,False,East,Online,Regular
O005920,C1174,2023-05-17,Sports,1,118.56,118.56,45.05,0.0,False,West,Retail,Premium
O004929,C0983,2023-02-02,Home & Kitchen,1,16.85,14.33,6.02,0.0,False,Central,Online,Premium
O004841,C0963,2024-06-05,Beauty,1,41.55,41.55,25.76,0.0,False,East,App,Regular
O001345,C0254,2024-02-02,Clothing,1,41.23,35.04,19.27,3.5,False,West,Online,Occasional
O003599,C0718,2023-06-17,Clothing,1,45.01,45.01,24.76,9.0,False,North,Partner,Premium
O006175,C1218,2024-09-23,Electronics,1,644.39,644.39,141.77,32.22,True,West,Partner,Occasional
O004443,C0894,2024-01-22,Home & Kitchen,2,100.62,171.06,71.85,17.11,False,South,Online,Regular
O003133,C0618,2024-07-31,Electronics,1,222.66,222.66,48.99,0.0,False,West,App,Regular
O009175,C1844,2024-04-07,Electronics,1,242.33,242.33,53.31,0.0,False,Central,Retail,Premium
O005758,C1140,2024-06-05,Home & Kitchen,1,15.78,15.78,6.63,0.79,False,South,Online,Regular
O003345,C0663,2023-10-05,Clothing,1,130.51,130.51,71.78,13.05,False,South,Online,Premium
O001331,C0251,2024-08-07,Sports,1,148.83,148.83,56.56,14.88,False,South,Online,Regular
O005623,C1119,2024-05-18,Electronics,1,291.36,291.36,64.1,0.0,False,North,App,Premium
O002131,C0409,2024-09-05,Beauty,1,35.82,35.82,22.21,3.58,False,East,Online,Regular
O000199,C0039,2024-09-22,Home & Kitchen,1,189.91,189.91,79.76,9.5,False,West,App,Regular
O005893,C1168,2023-10-13,Electronics,2,771.93,1543.87,339.65,0.0,False,West,Retail,Regular
O001245,C0234,2023-12-22,Clothing,1,26.66,34.66,19.06,0.0,True,South,Online,Regular
O001406,C0264,2024-12-22,Sports,2,229.45,596.56,226.69,0.0,False,Central,Partner,Premium
O004761,C0952,2023-02-28,Electronics,1,53.98,45.88,10.09,0.0,False,West,App,Regular
O004369,C0881,2023-09-30,Electronics,3,328.47,985.41,216.79,0.0,True,South,App,Regular
O003459,C0690,2023-10-04,Home & Kitchen,1,103.52,103.52,43.48,15.53,False,East,App,Premium
O001585,C0304,2024-05-07,Electronics,2,31.34,62.68,13.79,0.0,False,North,Online,Regular
O001627,C0311,2024-01-03,Electronics,1,5.0,4.25,0.94,0.43,False,West,Online,Regular
O000124,C0024,2023-08-18,Sports,1,114.55,114.55,43.53,0.0,False,North,App,Premium
O001139,C0218,2024-08-19,Electronics,1,309.35,309.35,68.06,30.94,False,South,App,Premium
O007283,C1448,2023-11-26,Clothing,2,105.71,274.84,151.16,41.23,False,North,App,Premium
O002701,C0538,2024-07-24,Clothing,1,92.84,92.84,51.06,9.28,False,Central,Online,Regular
O007602,C1508,2023-12-14,Home & Kitchen,1,129.82,168.76,70.88,8.44,False,North,Online,Regular
O001897,C0361,2024-07-04,Electronics,2,564.67,1129.34,248.45,112.93,False,North,Online,Regular
O004581,C0924,2024-07-07,Electronics,1,313.99,313.99,69.08,0.0,False,West,App,Premium
O009948,C1985,2024-06-09,Sports,2,26.28,52.56,19.97,5.26,False,South,Partner,Premium
O008187,C1634,2024-10-02,Clothing,2,117.41,234.82,129.15,0.0,True,East,Online,Occasional
O002339,C0460,2023-10-21,Clothing,2,65.53,131.06,72.08,6.55,False,East,App,Regular
O008706,C1752,2023-08-04,Electronics,1,354.73,354.73,78.04,53.21,False,Central,Online,Regular
O004612,C0926,2023-12-16,Beauty,1,39.61,51.49,31.92,0.0,False,South,Retail,Premium
O009887,C1971,2024-04-18,Home & Kitchen,1,82.47,82.47,34.64,8.25,False,North,Online,Regular
O002101,C0402,2023-05-22,Clothing,1,85.24,85.24,46.88,17.05,False,Central,Online,Regular
O004471,C0902,2024-12-12,Sports,1,165.72,215.44,81.87,0.0,True,West,Partner,Premium
O002330,C0458,2023-12-22,Home & Kitchen,3,46.17,180.07,75.63,9.0,False,West,App,Occasional
O004863,C0969,2023-12-27,Sports,1,102.03,132.64,50.4,0.0,False,East,App,Premium
O000316,C0060,2023-10-06,Clothing,1,42.61,42.61,23.44,0.0,True,Central,Retail,Occasional
O006721,C1340,2024-02-18,Sports,2,179.09,304.46,115.69,0.0,False,West,Partner,Premium
O001829,C0347,2023-12-21,Electronics,1,307.17,399.32,87.85,19.97,False,West,Retail,Regular
O004018,C0812,2023-07-24,Electronics,1,346.56,346.56,76.24,51.98,False,West,App,Regular
O000484,C0092,2024-07-23,Beauty,1,46.14,46.14,28.61,2.31,False,South,Online,Occasional
O001161,C0219,2024-05-05,Electronics,3,527.98,1583.95,348.47,0.0,False,West,Partner,Premium
O006000,C1186,2023-04-06,Beauty,2,79.46,158.92,98.53,0.0,False,East,App,Premium
O000345,C0068,2024-08-04,Home & Kitchen,1,42.01,42.01,17.64,4.2,False,Central,Online,Occasional
O003383,C0670,2024-03-05,Clothing,1,98.38,98.38,54.11,0.0,False,Central,Online,Regular
O003878,C0780,2023-03-19,Electronics,1,229.82,229.82,50.56,45.96,False,West,Retail,Regular
O008214,C1638,2023-04-09,Sports,1,42.89,42.89,16.3,2.14,True,West,Retail,Regular
O005660,C1123,2024-05-27,Beauty,1,26.68,26.68,16.54,0.0,False,West,Online,Premium
O008685,C1747,2023-04-22,Electronics,1,669.41,669.41,147.27,133.88,False,West,Online,Premium
O009427,C1890,2023-07-11,Sports,1,134.71,134.71,51.19,20.21,True,East,Online,Premium
O007762,C1541,2024-09-05,Home & Kitchen,1,192.38,192.38,80.8,0.0,False,South,App,Regular
O005349,C1065,2024-11-26,Sports,1,96.93,126.01,47.88,25.2,False,West,App,Premium
O006837,C1366,2023-04-05,Sports,1,179.19,179.19,68.09,17.92,False,West,App,Regular
O007041,C1404,2024-12-07,Electronics,2,626.04,1627.7,358.09,0.0,False,North,Online,Premium
O008279,C1656,2024-11-27,Sports,1,5.0,6.5,2.47,0.0,False,Central,Partner,Regular
O000832,C0152,2023-06-21,Sports,1,57.64,57.64,21.9,0.0,False,South,Online,Premium
O005906,C1171,2024-07-05,Sports,1,54.26,54.26,20.62,5.43,False,Central,Online,Premium
O003570,C0712,2024-02-16,Home & Kitchen,1,5.0,4.25,1.78,0.43,False,South,Online,Premium
O000233,C0044,2024-02-08,Beauty,2,66.87,113.69,70.49,0.0,False,South,Online,Premium
O001769,C0337,2024-04-08,Home & Kitchen,2,128.3,256.59,107.77,0.0,False,East,App,Regular
O009796,C1956,2024-03-03,Home & Kitchen,1,119.04,119.04,50.0,23.81,False,South,App,Premium
O006701,C1335,2024-06-09,Clothing,1,49.03,49.03,26.97,0.0,False,West,Online,Premium
O000394,C0079,2024-07-04,Electronics,1,562.2,562.2,123.68,112.44,False,South,Online,Regular
O000877,C0158,2023-05-16,Beauty,1,12.26,12.26,7.6,0.0,True,West,Online,Occasional
O002601,C0517,2023-07-20,Beauty,2,31.93,63.86,39.59,6.39,False,East,App,Premium
O003290,C0652,2023-02-07,Electronics,2,156.01,265.21,58.35,0.0,False,North,Online,Regular
O001046,C0199,2023-06-03,Electronics,1,299.04,299.04,65.79,0.0,False,West,Online,Premium
O002171,C0415,2023-03-11,Home & Kitchen,1,92.37,92.37,38.8,4.62,False,East,App,Premium
O009959,C1987,2024-05-28,Clothing,1,90.13,90.13,49.57,0.0,False,North,Retail,Regular
O009577,C1927,2023-04-25,Beauty,1,5.0,5.0,3.1,0.0,False,North,App,Regular
O007914,C1567,2024-07-04,Clothing,1,118.39,118.39,65.11,23.68,False,North,Online,Regular
O006018,C1192,2024-11-29,Electronics,1,457.8,595.14,130.93,29.76,False,North,Online,Regular
O000634,C0115,2024-02-11,Electronics,1,308.1,261.88,57.61,52.38,True,Central,Online,Regular
O000213,C0041,2023-10-16,Sports,2,107.96,215.92,82.05,10.8,False,East,App,Premium
O002452,C0479,2023-03-12,Sports,2,86.98,173.96,66.1,17.4,False,South,Online,Regular
O004413,C0889,2024-07-07,Beauty,1,37.57,37.57,23.29,0.0,True,North,Online,Regular
O004265,C0860,2024-07-05,Electronics,1,331.7,331.7,72.97,0.0,False,South,Online,Regular
O005766,C1141,2023-01-10,Clothing,1,83.0,70.55,38.8,14.11,False,North,Online,Regular
O003725,C0751,2024-05-27,Home & Kitchen,1,106.26,106.26,44.63,21.25,False,Central,App,Regular
O007748,C1537,2023-10-18,Clothing,1,24.59,24.59,13.52,2.46,False,East,Online,Premium
O007231,C1439,2023-10-04,Clothing,2,26.7,53.4,29.37,10.68,False,South,Online,Regular
O005043,C1004,2024-11-06,Clothing,1,60.94,79.23,43.58,0.0,False,East,Partner,Premium
O001630,C0312,2023-05-14,Beauty,1,48.64,48.64,30.16,2.43,False,South,Online,Premium
O001707,C0328,2023-12-13,Electronics,1,384.51,499.86,109.97,0.0,False,South,Online,Regular
O002134,C0412,2023-06-23,Sports,1,131.36,131.36,49.92,19.7,False,East,App,Premium
O004277,C0862,2024-02-06,Sports,1,53.19,45.21,17.18,0.0,False,West,Online,Regular
O007944,C1575,2023-08-09,Beauty,1,61.08,61.08,37.87,6.11,False,West,Partner,Regular
O009627,C1933,2024-12-16,Beauty,1,15.39,20.01,12.41,3.0,False,Central,App,Regular
O000977,C0188,2024-10-15,Home & Kitchen,1,5.0,5.0,2.1,0.5,False,East,App,Regular
O006324,C1253,2023-07-10,Sports,1,52.52,52.52,19.96,0.0,False,North,Retail,Occasional
O000111,C0023,2023-03-17,Beauty,1,56.79,56.79,35.21,2.84,False,East,Online,Regular
O001891,C0360,2024-10-25,Clothing,1,37.44,37.44,20.59,0.0,True,South,App,Regular
O003410,C0677,2023-06-10,Electronics,1,130.48,130.48,28.71,26.1,False,West,Retail,Regular
O004996,C0998,2023-10-26,Beauty,1,40.22,40.22,24.94,6.03,False,West,Partner,Premium
O007178,C1430,2024-02-26,Electronics,1,489.24,415.85,91.49,62.38,False,East,Retail,Premium
O001192,C0228,2023-11-22,Home & Kitchen,2,145.25,377.65,158.61,75.53,False,West,Partner,Regular
O005773,C1142,2024-07-19,Clothing,1,114.88,114.88,63.18,0.0,False,South,App,Regular
O007586,C1505,2023-03-15,Sports,1,76.76,76.76,29.17,0.0,False,South,Retail,Premium
O008945,C1803,2023-03-19,Home & Kitchen,1,170.26,170.26,71.51,0.0,False,Central,Online,Premium
O000151,C0031,2023-06-18,Beauty,1,84.59,84.59,52.45,0.0,False,East,Online,Premium
O002940,C0575,2023-02-07,Beauty,1,60.6,51.51,31.94,2.58,False,South,Online,Regular
O006146,C1211,2024-01-22,Beauty,3,45.9,117.04,72.56,0.0,False,East,Online,Regular
O009748,C1948,2023-05-30,Beauty,1,57.43,57.43,35.61,8.61,False,North,Retail,Regular
O006532,C1304,2024-10-17,Sports,2,55.21,110.41,41.96,0.0,False,West,App,Regular
O009797,C1956,2023-06-05,Sports,2,151.08,302.15,114.82,15.11,False,South,App,Premium
O009982,C1990,2023-02-09,Beauty,1,61.53,52.3,32.43,10.46,False,South,Partner,Regular
O000610,C0112,2024-12-01,Clothing,1,94.79,123.23,67.78,0.0,False,North,Partner,Occasional
O007724,C1533,2023-12-15,Clothing,1,33.6,43.68,24.02,0.0,False,North,Online,Occasional
O008906,C1793,2024-01-18,Clothing,1,70.75,60.14,33.08,0.0,False,West,App,Regular
O006374,C1271,2024-02-07,Sports,2,9.11,15.48,5.88,0.0,False,South,App,Regular
O005138,C1022,2023-07-29,Clothing,3,43.28,129.85,71.42,0.0,True,North,Online,Regular
O004446,C0895,2024-08-19,Sports,1,159.66,159.66,60.67,0.0,True,North,App,Regular
O002858,C0564,2023-11-21,Sports,1,61.77,80.3,30.51,0.0,False,West,App,Premium
O007511,C1486,2023-08-12,Sports,1,135.01,135.01,51.3,6.75,False,South,App,Regular
O004148,C0834,2023-04-19,Electronics,2,285.68,571.37,125.7,114.27,False,North,App,Regular
O005218,C1032,2023-04-02,Sports,2,75.47,150.94,57.36,0.0,False,East,App,Regular
O008191,C1635,2023-01-30,Sports,1,149.37,126.96,48.24,6.35,False,North,Retail,Regular
O005624,C1120,2023-03-28,Beauty,2,36.61,73.22,45.4,7.32,False,East,Online,Regular
O004878,C0972,2024-07-13,Beauty,1,80.27,80.27,49.77,12.04,True,Central,App,Occasional
O008223,C1640,2024-09-21,Home & Kitchen,1,93.04,93.04,39.08,0.0,False,East,App,Regular
O002854,C0564,2023-03-31,Clothing,1,104.72,104.72,57.6,5.24,False,West,App,Premium
O002240,C0434,2023-10-04,Beauty,2,15.29,30.59,18.97,6.12,False,East,App,Regular
O000294,C0057,2023-10-13,Clothing,1,87.31,87.31,48.02,8.73,False,North,App,Regular
O001195,C0228,2024-12-21,Beauty,1,43.43,56.46,35.01,8.47,False,West,Partner,Regular
O003919,C0790,2023-11-23,Beauty,1,31.36,40.77,25.28,8.15,False,Central,App,Regular
O008103,C1616,2024-09-30,Sports,1,5.0,5.0,1.9,1.0,True,North,Online,Occasional
O006235,C1233,2024-01-27,Electronics,1,320.72,272.61,59.97,0.0,False,East,Online,Occasional
O008883,C1788,2024-08-10,Electronics,2,329.92,659.83,145.16,0.0,False,North,App,Regular
O004444,C0894,2023-09-11,Home & Kitchen,1,107.59,107.59,45.19,0.0,False,South,Online,Regular
O006457,C1290,2023-12-08,Electronics,1,543.02,705.93,155.3,0.0,False,East,Online,Regular
O004318,C0868,2023-03-30,Clothing,1,5.0,5.0,2.75,0.75,False,Central,Retail,Occasional
O005126,C1019,2024-12-04,Sports,1,117.65,152.95,58.12,22.94,False,West,App,Regular
O000301,C0058,2023-12-24,Home & Kitchen,1,156.19,203.05,85.28,20.31,False,Central,Partner,Regular
O007893,C1561,2024-06-21,Sports,1,100.11,100.11,38.04,5.01,True,East,Retail,Regular
O000250,C0047,2023-12-11,Beauty,1,34.9,45.37,28.13,4.54,False,South,App,Regular
O003869,C0779,2024-05-15,Electronics,1,193.33,193.33,42.53,0.0,False,North,Retail,Regular
O008033,C1594,2024-08-23,Electronics,1,271.52,271.52,59.73,13.58,False,East,Online,Regular
O005816,C1146,2024-08-06,Beauty,1,51.35,51.35,31.84,2.57,True,West,Online,Premium
O002611,C0521,2023-12-23,Electronics,1,484.27,629.55,138.5,0.0,False,Central,App,Premium
O003743,C0756,2024-03-10,Sports,1,115.75,115.75,43.98,0.0,False,North,Retail,Premium
O008487,C1711,2023-02-24,Beauty,2,18.39,31.26,19.38,1.56,False,East,Online,Premium
O008525,C1717,2023-07-03,Beauty,1,63.71,63.71,39.5,12.74,True,Central,Online,Regular
O003092,C0609,2024-12-13,Home & Kitchen,1,6.98,9.07,3.81,0.91,False,East,Online,Regular
O007510,C1485,2023-08-04,Sports,1,277.99,277.99,105.64,0.0,False,West,App,Premium
O009894,C1972,2023-02-02,Beauty,1,19.28,16.39,10.16,0.82,False,North,Partner,Regular
O008847,C1777,2024-01-07,Home & Kitchen,1,20.44,17.37,7.3,0.87,False,West,Online,Premium
O009109,C1834,2024-09-19,Home & Kitchen,1,85.28,85.28,35.82,17.06,False,East,Online,Regular
O002625,C0523,2024-09-27,Clothing,2,108.39,216.79,119.23,0.0,False,South,Online,Premium
O001922,C0371,2023-07-18,Home & Kitchen,2,74.43,148.85,62.52,0.0,False,North,Online,Regular
O007977,C1583,2024-07-05,Electronics,1,218.33,218.33,48.03,43.67,False,North,Online,Occasional
O008921,C1796,2023-05-23,Sports,1,19.96,19.96,7.58,0.0,False,North,App,Regular
O009027,C1817,2023-10-16,Sports,1,5.0,5.0,1.9,0.0,True,East,Online,Premium
O000597,C0109,2024-01-22,Home & Kitchen,1,141.33,120.13,50.45,12.01,False,North,Online,Premium
O005219,C1032,2024-10-13,Beauty,2,41.23,82.46,51.13,8.25,True,East,App,Regular
O002605,C0521,2023-09-30,Sports,2,139.68,279.36,106.16,55.87,False,Central,App,Premium
O009883,C1971,2023-10-26,Home & Kitchen,1,77.07,77.07,32.37,7.71,False,North,Online,Regular
O008421,C1694,2023-09-29,Sports,2,28.05,56.09,21.31,11.22,True,North,App,Regular
O007219,C1437,2023-01-21,Beauty,1,26.6,22.61,14.02,4.52,False,North,Online,Premium
O000267,C0050,2024-06-20,Clothing,2,93.35,186.7,102.68,28.0,False,North,App,Premium
O009217,C1848,2024-10-23,Electronics,1,309.42,309.42,68.07,0.0,False,South,Online,Regular
O002188,C0422,2024-11-30,Clothing,1,52.95,68.84,37.86,0.0,False,North,App,Regular
O003164,C0624,2023-08-04,Clothing,1,37.43,37.43,20.59,3.74,False,West,Retail,Regular
O000079,C0014,2024-11-18,Home & Kitchen,1,184.19,239.45,100.57,35.92,False,South,Online,Regular
O000739,C0136,2023-01-11,Clothing,1,117.72,100.07,55.04,0.0,False,West,Online,Regular
O009416,C1888,2023-02-04,Electronics,1,480.2,408.17,89.8,0.0,False,East,App,Regular
O001559,C0297,2024-03-02,Sports,1,99.23,99.23,37.71,4.96,False,East,Online,Premium
O003231,C0638,2023-09-29,Clothing,1,77.11,77.11,42.41,0.0,False,West,Online,Occasional
O003684,C0740,2024-04-16,Clothing,1,5.0,5.0,2.75,0.0,True,Central,Online,Regular
O001868,C0353,2023-11-20,Electronics,1,571.54,743.0,163.46,0.0,False,East,Online,Regular
O006056,C1198,2023-02-10,Electronics,2,281.41,478.39,105.25,0.0,False,West,Partner,Premium
O005115,C1015,2023-12-03,Sports,1,40.61,52.79,20.06,0.0,False,North,Retail,Regular
O000127,C0026,2024-05-20,Beauty,1,67.13,67.13,41.62,0.0,False,South,Online,Occasional
O004898,C0979,2024-11-02,Clothing,1,49.58,64.46,35.45,0.0,False,East,App,Premium
O000567,C0105,2024-04-11,Sports,1,39.7,39.7,15.09,0.0,True,Central,Online,Premium
O005499,C1100,2023-06-17,Clothing,1,10.71,10.71,5.89,0.54,False,East,Retail,Regular
O001159,C0219,2023-10-30,Home & Kitchen,1,79.31,79.31,33.31,3.97,False,West,Partner,Premium
O007151,C1422,2023-02-09,Electronics,1,278.88,237.05,52.15,11.85,False,West,Retail,Regular
O004110,C0825,2023-09-28,Home & Kitchen,3,75.58,226.74,95.23,22.67,False,North,Online,Premium
O006053,C1198,2024-03-28,Beauty,1,24.5,24.5,15.19,3.68,False,West,Partner,Premium
O006989,C1395,2024-11-03,Home & Kitchen,2,15.4,40.03,16.81,6.0,False,North,App,Regular
O009558,C1924,2023-07-23,Electronics,1,136.37,136.37,30.0,0.0,False,South,App,Regular
O006888,C1378,2024-05-22,Home & Kitchen,1,130.9,130.9,54.98,0.0,True,West,Retail,Regular
O007717,C1531,2024-12-30,Home & Kitchen,1,134.58,174.96,73.48,17.5,False,Central,Online,Premium
O009032,C1819,2023-03-06,Sports,1,97.81,97.81,37.17,0.0,False,North,Online,Regular
O001268,C0239,2023-02-04,Beauty,1,76.11,64.7,40.11,0.0,False,East,Partner,Regular
O000435,C0086,2024-01-19,Clothing,2,58.75,99.87,54.93,4.99,False,Central,App,Regular
O005910,C1172,2023-03-27,Electronics,1,503.25,503.25,110.72,50.32,False,West,App,Regular
O001818,C0346,2024-03-01,Sports,1,175.18,175.18,66.57,17.52,False,Central,Online,Premium
O006964,C1390,2023-04-26,Beauty,1,7.0,7.0,4.34,0.7,False,South,App,Regular
O009254,C1855,2024-12-07,Beauty,1,49.5,64.34,39.89,3.22,False,East,App,Premium
O006583,C1314,2024-08-22,Clothing,2,123.99,247.97,136.38,0.0,False,South,App,Regular
O000277,C0054,2023-07-28,Electronics,1,73.27,73.27,16.12,3.66,False,South,Online,Regular
O005724,C1133,2024-08-21,Beauty,2,66.32,132.64,82.24,6.63,False,South,Partner,Premium
O002572,C0510,2024-09-08,Electronics,1,66.13,66.13,14.55,0.0,False,West,Online,Occasional
O005532,C1108,2024-05-16,Beauty,1,34.21,34.21,21.21,0.0,False,Central,Retail,Premium
O008201,C1637,2024-03-05,Home & Kitchen,1,131.51,131.51,55.23,0.0,False,East,App,Premium
O006798,C1357,2023-03-02,Beauty,1,65.15,65.15,40.39,0.0,False,Central,Online,Premium
O009903,C1973,2023-08-29,Clothing,1,68.23,68.23,37.53,13.65,False,East,Online,Regular
O004036,C0817,2024-01-12,Electronics,1,304.69,258.99,56.98,0.0,True,Central,App,Regular
O008751,C1759,2024-05-17,Clothing,2,65.61,131.23,72.18,13.12,False,South,Online,Premium
O005064,C1005,2023-07-14,Clothing,1,79.66,79.66,43.81,7.97,False,North,Online,Premium
O004964,C0992,2024-12-27,Home & Kitchen,1,94.18,122.44,51.42,18.37,False,East,Partner,Regular
O004602,C0925,2023-05-24,Electronics,1,521.87,521.87,114.81,78.28,False,West,Partner,Premium
O007658,C1522,2024-04-02,Home & Kitchen,2,141.82,283.63,119.12,0.0,False,North,App,Premium
O005700,C1127,2024-01-08,Electronics,1,428.63,364.34,80.15,0.0,False,Central,Partner,Occasional
O007286,C1448,2023-01-06,Beauty,1,28.21,23.98,14.87,0.0,False,North,App,Premium
O000639,C0118,2024-07-20,Beauty,2,49.95,99.89,61.93,4.99,False,East,Online,Regular
O000328,C0063,2024-07-17,Sports,1,93.11,93.11,35.38,0.0,False,Central,Online,Regular
O000053,C0008,2024-11-02,Home & Kitchen,1,134.3,174.59,73.33,0.0,False,West,Online,Premium
O008569,C1723,2023-07-01,Sports,3,5.0,15.0,5.7,1.5,False,South,App,Regular
O001725,C0331,2024-09-06,Clothing,2,126.91,253.83,139.61,25.38,False,West,App,Premium
O007391,C1464,2024-03-23,Sports,1,95.0,95.0,36.1,9.5,False,East,App,Premium
O009156,C1840,2024-08-19,Beauty,2,80.17,160.35,99.42,8.02,False,West,Online,Occasional
O008477,C1710,2023-05-12,Beauty,1,61.85,61.85,38.35,0.0,False,Central,Retail,Regular
O006771,C1352,2024-01-21,Home & Kitchen,2,47.82,81.3,34.15,16.26,False,Central,App,Regular
O003802,C0767,2023-12-01,Clothing,2,19.86,51.65,28.41,0.0,False,West,Online,Regular
O003350,C0663,2023-07-04,Sports,2,262.07,524.14,199.17,78.62,False,South,Online,Premium
O008534,C1718,2024-12-14,Electronics,1,185.57,241.24,53.07,12.06,True,East,App,Regular
O003360,C0665,2023-08-13,Clothing,1,68.07,68.07,37.44,3.4,False,West,Partner,Regular
O007651,C1519,2024-01-14,Home & Kitchen,1,5.0,4.25,1.78,0.0,True,Central,App,Regular
O004615,C0927,2024-12-09,Electronics,1,431.27,560.65,123.34,0.0,True,North,App,Premium
O000136,C0030,2024-02-25,Sports,1,138.08,117.37,44.6,23.47,False,South,Online,Premium
O002382,C0468,2024-03-06,Sports,1,45.38,45.38,17.24,0.0,False,West,App,Premium
O006192,C1225,2024-02-10,Clothing,1,79.31,67.41,37.08,0.0,False,South,Online,Regular
O005879,C1167,2023-10-21,Home & Kitchen,1,69.72,69.72,29.28,0.0,False,North,Partner,Premium
O004078,C0822,2023-08-06,Clothing,2,106.09,212.18,116.7,31.83,False,Central,App,Premium
O001029,C0197,2023-09-27,Home & Kitchen,1,52.77,52.77,22.16,7.92,False,West,Online,Premium
O004874,C0971,2023-09-29,Electronics,1,309.97,309.97,68.19,46.5,False,North,App,Regular
O006211,C1228,2024-02-07,Electronics,2,149.03,253.36,55.74,50.67,False,East,Online,Regular
O001971,C0377,2023-07-03,Sports,1,91.69,91.69,34.84,9.17,True,Central,Online,Premium
O009472,C1902,2023-07-17,Electronics,1,5.0,5.0,1.1,0.75,False,West,Online,Regular
O004337,C0873,2023-12-30,Electronics,1,144.84,188.29,41.42,37.66,False,North,Online,Premium
O001553,C0296,2024-07-01,Sports,1,98.99,98.99,37.62,9.9,False,West,Online,Premium
O006910,C1382,2024-03-10,Sports,1,265.84,265.84,101.02,26.58,False,West,App,Regular
O006549,C1308,2024-03-03,Home & Kitchen,1,47.99,47.99,20.16,0.0,False,West,App,Premium
O001072,C0205,2023-09-09,Sports,1,50.87,50.87,19.33,0.0,False,North,App,Premium
O003297,C0653,2024-07-03,Beauty,2,31.67,63.35,39.28,0.0,False,West,Partner,Premium
O004680,C0937,2024-06-13,Clothing,1,73.71,73.71,40.54,14.74,False,South,Online,Premium
O000144,C0030,2024-07-18,Clothing,1,57.1,57.1,31.41,8.56,False,South,Online,Premium
O008215,C1638,2024-05-19,Sports,3,141.96,425.87,161.83,63.88,False,West,Retail,Regular
O003833,C0774,2023-06-10,Electronics,1,155.91,155.91,34.3,15.59,False,South,Retail,Premium
O000645,C0119,2023-09-10,Clothing,1,52.06,52.06,28.63,7.81,False,West,App,Regular
O000544,C0104,2024-01-24,Sports,1,15.52,13.2,5.02,1.32,False,North,App,Premium
O003645,C0728,2023-09-23,Sports,1,23.84,23.84,9.06,0.0,False,South,Online,Regular
O000916,C0171,2024-10-27,Clothing,1,38.62,38.62,21.24,0.0,False,East,Online,Occasional
O002894,C0569,2023-02-06,Home & Kitchen,1,155.52,132.19,55.52,19.83,False,South,Online,Premium
O001359,C0258,2023-04-14,Clothing,1,80.22,80.22,44.12,16.04,False,South,Online,Regular
O008635,C1738,2024-01-15,Clothing,2,80.5,136.85,75.27,20.53,False,West,Partner,Regular
O006954,C1389,2023-11-21,Electronics,1,607.87,790.24,173.85,0.0,False,Central,Online,Premium
O004872,C0969,2023-01-26,Beauty,1,29.32,24.92,15.45,0.0,False,East,App,Premium
O003182,C0630,2024-06-28,Beauty,1,34.42,34.42,21.34,5.16,False,South,Retail,Regular
O003543,C0707,2024-03-27,Clothing,1,71.12,71.12,39.12,0.0,False,South,App,Regular
O005734,C1136,2023-12-18,Clothing,1,36.85,47.91,26.35,0.0,False,Central,Online,Premium
O000551,C0104,2024-05-17,Beauty,1,66.16,66.16,41.02,3.31,False,North,App,Premium
O001980,C0378,2023-07-31,Beauty,2,48.0,96.0,59.52,9.6,False,South,Online,Regular
O000911,C0169,2023-05-08,Sports,3,80.14,240.41,91.36,48.08,True,West,Online,Regular
O009375,C1880,2024-11-22,Sports,1,108.18,140.63,53.44,28.13,False,West,Online,Occasional
O004508,C0907,2024-02-09,Home & Kitchen,1,5.0,4.25,1.78,0.0,False,West,Online,Regular
O003285,C0651,2023-03-06,Clothing,1,97.49,97.49,53.62,19.5,False,East,App,Occasional
O006823,C1362,2024-12-01,Sports,1,137.38,178.59,67.86,26.79,False,South,Partner,Premium
O004552,C0916,2023-01-28,Sports,1,82.74,70.33,26.73,10.55,False,East,Online,Regular
O004748,C0950,2023-02-15,Sports,2,86.67,147.33,55.99,0.0,False,North,Partner,Premium
O007865,C1557,2024-01-07,Electronics,1,499.54,424.61,93.41,63.69,False,West,Online,Regular
O009262,C1857,2024-01-08,Clothing,2,17.94,30.49,16.77,0.0,False,West,App,Occasional
O007572,C1500,2024-04-27,Electronics,1,532.72,532.72,117.2,53.27,False,North,Online,Regular
O001309,C0245,2024-01-15,Beauty,1,37.62,31.98,19.83,1.6,False,West,Retail,Regular
O007407,C1466,2024-03-28,Beauty,1,33.27,33.27,20.63,0.0,False,East,Online,Premium
O009113,C1834,2024-08-05,Electronics,1,421.87,421.87,92.81,0.0,False,East,Online,Regular
O002588,C0517,2024-02-08,Beauty,1,46.48,39.51,24.5,0.0,False,East,App,Premium
O009698,C1943,2023-05-16,Clothing,2,5.0,10.0,5.5,0.0,False,North,Online,Premium
O009713,C1945,2024-07-08,Home & Kitchen,1,87.51,87.51,36.75,13.13,False,West,Online,Premium
O001905,C0363,2023-09-16,Electronics,1,397.91,397.91,87.54,0.0,False,South,Partner,Regular
O008306,C1661,2023-08-02,Electronics,1,364.07,364.07,80.1,54.61,False,West,Online,Regular
O001734,C0331,2024-12-17,Electronics,2,494.61,1285.99,282.92,192.9,False,West,App,Premium
O003673,C0736,2023-12-15,Clothing,1,57.43,74.67,41.07,0.0,False,South,Partner,Premium
O007739,C1537,2023-11-08,Electronics,1,562.47,731.22,160.87,0.0,False,East,Online,Premium
O009281,C1862,2023-09-17,Beauty,1,82.14,82.14,50.93,0.0,False,Central,Online,Regular
O005143,C1023,2023-07-22,Electronics,2,291.13,582.25,128.1,0.0,False,South,App,Premium
O003415,C0679,2024-02-26,Sports,1,85.93,73.04,27.76,14.61,False,North,Online,Regular
O002187,C0422,2023-07-07,Sports,1,144.29,144.29,54.83,21.64,False,North,App,Regular
O001393,C0263,2024-01-18,Electronics,1,104.88,89.15,19.61,17.83,False,Central,Online,Premium
O003733,C0753,2023-06-25,Beauty,1,16.75,16.75,10.38,3.35,False,West,Online,Regular
O007087,C1413,2023-12-22,Electronics,1,234.56,304.93,67.08,0.0,False,Central,Retail,Regular
O001242,C0234,2023-04-17,Electronics,1,498.36,498.36,109.64,24.92,False,South,Online,Regular
O000809,C0148,2023-05-25,Clothing,1,45.07,45.07,24.79,4.51,False,South,Online,Regular
O006715,C1339,2024-11-05,Electronics,1,85.33,110.93,24.4,11.09,False,South,Retail,Occasional
O005994,C1186,2023-09-04,Sports,1,142.55,142.55,54.17,0.0,False,East,App,Premium
O005351,C1065,2024-11-10,Clothing,2,53.96,140.3,77.17,14.03,False,West,App,Premium
O007904,C1563,2024-08-06,Sports,1,105.3,105.3,40.01,15.79,False,East,Online,Regular
O004034,C0817,2023-10-16,Beauty,1,72.25,72.25,44.8,0.0,False,Central,App,Regular
O008294,C1660,2023-06-05,Clothing,1,110.01,110.01,60.51,11.0,False,East,Online,Premium
O001975,C0378,2023-02-11,Beauty,1,76.07,64.66,40.09,0.0,True,South,Online,Regular
O009348,C1875,2023-12-26,Beauty,1,34.89,45.36,28.12,0.0,False,Central,App,Premium
O008929,C1797,2023-11-25,Home & Kitchen,1,122.79,159.63,67.04,23.94,False,South,App,Regular
O006818,C1362,2023-08-22,Home & Kitchen,1,47.72,47.72,20.04,0.0,False,South,Partner,Premium
O008647,C1743,2023-10-25,Sports,2,193.0,385.99,146.68,0.0,False,South,App,Premium
O005084,C1009,2024-08-05,Beauty,2,47.71,95.42,59.16,0.0,False,Central,Partner,Premium
O006711,C1337,2024-01-21,Electronics,1,179.75,152.79,33.61,7.64,True,East,Partner,Regular
O008520,C1715,2023-03-07,Home & Kitchen,1,106.81,106.81,44.86,10.68,False,North,Partner,Occasional
O002960,C0579,2023-10-08,Clothing,1,74.41,74.41,40.93,0.0,False,North,Online,Regular
O009101,C1832,2023-12-01,Beauty,1,69.88,90.85,56.33,9.08,False,South,Online,Regular
O003497,C0698,2024-04-13,Clothing,1,94.55,94.55,52.0,0.0,False,West,Partner,Premium
O003143,C0621,2023-10-12,Electronics,1,525.88,525.88,115.69,0.0,False,South,Partner,Premium
O004220,C0848,2023-09-18,Beauty,1,5.0,5.0,3.1,0.5,False,East,Retail,Premium
O003693,C0741,2024-12-27,Sports,1,216.73,281.75,107.06,0.0,False,North,Online,Regular
O000731,C0135,2024-11-11,Clothing,2,42.48,110.46,60.75,0.0,False,Central,App,Regular
O003323,C0660,2023-02-16,Clothing,1,5.0,4.25,2.34,0.43,False,North,Online,Premium
O001738,C0332,2024-07-20,Sports,1,112.51,112.51,42.75,16.88,False,West,Retail,Regular
O007083,C1413,2023-08-04,Sports,1,56.9,56.9,21.62,2.84,False,Central,Retail,Regular
O000593,C0109,2023-03-24,Electronics,1,626.03,626.03,137.73,93.9,False,North,Online,Premium
O007446,C1474,2023-06-23,Sports,1,42.59,42.59,16.18,4.26,False,Central,Online,Regular
O008717,C1753,2023-07-08,Clothing,2,62.89,125.79,69.18,18.87,False,West,App,Occasional
O003681,C0738,2024-06-28,Beauty,1,47.92,47.92,29.71,7.19,False,West,App,Occasional
O000315,C0060,2024-07-29,Home & Kitchen,1,81.12,81.12,34.07,12.17,False,Central,Retail,Occasional
O008355,C1678,2024-10-17,Clothing,2,95.41,190.82,104.95,19.08,False,East,App,Regular
O007715,C1531,2023-08-15,Clothing,1,63.29,63.29,34.81,0.0,False,Central,Online,Premium
O005187,C1029,2024-12-27,Home & Kitchen,1,71.18,92.54,38.87,4.63,False,East,Online,Premium
O002049,C0396,2023-06-03,Clothing,1,120.63,120.63,66.35,12.06,False,West,Online,Occasional
O001185,C0226,2023-09-04,Sports,2,69.31,138.62,52.68,0.0,False,South,Online,Regular
O006042,C1196,2023-03-31,Beauty,1,49.73,49.73,30.83,2.49,False,East,App,Premium
O005540,C1108,2023-12-20,Sports,1,242.85,315.71,119.97,63.14,False,Central,Retail,Premium
O008610,C1733,2024-01-22,Sports,1,170.67,145.07,55.13,0.0,False,Central,Online,Premium
O003348,C0663,2024-09-17,Sports,1,277.5,277.5,105.45,41.62,False,South,Online,Premium
O007670,C1522,2024-04-14,Sports,1,136.15,136.15,51.74,20.42,False,North,App,Premium
O010008,C1995,2023-07-25,Beauty,3,5.0,15.0,9.3,0.0,False,East,App,Regular
O009089,C1830,2024-10-02,Clothing,2,101.03,202.07,111.14,10.1,False,North,Online,Premium
O001543,C0294,2023-07-12,Beauty,1,5.0,5.0,3.1,0.0,False,North,Online,Regular
O009892,C1972,2024-09-13,Clothing,2,137.25,274.5,150.98,0.0,True,North,Partner,Regular
O006639,C1324,2023-02-24,Home & Kitchen,1,141.75,120.49,50.61,18.07,False,South,Online,Occasional
O007498,C1485,2023-06-24,Clothing,1,32.77,32.77,18.02,0.0,False,West,App,Premium
O006213,C1228,2024-08-14,Sports,3,14.47,43.41,16.5,2.17,False,East,Online,Regular
O007791,C1545,2023-11-29,Sports,1,112.71,146.52,55.68,14.65,True,Central,App,Occasional
O003262,C0647,2024-01-03,Home & Kitchen,1,156.91,133.37,56.02,0.0,False,South,App,Occasional
O009538,C1919,2024-10-10,Sports,1,96.73,96.73,36.76,19.35,False,South,App,Regular
O003120,C0617,2024-10-10,Electronics,1,372.88,372.88,82.03,37.29,False,West,App,Premium
O005950,C1178,2024-10-22,Home & Kitchen,2,66.41,132.82,55.78,19.92,False,Central,App,Regular
O003579,C0713,2024-07-05,Beauty,1,26.56,26.56,16.47,5.31,False,East,Online,Premium
O002670,C0532,2023-12-27,Home & Kitchen,1,59.72,77.63,32.6,0.0,True,Central,Online,Regular
O009341,C1874,2023-11-08,Home & Kitchen,1,113.32,147.31,61.87,7.37,False,Central,Online,Regular
O002025,C0389,2024-06-13,Sports,1,49.32,49.32,18.74,2.47,False,West,Retail,Premium
O008189,C1635,2023-11-25,Beauty,1,64.64,84.04,52.1,0.0,False,North,Retail,Regular
O008599,C1732,2023-11-25,Clothing,1,90.05,117.07,64.39,11.71,False,Central,App,Regular
O008604,C1733,2023-07-25,Home & Kitchen,1,94.72,94.72,39.78,0.0,False,Central,Online,Premium
O004715,C0940,2024-03-28,Beauty,1,49.44,49.44,30.65,0.0,False,Central,Retail,Regular
O005453,C1091,2024-07-03,Home & Kitchen,1,78.26,78.26,32.87,15.65,False,North,Retail,Regular
O005025,C1002,2023-06-15,Electronics,3,5.0,15.0,3.3,0.0,True,East,App,Premium
O008581,C1729,2024-09-09,Clothing,2,93.51,187.02,102.86,0.0,False,Central,App,Regular
O000975,C0188,2024-01-31,Electronics,2,27.86,47.37,10.42,0.0,True,East,App,Regular
O006426,C1284,2024-08-27,Electronics,1,538.09,538.09,118.38,107.62,False,West,Online,Regular
O009078,C1827,2023-09-12,Home & Kitchen,2,15.21,30.43,12.78,6.09,False,North,Partner,Occasional
O005842,C1156,2024-12-25,Home & Kitchen,1,86.39,112.3,47.17,0.0,False,Central,Online,Regular
O003768,C0760,2024-03-24,Electronics,1,344.36,344.36,75.76,34.44,False,East,Online,Regular
O003161,C0624,2024-01-28,Home & Kitchen,1,68.37,58.11,24.41,0.0,False,West,Retail,Regular
O005287,C1051,2024-10-10,Beauty,1,57.23,57.23,35.48,0.0,False,West,App,Regular
O000628,C0114,2023-12-21,Sports,1,193.38,251.4,95.53,0.0,False,West,App,Regular
O004126,C0829,2024-07-28,Beauty,1,53.5,53.5,33.17,2.68,False,North,Online,Regular
O008864,C1781,2024-05-21,Sports,1,169.54,169.54,64.43,0.0,False,North,Online,Regular
O005929,C1174,2024-12-13,Clothing,1,77.88,101.24,55.68,15.19,False,West,Retail,Premium
O001027,C0197,2024-03-15,Sports,1,154.73,154.73,58.8,0.0,True,West,Online,Premium
O004835,C0962,2023-03-25,Clothing,2,100.0,199.99,109.99,40.0,False,Central,Online,Regular
O003837,C0774,2024-09-23,Home & Kitchen,1,93.28,93.28,39.18,13.99,False,South,Retail,Premium
O005106,C1013,2023-09-07,Clothing,1,13.81,13.81,7.6,1.38,False,West,Online,Regular
O001962,C0377,2024-04-20,Home & Kitchen,1,108.14,108.14,45.42,10.81,False,Central,Online,Premium
O008230,C1643,2024-06-13,Electronics,1,413.06,413.06,90.87,41.31,True,South,App,Regular
O007114,C1417,2023-09-27,Home & Kitchen,1,120.38,120.38,50.56,0.0,False,Central,App,Premium
O003289,C0652,2024-04-05,Electronics,1,89.02,89.02,19.58,0.0,False,North,Online,Regular
O005936,C1175,2024-05-03,Home & Kitchen,1,116.47,116.47,48.92,23.29,False,West,App,Regular
O008314,C1666,2024-03-05,Home & Kitchen,1,20.09,20.09,8.44,1.0,False,North,Online,Occasional
O004883,C0974,2023-02-09,Beauty,1,18.25,15.52,9.62,1.55,False,South,Online,Regular
O005881,C1167,2024-05-26,Electronics,1,251.65,251.65,55.36,37.75,False,North,Partner,Premium
O009734,C1947,2024-10-15,Home & Kitchen,2,138.51,277.01,116.34,55.4,False,West,Online,Premium
O002043,C0392,2023-08-24,Home & Kitchen,1,66.03,66.03,27.73,3.3,False,South,Online,Regular
O005356,C1065,2023-05-29,Clothing,1,24.89,24.89,13.69,4.98,False,West,App,Premium
O005315,C1060,2023-01-30,Home & Kitchen,1,113.41,96.4,40.49,0.0,True,West,Partner,Regular
O007128,C1418,2023-04-13,Beauty,1,63.1,63.1,39.12,9.46,False,East,Online,Premium
O000490,C0095,2024-02-23,Electronics,1,356.12,302.7,66.59,0.0,False,West,Online,Occasional
O009876,C1969,2023-02-09,Electronics,1,190.44,161.87,35.61,16.19,True,North,Retail,Premium
O002191,C0423,2023-09-05,Beauty,1,52.95,52.95,32.83,10.59,False,West,Online,Regular
O000865,C0157,2023-12-26,Sports,1,194.56,252.93,96.11,25.29,False,South,Partner,Premium
O001505,C0287,2024-02-24,Home & Kitchen,3,72.97,186.09,78.16,18.61,False,West,App,Premium
O001030,C0197,2024-08-13,Electronics,1,182.9,182.9,40.24,27.44,False,West,Online,Premium
O003097,C0611,2024-04-05,Home & Kitchen,1,97.4,97.4,40.91,4.87,False,North,App,Regular
O008387,C1687,2024-10-05,Clothing,1,53.08,53.08,29.19,7.96,False,Central,App,Regular
O003056,C0601,2024-03-21,Electronics,1,385.45,385.45,84.8,57.82,False,East,Retail,Premium
O001939,C0374,2024-01-03,Clothing,1,113.12,96.15,52.88,19.23,False,West,Online,Premium
O007959,C1579,2024-05-09,Beauty,2,78.06,156.11,96.79,15.61,False,North,Retail,Occasional
O006432,C1285,2024-05-31,Home & Kitchen,1,96.69,96.69,40.61,0.0,False,East,Online,Premium
O006398,C1278,2023-05-22,Clothing,1,150.04,150.04,82.52,15.0,False,South,App,Regular
O007915,C1568,2023-03-23,Sports,1,121.15,121.15,46.04,24.23,False,West,Online,Occasional
O003766,C0760,2024-05-18,Sports,2,91.08,182.17,69.22,27.33,False,East,Online,Regular
O006035,C1195,2023-09-02,Home & Kitchen,1,93.75,93.75,39.38,0.0,False,South,Online,Occasional
O009328,C1873,2023-07-15,Home & Kitchen,1,66.9,66.9,28.1,0.0,False,South,Online,Premium
O009994,C1991,2024-07-13,Electronics,1,440.15,440.15,96.83,22.01,False,East,Partner,Premium
O001120,C0212,2023-12-02,Clothing,2,125.59,326.52,179.59,0.0,False,North,App,Premium
O003838,C0774,2023-12-28,Sports,1,52.5,68.25,25.94,13.65,False,South,Retail,Premium
O006709,C1336,2024-02-08,Beauty,2,51.78,88.03,54.58,0.0,False,West,App,Regular
O003512,C0702,2024-10-22,Sports,2,78.16,156.31,59.4,0.0,False,North,Retail,Regular
O000844,C0153,2024-01-11,Beauty,1,50.06,42.55,26.38,4.26,False,Central,App,Regular
O007939,C1573,2023-07-21,Electronics,1,493.12,493.12,108.49,24.66,False,South,Retail,Occasional
O006648,C1325,2024-05-11,Clothing,1,16.14,16.14,8.88,1.61,False,West,App,Premium
O005259,C1043,2023-01-08,Clothing,1,98.67,83.87,46.13,4.19,False,East,Online,Regular
O004427,C0891,2024-10-04,Home & Kitchen,1,96.12,96.12,40.37,9.61,False,North,App,Premium
O009084,C1829,2023-01-26,Electronics,1,157.46,133.84,29.44,0.0,False,North,Online,Regular
O008411,C1693,2023-04-02,Electronics,1,492.79,492.79,108.41,0.0,False,North,Online,Regular
O001668,C0319,2023-11-20,Beauty,1,5.93,7.7,4.77,0.0,False,West,App,Regular
O007738,C1536,2024-06-26,Beauty,1,41.31,41.31,25.61,0.0,False,East,Online,Regular
O007562,C1498,2023-11-05,Clothing,2,22.0,57.19,31.45,0.0,False,North,Online,Regular
O003546,C0708,2024-12-25,Home & Kitchen,1,52.75,68.58,28.8,0.0,False,North,Retail,Regular
O000581,C0107,2023-07-03,Electronics,2,432.61,865.21,190.35,0.0,False,East,Online,Occasional
O000056,C0009,2024-02-14,Clothing,1,65.69,55.83,30.71,8.37,False,East,Online,Occasional
O002346,C0462,2023-08-25,Beauty,1,5.0,5.0,3.1,1.0,False,West,Online,Regular
O003585,C0714,2024-09-11,Sports,1,36.34,36.34,13.81,3.63,False,North,Online,Occasional
O002692,C0536,2024-07-08,Sports,1,209.44,209.44,79.59,31.42,False,West,Online,Regular
O004242,C0854,2023-01-14,Electronics,1,506.54,430.56,94.72,0.0,False,West,Online,Regular
O000113,C0024,2024-03-31,Clothing,2,91.32,182.64,100.45,0.0,False,North,App,Premium
O009629,C1934,2024-02-18,Sports,1,125.18,106.4,40.43,0.0,True,North,Online,Occasional
O008146,C1627,2024-05-15,Home & Kitchen,1,58.96,58.96,24.76,8.84,False,North,Partner,Regular
O009893,C1972,2024-12-06,Sports,1,95.57,124.24,47.21,0.0,False,North,Partner,Regular
O006318,C1252,2023-10-28,Clothing,1,55.69,55.69,30.63,5.57,False,Central,Partner,Regular
O006361,C1265,2024-02-17,Clothing,1,54.73,46.52,25.59,0.0,False,Central,App,Regular
O001614,C0308,2023-10-06,Home & Kitchen,1,85.0,85.0,35.7,17.0,False,West,Retail,Regular
O003306,C0653,2023-06-26,Electronics,1,363.96,363.96,80.07,54.59,False,West,Partner,Premium
O003038,C0599,2023-04-22,Beauty,1,59.31,59.31,36.77,8.9,False,North,Online,Regular
O003913,C0788,2024-01-09,Beauty,2,23.49,39.93,24.76,2.0,False,West,Online,Premium
O002869,C0566,2023-01-02,Clothing,1,51.35,43.65,24.01,0.0,False,South,Online,Regular
O000047,C0008,2024-06-11,Beauty,1,37.66,37.66,23.35,1.88,False,West,Online,Premium
